tree
version=v4
num_class=1
num_tree_per_iteration=1
label_index=0
max_feature_idx=94
objective=binary sigmoid:1
feature_names=馬番 性 齢 斤量 クラス 芝・ダート 距離 回り 馬場 天気 場id 馬番1 斤量1 オッズ1 体重1 体重変化1 上がり1 通過順1 着順1 距離1 クラス1 走破時間1 芝・ダート1 天気1 馬場1 馬番2 斤量2 オッズ2 体重2 体重変化2 上がり2 通過順2 着順2 距離2 クラス2 走破時間2 芝・ダート2 天気2 馬場2 馬番3 斤量3 オッズ3 体重3 体重変化3 上がり3 通過順3 着順3 距離3 クラス3 走破時間3 芝・ダート3 天気3 馬場3 馬番4 斤量4 オッズ4 体重4 体重変化4 上がり4 通過順4 着順4 距離4 クラス4 走破時間4 芝・ダート4 天気4 馬場4 馬番5 斤量5 オッズ5 体重5 体重変化5 上がり5 通過順5 着順5 距離5 クラス5 走破時間5 芝・ダート5 天気5 馬場5 距離差 日付差 距離差1 日付差1 距離差2 日付差2 距離差3 日付差3 距離差4 日付差4 平均斤量 勝率 連対率 複勝率
feature_infos=[1:18] [0:2] [1:9] [48:64] [0:7] [0:2] [1000:4250] [0:3] [0:3] [0:4] [0:9] [1:18] [48:64] [1.1000000000000001:999.89999999999998] [340:630] [-42:66] [12.800000000000001:90.799999999999997] [1:18] [1:18] [1000:4250] [0:7] [-3.2035892051973622:1.762819165411009] [0:2] [0:4] [0:3] [1:18] [48:64] [1.1000000000000001:999.89999999999998] [340:626] [-42:66] [12.800000000000001:77.400000000000006] [1:18] [1:18] [1000:4250] [0:7] [-3.2035892051973622:1.762819165411009] [0:2] [0:4] [0:3] [1:18] [48:64] [1.1000000000000001:999.89999999999998] [340:618] [-41:66] [12.800000000000001:77.400000000000006] [1:18] [1:18] [1000:4250] [0:7] [-3.2035892051973622:1.751835064176281] [0:2] [0:4] [0:3] [1:18] [48:64] [1.1000000000000001:999.89999999999998] [340:618] [-41:66] [12.800000000000001:77.400000000000006] [1:18] [1:18] [1000:4250] [0:7] [-3.2035892051973622:1.751835064176281] [0:2] [0:4] [0:3] [1:18] [48:63] [1.1000000000000001:999.89999999999998] [340:602] [-41:66] [12.800000000000001:77.400000000000006] [1:18] [1:18] [1000:4250] [0:7] [-3.2035892051973622:1.751835064176281] [0:2] [0:4] [0:3] [-2250:2100] [5:1205] [-2250:2100] [5:1205] [-2250:2100] [5:974] [-2250:2100] [5:974] [-2170:2100] [5:974] [49:62.5] [0:0.5] [0:1] [0:1]
tree_sizes=3602 3583 3602 3600 3603 3596 3609 3624 3620 3612 3629 3603 3627 3621 3632 3626 3614 3629 3631 3612 3631 3641 3634 3641 3643 3645 3625 3633 3637 3628 3644 3634 3636 3617 3623 3649 3640 3639 3630 3645 3634 3658 3635 3633 3646 3635 3622 3645 3653 3618 3667 3621 3632 3630 3610 3646 3630 3633 3629 3640 3627 3641 3611 3612 3634 3633 3594 3602 3627 3615 3625 3596 3646 3595 3603 3616 3619 3619 3591 3621 3623 3625 3617 3586 3618 3635 3577 3586 3575 3591 3604 3600 3631 3602 3615 3590 3587 3586 3587 3577

Tree=0
num_leaves=32
num_cat=0
split_feature=18 69 82 13 32 82 82 77 94 94 13 13 18 18 18 13 13 13 13 13 27 82 27 94 82 18 13 13 2 76 13
split_gain=26337.4 7527.91 3512.41 3635.5 2625.55 2382.31 1662.12 721.2 662.152 602.797 590.13 520.909 333.311 320.722 296.076 258.588 239.983 229.729 215.032 188.51 171.306 161.216 159.655 156.534 127.142 123.028 118.424 118.037 111.174 109.656 108.443
threshold=4.5000000000000009 102.95000000000002 504.50000000000006 20.750000000000004 3.5000000000000004 1.0000000180025095e-35 545.50000000000011 1.1788311164313121 0.20072698324977958 0.23952926423631887 33.150000000000013 67.850000000000009 1.5000000000000002 7.5000000000000009 1.5000000000000002 5.7500000000000009 4.6500000000000012 8.8500000000000032 35.350000000000001 6.2500000000000009 33.45000000000001 742.50000000000011 81.950000000000017 0.32666383046611186 232.50000000000003 6.5000000000000009 6.3500000000000005 22.050000000000004 3.5000000000000004 3.5000000000000004 62.350000000000001
decision_type=8 8 8 10 10 10 8 8 2 2 10 10 10 10 10 10 10 10 10 10 10 8 10 2 8 10 10 10 2 8 10
left_child=4 2 3 9 5 -1 10 11 13 19 14 27 23 30 26 -11 -14 -16 21 -2 28 -9 -15 -7 -13 -21 -6 -3 -10 -12 -5
right_child=1 7 -4 8 6 12 -8 18 20 15 29 24 16 22 17 -17 -18 -19 -20 25 -22 -23 -24 -25 -26 -27 -28 -29 -30 -31 -32
leaf_value=0.19901309373001658 0.03432164332335505 -0.0065389719575227392 -0.1998008407105509 -0.029396638002488179 0.054556069913545335 0.040621179046790717 -0.19913246543980093 -0.11722598911555381 0.012161130627783918 0.079840493098614698 0.023757708134109146 -0.12546170657551903 0.12812860544066931 -0.088563790798166148 0.098134782138220161 0.031917597404919437 0.086716326737360711 0.058230191395590263 -0.18329477527137772 0.013751503329534984 -0.056580394989191776 -0.17621517371666898 -0.13419495978652649 0.097497213703479746 -0.1999999918939149 -0.027484043300833448 -0.0034448582371081273 -0.076021729949549199 -0.033015795063114556 -0.031217244093094031 -0.081475138223474117
leaf_weight=2919.411123290658 1076.2709540873766 424.69853118062019 1146.0111417174339 1072.8982449173927 733.40115824341774 1436.9793535023928 263.08070945739746 1147.0203013271093 986.45042082667351 1759.9998338669538 774.16853819787502 1475.8403213918209 2611.0904571861029 2887.7829342335463 2834.7372383773327 3125.4930462986231 3015.2914054840803 2937.8237869292498 3224.2716345489025 1078.4100926667452 1502.2258399128914 777.24316994845867 1043.9486127644777 729.57401502132416 270.8336278796196 2198.7380910515785 676.94891230762005 576.19637960195541 1216.4278813451529 682.86531880497932 637.36806157231331
leaf_count=5149 3890 1730 7157 4646 2484 5092 1641 6099 3811 5461 2890 7984 6685 14425 8213 11381 9123 9829 19538 4147 6964 4648 5750 2119 1692 9474 2734 2797 5317 2971 3133
internal_value=8.10609e-09 -0.0629126 -0.0298922 -0.0194157 0.088612 0.121965 0.0484805 -0.145429 -0.0633861 0.0250697 0.0560202 -0.104059 0.0931015 -0.0849548 0.0677909 0.0491818 0.105935 0.0778262 -0.167507 -0.00198949 -0.0305421 -0.141053 -0.10068 0.0597738 -0.137019 -0.0139147 0.0267164 -0.0465389 -0.0127855 -0.0020073 -0.0488048
internal_weight=0 27628.1 19732 18586 19615.4 10712.3 8903.03 7896.1 9347.1 9238.91 8639.94 2747.57 7792.94 5642 7182.91 4885.49 5626.38 5772.56 5148.54 4353.42 3705.1 1924.26 3931.73 2166.55 1746.67 3277.15 1410.35 1000.89 2202.88 1457.03 1710.27
internal_count=188974 130044 85556 78399 58930 28168 30762 44488 44046 34353 29121 14203 23019 27954 23260 16842 15808 18042 30285 17511 16092 10747 20175 7211 9676 13621 5218 4527 9128 5861 7779
is_linear=0
shrinkage=1


Tree=1
num_leaves=32
num_cat=0
split_feature=18 69 32 82 13 82 82 13 18 94 73 93 13 94 4 94 70 27 13 13 13 13 18 18 13 13 4 76 4 90 4
split_gain=21532 5167.14 3271.1 2136.7 2221.05 2124.29 1876.85 912.631 818.919 501.759 449.272 384.474 314.273 290.448 225.262 223.971 217.999 174.347 173.904 170.168 156.463 151.795 131.204 151.73 129.361 111.751 104.661 101.936 98.4622 92.5348 90.6957
threshold=5.5000000000000009 102.95000000000002 3.5000000000000004 504.50000000000006 21.350000000000005 1.0000000180025095e-35 518.50000000000011 17.450000000000003 3.5000000000000004 0.17251791819238846 17.583333333333339 0.14802698693187907 67.850000000000009 0.3029541098207239 3.5000000000000004 0.25756797206285859 385.00000000000006 29.050000000000004 53.550000000000004 5.8500000000000005 65.550000000000011 22.050000000000004 1.5000000000000002 2.5000000000000004 13.250000000000002 13.450000000000001 3.5000000000000004 4.5000000000000009 5.5000000000000009 391.50000000000006 5.5000000000000009
decision_type=8 8 8 8 8 10 8 10 10 2 8 2 10 2 2 2 10 10 10 10 10 10 10 10 10 10 2 8 2 8 2
left_child=2 3 5 4 11 -1 7 15 -8 20 12 25 -3 14 -7 22 -9 29 26 -13 -6 -12 -4 -24 -16 -2 -18 -25 -17 -11 -15
right_child=1 10 6 -5 9 13 8 16 -10 17 21 19 -14 30 24 28 18 -19 -20 -21 -22 -23 23 27 -26 -27 -28 -29 -30 -31 -32
leaf_value=0.18195391326622551 0.0015035239930609298 -0.053027358911023795 0.0036554527363377742 -0.18164882372115204 -0.06833201320780892 0.094799125548308702 0.17174358007030771 -0.086524103806151609 -0.18230151063880015 -0.03296618185528688 -0.12532265697029055 0.06282020041807912 -0.12792706517414096 0.11287502758499331 0.060401075644677532 0.088105664469571437 0.046462631203184841 -0.059233228516345118 -0.022518365773053148 0.019108393900140158 -0.10739105475525895 -0.16580716899224096 0.091912837300417605 0.051563880403354939 0.009094540288842037 -0.036442559195772078 0.0067121984312441367 -0.0018963532503494572 0.042924701821199167 0.011352659833754126 0.075427824525121506
leaf_weight=2811.8118674755096 2174.8642187714577 842.02330702543259 631.60707426071167 948.75220422446728 2084.1170306950808 1828.1858002692461 74.386283278465271 251.96508836746216 536.7185642272234 1407.2425392121077 1259.0895755887032 1340.8213216662407 1673.7918952405453 2698.0442796945572 2683.7125794142485 2923.3863831460476 1140.3308203071356 2014.6623307913542 1185.5646934807301 2652.3037034720182 2019.208742827177 3502.4261324107647 772.41579437255859 1672.3269628882408 601.5822735875845 1206.7194213122129 1580.287488386035 453.36074754595757 577.65653990209103 708.21134869754314 850.6929917037487
leaf_count=4977 8666 3922 2483 5984 10132 5190 141 1274 3383 6203 7042 4309 9396 7093 8713 8585 3935 9552 5081 9960 10770 21347 2226 5611 2309 5353 6182 1803 1995 2754 2603
internal_value=0 -0.0668102 0.068414 -0.0359413 -0.0270844 0.106432 0.0314458 0.0407663 -0.139206 -0.0627858 -0.137041 0.0127742 -0.102859 0.0819176 0.0666631 0.0627299 0.00362949 -0.0381796 0.00944477 0.0337861 -0.0875526 -0.155102 0.0449543 0.0539549 0.0510061 -0.0120376 0.0233734 0.040162 0.080651 -0.0181291 0.103898
internal_weight=0 23834.2 23274 16556.9 15608.2 11474 11800 11188.9 611.105 8233.44 7277.33 7374.71 2515.82 8662.22 5113.48 7030.75 4158.15 4130.12 3906.18 3993.13 4103.33 4761.52 3529.71 2898.1 3285.29 3381.58 2720.62 2125.69 3501.04 2115.45 3548.74
internal_count=188974 115390 73584 73683 67699 30885 42699 39175 3524 39411 41707 28288 13318 25908 16212 22703 16472 18509 15198 14269 20902 28389 12123 9640 11022 14019 10117 7414 10580 8957 9696
is_linear=0
shrinkage=0.1


Tree=2
num_leaves=32
num_cat=0
split_feature=18 69 82 13 32 82 82 13 77 13 92 13 94 18 18 13 18 13 18 94 18 27 82 82 94 13 13 18 76 13 27
split_gain=17656.2 5123.24 2411.53 2426.26 1763.91 1714.8 1127.48 544.478 513.468 393.833 388.23 351.795 272.354 260.105 216.728 187.788 179.691 163.972 163.634 156.882 151.772 119.942 113.987 107.547 91.9521 91.5997 89.81 84.7321 82.6866 81.9881 81.3246
threshold=4.5000000000000009 102.95000000000002 504.50000000000006 17.150000000000002 3.5000000000000004 1.0000000180025095e-35 511.50000000000006 62.350000000000001 1.1788311164313121 33.150000000000013 0.10239625977591062 67.850000000000009 0.24375981408203004 1.5000000000000002 1.5000000000000002 4.9500000000000011 7.5000000000000009 8.8500000000000032 8.5000000000000018 0.20072698324977958 8.5000000000000018 5.3500000000000005 17.500000000000004 232.50000000000003 0.22910733774427883 22.050000000000004 6.3500000000000005 3.5000000000000004 3.5000000000000004 5.4500000000000011 6.2500000000000009
decision_type=8 8 8 10 10 10 8 10 8 10 2 10 2 10 10 10 10 10 10 2 10 8 10 8 2 10 10 10 8 10 10
left_child=4 2 3 10 5 -1 9 12 11 14 16 25 20 21 26 -15 -2 -16 22 -9 -5 -7 -10 24 -13 -3 -6 -19 -11 -12 -18
right_child=1 8 -4 7 6 13 -8 19 18 28 29 23 -14 15 17 -17 30 27 -20 -21 -22 -23 -24 -25 -26 -27 -28 -29 -30 -31 -32
leaf_value=0.16739123289493182 0.02750552344156151 -0.0032257137628294609 -0.16808145512243555 -0.025831371398588567 0.045002731394451441 0.067042157881339076 -0.16696912824980481 -0.090989274843992274 -0.13964975164076276 0.021184613932940067 0.07843440965730962 -0.11283699878981768 -0.00085546045742181738 0.10614322228556411 0.081723969279069553 0.069428635680924375 0.015379745490649339 0.061304349144400444 -0.1525141847317853 -0.047730492640281647 -0.063182797337067539 0.019332020483275671 -0.087697095167606431 -0.17187888396713527 -0.041537075277935653 -0.064499123141692857 -0.0055631961667729343 0.026303422515723807 -0.026570148576507836 0.04208991436637307 -0.020986958739331169
leaf_weight=2816.3812905400991 2864.6709536463022 424.30845759809017 1105.3066400885582 2166.4971425682306 730.5398858487606 1238.9460742920637 255.46373976767063 2695.3984328359365 865.73899286985397 773.68173430860043 1054.7844263464212 1241.6010506004095 2116.9390341043472 2766.739426612854 2813.3740926384926 2806.0544921159744 940.63887530565262 1808.6840335279703 3327.7694617509842 1216.8075206726789 2185.0556785166264 916.88094054162502 824.53496930003166 263.57169818878174 211.72058980166912 574.06604911386967 676.50966422259808 1119.9198731929064 682.35907261073589 1508.1743205785751 1775.7659190148115
leaf_count=5149 10417 1730 7157 9477 2481 3850 1649 14227 5215 2889 3133 6967 8566 7216 8211 8592 3568 5790 20638 5641 10642 3361 4432 1692 1017 2797 2733 4038 2971 5206 7522
internal_value=0 -0.0517508 -0.024592 -0.0160305 0.072953 0.100589 0.0400626 -0.0480858 -0.12069 0.0462089 0.0248284 -0.0856603 -0.0302748 0.0762462 0.0558636 0.0876564 0.0100327 0.0644827 -0.139644 -0.0775346 -0.0445867 0.0467509 -0.114307 -0.113108 -0.10245 -0.038458 0.0206906 0.0479197 -0.00119518 0.0570475 -0.00839387
internal_weight=0 27363.4 19630 18524.7 19405.5 10545 8860.53 10380.7 7733.31 8605.07 8144.03 2715.27 6468.49 7728.62 7149.03 5572.79 5581.08 5741.98 5018.04 3912.21 4351.55 2155.83 1690.27 1716.89 1453.32 998.375 1407.05 2928.6 1456.04 2562.96 2716.4
internal_count=188974 130044 85556 78399 58930 28168 30762 48553 44488 29113 29846 14203 28685 23019 23253 15808 21507 18039 30285 19868 20119 7211 9647 9676 7984 4527 5214 9828 5860 8339 11090
is_linear=0
shrinkage=0.1


Tree=3
num_leaves=32
num_cat=0
split_feature=18 69 32 82 82 13 82 13 18 94 32 13 94 93 70 4 90 76 94 94 27 13 82 13 18 76 13 18 18 93 4
split_gain=14558.6 3640.02 2263.14 1637.77 1549.35 1503.81 1307.48 626.271 580.118 392.591 343.411 276.405 229.429 196.817 186.829 183.784 147.902 137.952 136.329 131.627 119.53 111.753 102.874 94.701 91.9667 98.2354 89.9593 88.0386 133.105 84.2607 79.5409
threshold=5.5000000000000009 107.65000000000002 3.5000000000000004 1.0000000180025095e-35 504.50000000000006 21.050000000000004 518.50000000000011 13.750000000000002 3.5000000000000004 0.169008567523419 5.5000000000000009 7.4500000000000011 0.3029541098207239 0.14505185799330778 417.00000000000006 5.5000000000000009 387.50000000000006 4.5000000000000009 0.27660773470546229 0.32256123240867041 20.350000000000005 96.050000000000011 232.50000000000003 59.150000000000013 1.5000000000000002 4.5000000000000009 176.25000000000003 1.5000000000000002 2.5000000000000004 0.13623188405797101 4.5000000000000009
decision_type=8 8 8 10 8 10 8 10 10 2 8 10 2 2 10 2 8 8 2 2 10 10 8 10 10 8 10 10 10 2 2
left_child=2 4 3 -1 5 11 7 18 -8 21 -3 29 15 17 23 27 20 -9 24 -13 -11 -7 26 -12 -4 -26 -16 -5 -29 -2 -15
right_child=1 10 6 12 -6 9 8 13 -10 16 14 19 -14 30 22 -17 -18 -19 -20 -21 -22 -23 -24 -25 25 -27 -28 28 -30 -31 -32
leaf_value=0.15778977225483257 0.0093380738153465096 -0.050193746454686917 0.0072125573019139388 0.032143813637233704 -0.15750778437390064 -0.062999948101757547 0.14841502189108066 0.0026821128464665101 -0.15860531086830698 -0.019864648365999618 -0.11893985180859011 -0.012243748123482692 0.087369242900915245 0.042773778294794278 -0.070542405070092712 0.01378219007170782 -0.0064926154912834395 -0.048534132466560437 0.071533038908502891 0.036818787061079487 -0.061247537961117052 -0.099026208671699811 -0.160237361261723 -0.14863637927505799 0.059097637779599747 0.011087418254219425 -0.11991098923935645 0.095945362280514271 0.054790940363476773 0.046264525938001455 0.00090622639934455568
leaf_weight=2636.5298028588295 901.82150442898273 699.27390718460083 633.70357872545719 753.35566213726997 901.43566006422043 2574.3885308653116 70.096424773335457 2177.0530909150839 504.38803063333035 1159.5949749201536 1936.0149012804031 3805.3666069209576 3485.983144313097 1516.7486859411001 1022.595658197999 926.82122437655926 1544.404059484601 693.41990381479263 2769.5387580692768 638.58565236628056 1753.2855680435896 1293.7404212206602 227.43593628704548 2411.353224799037 2148.297141045332 531.66006277501583 577.57275070250034 1244.143009096384 2133.6516006439924 1963.0942043364048 647.47687508165836
leaf_count=4977 3483 3461 2443 2638 6064 12894 141 8609 3383 5039 11690 15799 9696 5252 5319 3421 6502 3211 8321 2235 8596 7190 1507 15654 6775 1998 3405 3347 6806 6552 2566
internal_value=0 -0.0554545 0.056724 0.0888914 -0.03003 -0.0226799 0.0259649 0.0335663 -0.121144 -0.0517388 -0.116612 0.0104206 0.0676305 0.00747779 -0.124134 0.0540264 -0.0315095 -0.00969019 0.0551582 -0.00519358 -0.0447733 -0.0750493 -0.0973063 -0.135412 0.0414722 0.0495732 -0.0883617 0.0630551 0.0699493 0.0346408 0.0302482
internal_weight=0 23410 22872.9 11180.5 16535.7 15634.3 11692.4 11117.9 574.484 8325.41 6874.25 7308.87 8543.95 5034.7 6174.97 5057.97 4457.28 2870.47 6083.2 4443.95 2912.88 3868.13 1827.6 4347.37 3313.66 2679.96 1600.17 4131.15 3377.79 2864.92 2164.23
internal_count=188974 115390 73584 30885 74354 68290 42699 39175 3524 40221 41036 28069 25908 19638 37575 16212 20137 11820 19537 18034 13635 20084 10231 27344 11216 8773 8724 12791 10153 10035 7818
is_linear=0
shrinkage=0.1


Tree=4
num_leaves=32
num_cat=0
split_feature=18 69 82 13 82 18 13 13 77 18 13 94 4 94 94 70 18 13 18 82 93 18 93 18 41 82 75 92 94 4 16
split_gain=12046.9 3667.18 1771.74 1640.94 1312.9 1962.05 599.407 481.03 415.103 298.772 267.276 238.815 195.898 172.893 164.572 162.99 156.013 151.654 127.222 122.46 117.21 115.756 102.57 91.1227 88.6573 87.8208 87.619 84.0393 80.0351 79.4104 76.7434
threshold=4.5000000000000009 102.95000000000002 504.50000000000006 14.050000000000002 1.0000000180025095e-35 3.5000000000000004 9.0500000000000025 43.850000000000001 1.1788311164313121 1.5000000000000002 67.850000000000009 0.31871520913536572 4.5000000000000009 0.21532227666792306 0.25153434317054063 385.00000000000006 2.5000000000000004 35.350000000000001 7.5000000000000009 742.50000000000011 0.28613604949206223 9.5000000000000018 0.12270557530783162 7.5000000000000009 12.050000000000002 232.50000000000003 3185.0000000000005 0.069905956222667168 0.18207516864760684 5.5000000000000009 35.95000000000001
decision_type=8 8 8 10 10 10 10 10 8 10 10 2 2 2 2 10 10 10 10 8 2 10 2 10 8 8 8 2 2 2 10
left_child=4 2 3 11 5 -1 9 14 10 20 27 18 15 21 23 -8 29 19 -2 28 30 -9 -17 -5 -14 -12 -18 -3 -10 -11 -6
right_child=1 8 -4 7 6 -7 12 13 17 16 25 -13 24 -15 -16 22 26 -19 -20 -21 -22 -23 -24 -25 -26 -27 -28 -29 -30 -31 -32
leaf_value=0.14937860918945517 0.028683867894075156 -0.048260276345120756 -0.149084732884642 -0.010472747927884796 0.047455915500429297 -0.15092628642584149 -0.039202526937604974 -0.051869555848813975 -0.10842153262901769 0.099664183450877089 -0.086559113018575759 0.055959920567654697 0.024869119065010832 -0.031748234890746289 0.0067148028608660267 0.025691675620431117 0.066946422015834797 -0.13505650278476364 -0.002780926863963749 -0.13030882697350893 0.086664567016975225 -0.087188102426575612 0.056982322994791494 -0.041017316651505355 -0.018524040015481105 -0.15163435635376424 -0.0058726002933494649 0.017163313672761426 -0.053589715304725054 0.046733781999666012 0.011768120488671031
leaf_weight=2577.7607976198196 2730.6751701682806 721.14989653229713 1013.8765652179718 1640.7749033719301 1220.055954888463 237.61758348345757 259.13608436286449 1774.0743154138327 465.19010215997696 2683.1433691829443 1406.204673781991 1825.8339402079582 811.1088720113039 1687.0251071155071 1947.4675760418177 1949.3445992916822 3700.3703397363424 2924.8050437122583 2427.2694611698389 715.68648035824299 427.16729873418808 1945.7646407037973 2264.6199900507927 2413.1633718162775 1122.3479163050652 243.25307139754295 172.96097610890865 269.79804852604866 622.33405400812626 316.92309407889843 1190.5529888421297
leaf_count=5104 9723 3450 7157 6909 4012 1672 1136 8864 2791 6959 7984 5797 2914 7656 7664 6987 11031 19538 9712 4648 1184 10698 7198 11376 4651 1692 659 1077 3308 1020 4403
internal_value=0 -0.0431965 -0.0203917 -0.0132974 0.061026 0.124033 0.0500202 -0.0366678 -0.103257 0.0656836 -0.0714957 0.0248791 0.0262774 -0.0583015 -0.0171773 0.0377739 0.076954 -0.120994 0.0138769 -0.0981846 0.0383856 -0.0703439 0.0425075 -0.0286548 -0.000320077 -0.0961561 0.0636947 -0.0304479 -0.0770441 0.0940727 0.0298304
internal_weight=0 26774.3 19405.9 18392 18933.1 2815.38 16117.7 11408.3 7368.42 9711.17 2640.41 6983.78 6406.56 5406.86 6001.41 4473.1 6873.4 4728.02 5157.94 1803.21 2837.78 3719.84 4213.96 4053.94 1933.46 1649.46 3873.33 990.948 1087.52 3000.07 2410.61
internal_count=188974 130044 85556 78399 58930 6776 52154 53167 44488 29268 14203 25232 22886 27218 25949 15321 19669 30285 19435 10747 9599 19562 14185 18285 7565 9676 11690 4527 6099 7979 8415
is_linear=0
shrinkage=0.1


Tree=5
num_leaves=32
num_cat=0
split_feature=18 69 32 82 82 13 82 13 18 32 13 94 4 94 92 82 18 18 94 82 94 93 27 27 93 70 76 92 82 94 76
split_gain=9944.93 2677.31 1658.11 1361.51 1177.88 1034.28 933.404 463.452 363.884 300.083 288.5 218.417 197.391 191.599 161.67 141.729 128.84 118.101 104.742 101.99 99.2731 97.6224 96.7714 94.5071 93.7749 91.0407 90.7832 85.8249 83.3042 77.3553 68.5593
threshold=5.5000000000000009 107.65000000000002 3.5000000000000004 1.0000000180025095e-35 504.50000000000006 32.050000000000004 315.50000000000006 33.650000000000013 3.5000000000000004 7.5000000000000009 8.8500000000000032 0.27005767863976821 3.5000000000000004 0.25756797206285859 0.059740418801470359 714.50000000000011 9.5000000000000018 8.5000000000000018 0.24375981408203004 78.500000000000014 0.25495539580211957 0.37371861536175904 10.65 81.950000000000017 0.13623188405797101 433.00000000000006 4.5000000000000009 0.056417521508934455 356.50000000000006 0.40346320346320352 4.5000000000000009
decision_type=8 8 8 10 8 10 8 10 10 8 10 2 2 2 2 8 10 10 2 10 2 2 8 10 2 10 8 2 8 2 8
left_child=2 4 3 -1 5 10 7 13 -8 15 24 16 25 19 -14 27 -7 20 -12 22 -11 -16 -4 -18 -2 -5 -9 30 -19 -15 -3
right_child=1 9 6 12 -6 11 8 26 -10 17 18 -13 14 29 21 -17 23 28 -20 -21 -22 -23 -24 -25 -26 -27 -28 -29 -30 -31 -32
leaf_value=0.14250592848929597 0.002192500936132533 -0.045335048979956515 0.047346820770623042 0.035968652695831951 -0.1422271251163825 -0.041494122763706419 0.083548568988681349 -0.0016124449434866261 -0.13977704208710937 -0.10005846212161976 -0.022070795468211689 -0.0099360157686446335 0.017653239135751394 0.047297532743597805 0.049649682435777505 -0.14782113272631425 -0.061395036555570416 -0.11273673828512643 0.005934816305379626 -0.019795848758439746 -0.027243717202593283 0.094177512656365467 0.016782347619702483 -0.10205906713647697 0.036788123069376226 0.085187538952761002 -0.048043154594275918 -0.024120868419843733 -0.14628903956707609 0.083242752867043912 -0.10347344780089625
leaf_weight=2377.5136169493198 1177.2523396760225 412.60759191215038 1732.2478804290295 442.95405499637127 812.99957813322544 2413.2031893134117 86.345300897955894 1601.1972202956676 470.65063804388046 962.56473521888256 3463.2628673017025 1130.3926327675581 1506.8481494486332 3286.5624243915081 3367.0678865164518 176.04322846233845 1998.2135855257511 2659.7179768532515 2173.6295243799686 474.12840488553047 232.45445670187473 576.69338651001453 2576.8537465631962 800.49688763916492 2342.6168656945229 2479.3774700164795 571.3806277513504 603.56679193675518 1025.2187931090593 732.05272373557091 398.95687158405781
leaf_count=4977 4639 2095 5678 1468 6064 11868 241 6477 3446 6048 15331 4864 5414 10638 10719 1258 10426 17455 8474 1942 1251 1517 9480 4710 7978 6790 2745 3016 7407 2052 2506
internal_value=0 -0.04649 0.0474689 0.0757215 -0.0248987 -0.0187443 0.0211297 0.0275393 -0.105157 -0.100916 0.00275477 -0.0497837 0.0567579 0.037749 0.0455153 -0.0632039 -0.0584262 -0.113212 -0.0112716 0.0242255 -0.0858946 0.056161 0.0290692 -0.0730259 0.0252173 0.0777272 -0.0138236 -0.0526775 -0.122072 0.0538455 -0.0739153
internal_weight=0 22783.2 22281.9 10750.5 16312.1 15499.1 11531.4 10974.4 556.996 6471.13 9156.76 6342.31 8372.94 8801.85 5450.61 1591.17 5211.91 4879.96 5636.89 4783.23 1195.02 3943.76 4309.1 2798.71 3519.87 2922.33 2172.58 1415.13 3684.94 4018.62 811.564
internal_count=188974 115390 73584 30885 74354 68290 42699 39012 3687 41036 36422 31868 25908 29790 17650 8875 27004 32161 23805 17100 7299 12236 15158 15136 12617 8258 9222 7617 24862 12690 4601
is_linear=0
shrinkage=0.1


Tree=6
num_leaves=32
num_cat=0
split_feature=18 69 82 13 82 18 13 13 94 18 18 13 4 18 82 70 18 27 27 27 13 94 2 13 18 11 92 61 94 20 4
split_gain=8284.36 2753.72 1536.89 1426.09 1124.49 1469.82 444.451 363.055 263.861 245.851 165.27 156.655 154.642 152.161 136.926 136.378 133.377 113.656 112.26 101.072 92.5343 90.1465 87.0439 86.6966 77.6915 73.4173 81.6006 72.0017 71.714 71.0031 68.2012
threshold=4.5000000000000009 268.15000000000003 465.50000000000006 31.550000000000004 1.0000000180025095e-35 3.5000000000000004 9.0500000000000025 6.9500000000000011 0.21532227666792306 1.5000000000000002 7.5000000000000009 54.45000000000001 3.5000000000000004 8.5000000000000018 742.50000000000011 407.00000000000006 2.5000000000000004 20.350000000000005 27.250000000000004 85.15000000000002 2.7500000000000004 0.20072698324977958 3.5000000000000004 3.5500000000000003 3.5000000000000004 1.0000000180025095e-35 0.072074187111163271 3295.0000000000005 0.24253184001099928 6.5000000000000009 5.5000000000000009
decision_type=8 8 8 10 10 10 10 10 2 10 10 10 2 10 8 10 10 8 10 10 10 2 2 10 10 10 2 8 2 10 2
left_child=4 2 3 7 5 -1 9 23 13 20 28 14 15 -5 21 -8 30 -14 -12 -15 -6 -3 29 -2 -17 26 -16 -18 -9 -10 -11
right_child=1 11 -4 8 6 -7 12 10 22 16 18 -13 17 19 25 24 27 -19 -20 -21 -22 -23 -24 -25 -26 -27 -28 -29 -30 -31 -32
leaf_value=0.13693793931482581 0.060043421063653318 -0.091224107619559971 -0.13654147668584279 -0.038121085603543631 0.054962533246364381 -0.1382013947717127 -0.029226663858192416 -0.0010330886087084276 -0.010221695952177392 0.087156145084393843 -0.0078837367044997404 -0.12277423375663638 0.023885236712030824 -0.058226519199776061 -0.11312607344315123 0.061002460603758996 0.055431413737872394 -0.011139513109733653 -0.04460583363837068 -0.093351106266256312 0.016976149323203429 -0.040862799440832293 -0.036415828065400273 0.024817461051304911 0.02325685363108539 -0.14222480732448581 0.007598848858480698 -0.03762325121471144 0.026321244024895732 0.058365718874792222 0.037611396772990323
leaf_weight=2294.4130937457085 955.52551767230034 764.11724750697613 1093.0841568112373 2272.5964462757111 992.8589376360178 212.10832750797272 258.28562490642071 2154.4419375061989 1000.3390090167522 2589.4380670040846 3295.0973078608513 2491.9488343000412 2051.8934663683176 2192.4477142989635 191.10555765032768 1503.470152541995 3699.095526188612 1689.226373180747 1113.8828935623169 1307.9693496674299 1810.9671503454447 664.54573790729046 1459.1847338378429 2599.214945346117 855.64981836080551 509.87982325255871 79.188710510730743 85.062868013978004 1726.4096046686172 177.75457195937634 311.23606465756893
leaf_count=5104 2959 4847 8620 11338 3095 1672 1106 8712 4406 6959 13802 18121 7287 11809 1321 4623 11337 6832 5280 8019 6504 3635 6909 9209 3038 3819 426 353 6189 623 1020
internal_value=0 -0.036299 -0.0210419 -0.0148088 0.0514168 0.113655 0.0415727 0.00755039 -0.0462981 0.0552818 -0.00391417 -0.105587 0.0211148 -0.0582699 -0.0861974 0.0397593 0.0657065 0.00807053 -0.0171612 -0.0713512 0.0304275 -0.0677984 -0.0200919 0.0342863 0.0473122 -0.11989 -0.077757 0.0533397 0.0111356 0.000126995 0.0818401
internal_weight=0 26048.7 21347.9 20254.9 18353.7 2506.52 15847.2 11844.6 8410.29 9488.66 8289.83 4700.79 6358.53 5773.01 2208.84 2617.41 6684.83 3741.12 4408.98 3500.42 2803.83 1428.66 2637.28 3554.74 2359.12 780.174 270.294 3784.16 3880.85 1178.09 2900.67
internal_count=188974 130044 97875 89255 58930 6776 52154 46151 43104 29268 33983 32169 22886 31166 14048 8767 19669 14119 19082 19828 9599 8482 11938 12168 7661 5566 1747 11690 14901 5029 7979
is_linear=0
shrinkage=0.1


Tree=7
num_leaves=32
num_cat=0
split_feature=18 55 18 82 82 82 27 13 18 73 13 13 94 70 13 4 13 94 93 93 13 75 92 27 70 13 36 4 16 92 82
split_gain=6936.3 1757.79 1634.4 1435.82 1248.66 764.394 560.364 404.322 359.553 250.667 208.457 182.256 175.586 134.093 131.066 120.527 116.651 114.397 109.633 85.6866 79.7168 77.4784 70.6391 70.3195 69.8487 69.7484 67.2827 65.1672 63.5075 58.4808 57.7847
threshold=6.5000000000000009 81.550000000000011 3.5000000000000004 1.0000000180025095e-35 500.50000000000006 465.50000000000006 21.850000000000005 14.050000000000002 1.5000000000000002 16.125000000000004 5.4500000000000011 4.0500000000000007 0.20380307460308678 383.00000000000006 65.550000000000011 4.5000000000000009 79.65000000000002 0.25495539580211957 0.21239303364406928 0.30336211066870095 8.4500000000000011 3125.0000000000005 0.061862244897959155 35.050000000000004 399.00000000000006 3.6500000000000008 1.0000000180025095e-35 6.5000000000000009 35.45000000000001 0.072074187111163271 6.5000000000000009
decision_type=8 8 10 10 8 8 10 10 10 8 10 10 2 10 10 2 10 2 2 2 10 8 2 10 10 10 10 2 10 2 10
left_child=2 5 3 -1 7 6 12 18 11 16 27 26 -2 -9 22 24 -3 23 21 25 29 -4 -8 -15 -12 -14 -5 -10 -13 -11 -18
right_child=1 9 4 8 -6 -7 14 13 10 20 15 28 19 17 -16 -17 30 -19 -20 -21 -22 -23 -24 -25 -26 -27 -28 -29 -30 -31 -32
leaf_value=0.13221106275080993 -0.019791451571756956 -0.042845215691556013 0.02618451633881131 0.059286354400149725 -0.13286186115237678 -0.13222993451476864 -0.043702354482991264 -0.067053960767181328 0.078002444409089489 -0.10225452683477797 -0.005584567406445768 0.017280077104910873 0.05143929182719862 0.001929236450765372 -0.063951367309271895 0.016596126345205225 -0.13202681531800675 0.022452740308563989 0.053541958429250747 0.062388878741964686 -0.11861428785056016 -0.042036273541488721 -0.013857410345727987 -0.027559468404714706 0.054502198504990544 0.0034568501427341444 0.019268517841171205 0.017586220577232563 -0.019770582629901331 -0.025683759496687761 -0.078593524960901828
leaf_weight=2146.412495046854 3061.4978175908327 992.80358047783375 3257.1202728003263 910.68803784251213 618.32822918891907 641.36578410863876 2038.7727502584457 346.20646265149117 3075.0945539474487 247.43721330165863 204.35663571953773 794.31174796819687 332.83615566790104 1643.1389745622873 2106.6473509594798 1354.3011503815651 235.43226282298565 1308.9573063850403 1734.7717442363501 311.29892793297768 2594.0935890674591 175.44114121794701 1297.9347761645913 1592.287485063076 3629.6421400457621 3373.7954107671976 779.98509199917316 189.53865584731102 1107.9028490036726 167.10593618452549 1442.0734400898218
leaf_count=5104 14032 4952 11348 2779 5164 5367 10297 2013 8566 1753 800 2880 1060 6658 12043 4895 1925 4836 5400 977 19805 851 5669 7316 11300 13442 2747 660 4509 965 8861
internal_value=0 -0.0458125 0.0346255 0.0568606 0.00506776 -0.0257519 -0.0202986 0.0135472 0.0434341 -0.0923143 0.0546978 0.0169341 -0.00174962 -0.00706202 -0.0444226 0.0422409 -0.0700136 -0.00249163 0.0330527 0.0119975 -0.112107 0.0226977 -0.0320931 -0.0125834 0.0512995 0.00776542 0.0408243 0.0744948 -0.00429926 -0.0713882 -0.0860927
internal_weight=0 18843.1 24868.5 14192.2 10676.3 13164.1 12522.8 10057.9 12045.8 5678.95 8452.93 3592.89 7079.43 4890.59 5443.35 5188.3 2670.31 4544.38 5167.33 4017.93 3008.64 3432.56 3336.71 3235.43 3834 3706.63 1690.67 3264.63 1902.21 414.543 1677.51
internal_count=188974 101148 87826 44240 43586 62887 57520 38422 39136 38261 26221 12915 29511 20823 28009 16995 15738 18810 17599 15479 22523 12199 15966 13974 12100 14502 5526 9226 7389 2718 10786
is_linear=0
shrinkage=0.1


Tree=8
num_leaves=32
num_cat=0
split_feature=18 69 18 82 82 82 27 13 18 13 88 13 13 32 70 4 55 90 75 93 94 16 92 94 81 13 13 27 92 4 94
split_gain=5730.45 1566.31 1369.2 1346.11 1082.95 669.272 587.974 330.21 300.781 182.376 166.292 162.323 149.667 129.369 112.97 105.069 102.665 93.7975 92.319 82.3583 78.305 70.8127 69.4915 65.9958 74.2503 64.5112 62.4102 62.0365 62.853 57.2618 53.6796
threshold=6.5000000000000009 153.75000000000003 3.5000000000000004 1.0000000180025095e-35 500.50000000000006 504.50000000000006 24.450000000000003 14.050000000000002 1.5000000000000002 4.9500000000000011 770.00000000000011 12.350000000000003 7.2500000000000009 7.5000000000000009 417.00000000000006 4.5000000000000009 23.150000000000002 223.50000000000003 1175.0000000000002 0.21239303364406928 0.17251791819238846 36.95000000000001 0.073006128056281164 0.25909042225613838 -24.999999999999996 70.350000000000009 32.650000000000013 19.450000000000003 0.058570669613072356 3.5000000000000004 0.48643432105805723
decision_type=8 8 10 10 8 8 10 8 10 10 8 10 10 8 10 2 10 8 10 2 2 10 2 2 10 10 10 10 2 2 2
left_child=2 5 3 -1 7 6 11 18 12 -10 16 29 21 -3 -9 26 -8 27 -4 -20 -13 -5 -12 -15 -25 -18 -11 -16 -29 -2 -22
right_child=1 13 4 8 -6 -7 10 14 9 15 22 20 -14 23 17 -17 25 -19 19 -21 30 -23 -24 24 -26 -27 -28 28 -30 -31 -32
leaf_value=0.12822212713243833 0.034366830211580122 -0.058794312259712878 -0.021094186985570116 0.039298863388011862 -0.12866232301654484 -0.12799835134523738 -0.036529776581428385 -0.051915688898662361 0.070479539034475652 0.053082206880044572 -0.02807846250968854 -0.032454129902998778 -0.016770255054153024 -0.10641269395951113 0.0059333203500901719 0.01612103407107076 -0.051277761038590136 0.016521218892014591 0.024116685307890684 0.051797171136471309 -0.006429709616429676 0.0029509624879817927 0.021884653634585374 -0.009976852268343198 -0.094017272293973497 -0.083621160557149202 0.019590160485691469 -0.043300011942223014 -0.0033933831579366623 0.005739177702190095 0.094748283114106657
leaf_weight=1999.4245613515377 1025.2480941563845 893.93785418570042 331.36925365030766 1778.0665585100651 576.79603230208158 608.20784889161587 1797.5613887235522 490.01919710636139 2851.21383446455 3377.1969964802265 1275.1700554341078 1592.1278989091516 1034.2443300932646 3189.5490173622966 1023.6392213404179 1441.60243524611 1196.6703231483698 1766.4383265823126 3177.9861191511154 1624.2420007288456 2589.3428662866354 767.27358904480934 356.11924254894257 156.12141342461109 321.86734657734632 1272.3928329944611 666.12156562507153 889.56324538588524 709.41970732808113 2193.7256799638271 53.520736619830132
leaf_count=5104 3588 5542 1464 5837 5164 5518 9009 2685 8185 10435 6634 7894 4220 24790 4019 5193 6118 6915 11099 5036 10971 2858 1432 910 2381 7823 2408 4273 2931 8384 154
internal_value=0 -0.0420319 0.0316733 0.0522939 0.00457661 -0.0254089 -0.0207358 0.0122521 0.0395533 0.0499645 -0.0443271 -0.00206925 0.0153078 -0.0929054 -0.00637576 0.0393002 -0.0547098 -0.00129142 0.0299563 0.033479 -0.0149348 0.0283421 -0.0171712 -0.10122 -0.0665679 -0.0679454 0.0475645 -0.0132889 -0.0255947 0.0148571 -0.00438075
internal_weight=0 18521.6 24504.6 13915.1 10589.5 13960.1 13351.9 10012.7 11915.7 8336.13 5897.91 7453.97 3579.58 4561.48 4879.08 5484.92 4266.62 4389.06 5133.6 4802.23 4234.99 2545.34 1631.29 3667.54 477.989 2469.06 4043.32 2622.62 1598.98 3218.97 2642.86
internal_count=188974 101148 87826 44240 43586 67525 62007 38422 39136 26221 31016 30991 12915 33623 20823 18036 22950 18138 17599 16135 19019 8695 8066 28081 3291 13941 12843 11223 7204 11972 11125
is_linear=0
shrinkage=0.1


Tree=9
num_leaves=32
num_cat=0
split_feature=18 69 32 82 82 82 27 94 18 27 93 4 88 13 13 13 82 69 94 92 77 13 90 4 94 82 11 4 94 94 92
split_gain=4734.86 1400.38 1180.51 1089.45 810.872 653.327 549.42 318.737 198.554 178.079 166.268 158.659 138.777 136.239 119.881 112.476 101.763 98.1655 85.5802 83.5262 79.7091 79.0185 78.6997 77.6407 77.519 71.9788 67.6625 67.1323 65.6559 64.8521 62.6011
threshold=6.5000000000000009 241.80000000000004 3.5000000000000004 1.0000000180025095e-35 280.50000000000006 504.50000000000006 25.650000000000002 0.25756797206285859 3.5000000000000004 14.950000000000001 0.28613604949206223 6.5000000000000009 770.00000000000011 18.350000000000005 54.45000000000001 64.350000000000009 97.500000000000014 268.15000000000003 0.46058243076783917 0.086614849151722267 1.2227675213702238 4.1500000000000012 223.50000000000003 3.5000000000000004 0.17251791819238846 714.50000000000011 1.0000000180025095e-35 3.5000000000000004 0.21269841269841269 0.19162630232862585 0.072074187111163271
decision_type=8 8 8 10 8 8 10 2 10 8 2 2 8 10 10 10 10 8 2 2 8 10 8 2 2 8 10 2 2 2 2
left_child=2 5 3 -1 7 6 13 9 -6 -4 11 16 15 27 25 -8 21 22 20 -14 23 -5 -11 -9 -15 29 30 -2 -29 -3 -27
right_child=1 14 4 10 8 -7 12 18 -10 17 -12 -13 19 24 -16 -17 -18 -19 -20 -21 -22 -23 -24 -25 -26 26 -28 28 -30 -31 -32
leaf_value=0.12477330595334264 0.027301478306939755 -0.081472637856418187 0.02103129712640241 0.058724997245372418 0.043455034172182924 -0.12476078244681982 -0.036376990497562302 0.049598118508906892 -0.12054300045755158 -0.015980229544235208 0.074054361739581395 -0.0043713178689680577 -0.02847779064790697 -0.03684153985979631 -0.10991388248921781 -0.068342967762887841 0.004498686289929687 -0.055957916466186086 0.071578374318232371 0.029633567068263058 -0.022609488531010389 0.03477056017313062 0.011423947233793849 0.021966705047060137 -0.0054068554087762294 -0.09572907749015884 -0.12989133170669556 -0.017562453336388294 0.012529063560915913 -0.031234706023554527 0.013086724158049299
leaf_weight=1807.5067209005356 1388.5460592657328 539.64960870891809 3150.4181640744209 2222.822190374136 84.855564787983894 623.86407762020826 2270.7894598394632 1747.3113148957491 567.90544682741165 2653.6413649618626 1199.2503535747528 944.2313319966197 1493.2296016663313 1294.3208483606577 2045.2670273631811 2136.2856211066246 738.97478677332401 416.52260538190603 560.6316734701395 296.44810022413731 269.33357418328524 3619.2543712854385 1731.886296838522 2432.7239992171526 1991.6342473328114 165.79155299067497 344.82323023676872 1190.132160499692 1855.5781988203526 490.52168145775795 77.620788305997849
leaf_count=4977 5024 3914 11345 6737 292 6074 11246 5564 5308 11271 3408 3584 8025 6752 17475 13144 2728 2332 1630 1168 1204 12099 6763 8584 8575 1321 3047 5112 6872 2973 426
internal_value=0 -0.0385679 0.0289728 0.0541124 0.00952618 -0.0246461 -0.0201582 0.0150026 -0.0992241 0.00255629 0.0394732 0.0339623 -0.0423357 -0.00235704 -0.0938228 -0.0518722 0.0394623 -0.00956436 0.0347589 -0.018852 0.0301195 0.0438849 -0.00515806 0.033517 -0.0177888 -0.0734876 -0.101396 0.0090785 0.000770597 -0.0575516 -0.0610292
internal_weight=0 18204.5 24147.3 10532 13615.2 14540.8 13917 12962.5 652.761 7952.47 8724.53 7525.28 6196.75 7720.21 3663.67 4407.08 6581.05 4802.05 5010 1789.68 4449.37 5842.08 4385.53 4180.04 3285.96 1618.41 588.236 4434.26 3045.71 1030.17 243.412
internal_count=188974 101148 87826 33533 54293 71992 65918 48693 5600 31711 28556 25148 33583 32335 29156 24390 21564 20366 16982 9193 15352 18836 18034 14148 15327 11681 4794 17008 11984 6887 1747
is_linear=0
shrinkage=0.1


Tree=10
num_leaves=32
num_cat=0
split_feature=18 82 13 82 69 13 77 4 93 94 2 2 93 70 94 81 7 20 4 18 18 82 94 18 7 41 94 27 42 41 93
split_gain=3964.48 2070.01 1435.39 1176.56 441.057 351.846 267.826 253.006 184.786 162.791 158.221 148.81 102.393 102.39 101.163 95.8757 93.6123 77.8147 77.5281 74.9166 70.5886 66.1961 61.5002 61.1889 61.1516 59.9159 58.1242 55.5005 52.6932 52.5419 50.027
threshold=3.5000000000000004 504.50000000000006 41.750000000000007 1.0000000180025095e-35 268.15000000000003 6.2500000000000009 1.5815814950379998 3.5000000000000004 0.12723122560754965 0.14158591739729687 4.5000000000000009 3.5000000000000004 0.37371861536175904 429.00000000000006 0.29838882921589688 -104.99999999999999 1.5000000000000002 6.5000000000000009 6.5000000000000009 7.5000000000000009 10.500000000000002 90.500000000000014 0.39596199524940623 9.5000000000000018 1.5000000000000002 17.050000000000004 0.1702538769082633 8.2500000000000018 453.00000000000006 7.9500000000000011 0.11841089237233791
decision_type=8 8 10 10 8 10 8 2 2 2 2 2 2 10 2 10 2 10 2 10 10 10 2 10 2 10 2 10 10 8 2
left_child=3 2 5 -1 9 23 10 13 21 -4 14 17 18 -5 20 26 22 19 29 -11 27 25 -12 -2 -13 -9 -3 -7 -6 -10 -8
right_child=1 15 4 7 28 6 30 8 12 11 16 24 -14 -15 -16 -17 -18 -19 -20 -21 -22 -23 -24 -25 -26 -27 -28 -29 -30 -31 -32
leaf_value=0.12197115217370579 0.03368713599419846 -0.10360695099591616 -0.058313904080488491 0.013088341651510214 -0.10579172261452874 0.021846318179835986 -0.078372864334423323 0.020427933661302813 0.045910973223986143 0.0097206774912920475 -0.028647437801910997 -0.047115836505300712 0.070693719880128278 0.060271376902020737 0.026432457671775513 -0.12359803330328445 0.029045728016082423 0.04787153351308765 0.0024205098749329433 -0.028732426757119581 -0.019094822535516601 -0.040903012032241899 0.052071613530448584 0.001378308444037885 0.0023221389655021124 -0.013314531537507061 -0.0062109253394457943 -0.00052218988048567639 -0.069946750373341249 0.021732516560344684 -0.034392295982197715
leaf_weight=1719.5774918198586 3508.4908297285438 128.55647698044777 2155.9565464928746 531.24504065513611 1050.0074612870812 1535.7755790054798 451.90130307525396 1318.746077015996 1973.3607716262341 853.44218097627163 2735.0274597927928 2326.4905059486628 651.77773903310299 3425.7981867641211 1925.0888795405626 1889.395303234458 348.73125550150871 232.42394925653934 921.96020810306072 1246.8965160101652 1450.4994678199291 332.72725886106491 97.763676822185516 703.75934171676636 280.34941679239273 875.68832759559155 117.07530529797077 3993.8320727944374 672.94352498650551 1650.486188352108 604.73291319608688
leaf_count=5104 11886 1095 12975 1907 9269 5682 3188 4655 6269 3662 12283 12701 1880 10307 6789 19090 1295 899 3421 6757 6644 1421 314 2764 1348 3509 736 16473 5380 5767 3504
internal_value=0 -0.0212774 -0.0135544 0.0447429 -0.0464072 0.00313833 -0.00492213 0.0333748 0.0228417 -0.0353869 -0.000701461 -0.0253801 0.0336265 0.0539369 0.00613724 -0.115957 -0.0198432 -0.00703194 0.0283117 -0.0131076 0.000539888 0.000660951 -0.0258617 0.0282892 -0.0417991 0.00696301 -0.0571852 0.00569037 -0.0917915 0.0348989 -0.0532019
internal_weight=0 28309.1 26174.1 13401.4 8818.51 17355.6 13143.4 11681.8 7724.75 7095.56 12086.7 4939.6 5197.58 3957.04 8905.2 2135.03 3181.52 2332.76 4545.81 2100.34 6980.11 2527.16 2832.79 4212.25 2606.84 2194.43 245.632 5529.61 1722.95 3623.85 1056.63
internal_count=188974 144734 123813 44240 52991 70822 56172 39136 26922 38342 49480 25367 17337 12214 35588 20921 13892 11318 15457 10419 28799 9585 12597 14650 14049 8164 1831 22155 14649 12036 6692
is_linear=0
shrinkage=0.1


Tree=11
num_leaves=32
num_cat=0
split_feature=18 69 32 82 82 82 27 93 83 94 94 4 41 13 2 94 76 16 82 2 18 68 59 82 11 92 81 13 13 13 94
split_gain=3306.75 1107.51 855.294 967.585 609.055 536.428 398.883 227.584 151.974 129.78 119.178 117.68 115.815 112.518 111.382 86.1895 82.4943 81.2109 79.6985 79.6161 71.6524 68.5722 63.5196 63.4812 63.8115 62.6647 62.4173 61.5564 55.4966 53.8281 53.3081
threshold=6.5000000000000009 241.80000000000004 3.5000000000000004 1.0000000180025095e-35 280.50000000000006 504.50000000000006 25.650000000000002 0.12723122560754965 105.00000000000001 0.43522372997423014 0.169008567523419 6.5000000000000009 20.350000000000005 54.45000000000001 3.5000000000000004 0.40346320346320352 4.5000000000000009 14.15 97.500000000000014 3.5000000000000004 10.500000000000002 56.250000000000007 11.41666666666667 714.50000000000011 1.0000000180025095e-35 0.053384310393656161 365.00000000000006 4.1500000000000012 133.25000000000003 3.5500000000000003 0.30905799609238865
decision_type=8 8 8 10 8 8 10 2 8 2 2 2 8 10 2 2 8 10 10 2 10 8 8 8 10 2 10 10 10 10 2
left_child=2 5 3 -1 7 6 14 12 -6 11 19 18 -4 23 26 16 -9 -18 27 28 -12 -14 -19 -3 30 -16 29 -5 -8 -2 -25
right_child=1 13 4 9 8 -7 10 15 -10 -11 20 -13 21 -15 25 -17 17 22 -20 -21 -22 -23 -24 24 -26 -27 -28 -29 -30 -31 -32
leaf_value=0.11935638165830348 0.05874815686669619 -0.049620230984654429 0.012609574393356511 0.050637326361124682 -0.11428880117878293 -0.11918710491010764 -0.020558716401835944 0.027061866857978026 0.03222134924904798 0.065501180428127637 -0.0089244232422090852 -0.0043384971298287122 -0.0087347575797498793 -0.10161454534941246 -0.030802974757204539 0.055802473496510421 0.076961890216096715 0.0060221567908674313 0.0025172879965130817 -0.065667296798793046 -0.040974136884105776 -0.04675327191864264 -0.04193557230749749 -0.073516355250287685 -0.12320690382809292 -0.004438010806336626 -0.031616429547841128 0.029312418711513213 -0.060263259677683562 0.011397783732217861 0.060430164617975825
leaf_weight=1543.3777323067188 260.91434708237648 980.98395776003599 2584.0724636241794 2175.0910492539406 488.77191473543644 532.85672515630722 1053.6752381324768 4802.0338733196259 82.793012574315071 1092.7643199414015 1768.9426404684782 946.90603824704885 2359.4361806362867 1815.3769974634051 1338.3234492763877 764.61056192219257 132.04198418557644 1242.3092333003879 740.64961525052786 1558.5462552607059 1151.7338239848614 593.81235790252686 355.12773105502129 193.37654528021812 297.46348861604929 2762.0443741455674 312.28330563008785 3584.1584560573101 528.66197300702333 3007.102681003511 35.105801418423653
leaf_count=4977 799 6887 9734 6804 5203 6074 5659 16650 397 3237 8429 3595 9967 17475 6588 2353 395 4772 2751 9736 6186 3137 1685 1578 3047 11377 1420 12169 3573 12151 169
internal_value=0 -0.0328456 0.0244864 0.0464891 0.00793652 -0.020743 -0.0169258 0.0124349 -0.0930663 0.0333196 -0.0361037 0.0285972 -0.00285115 -0.0848476 -0.00179061 0.0240361 0.0203174 0.00159071 0.0333952 -0.0496251 -0.0215628 -0.0163792 -0.00463937 -0.0646487 -0.0926796 -0.0130433 0.0110966 0.0373662 -0.0338241 0.0151782 -0.0529358
internal_weight=0 17597.4 23488 10082.9 13405 14275.1 13742.2 12833.4 571.565 8539.57 6061.56 7446.81 5537.32 3322.31 7680.67 7296.12 6531.51 1729.48 6499.9 3140.88 2920.68 2953.25 1597.44 1506.93 525.946 4100.37 3580.3 5759.25 1582.34 3268.02 228.482
internal_count=188974 101148 87826 33533 54293 71992 65918 48693 5600 28556 33583 25319 22838 29156 32335 25855 23502 6852 21724 18968 14615 13104 6457 11681 4794 17965 14370 18973 9232 12950 1747
is_linear=0
shrinkage=0.1


Tree=12
num_leaves=32
num_cat=0
split_feature=18 82 82 13 73 74 18 13 90 27 2 27 27 81 4 94 94 94 18 82 16 7 18 94 58 92 56 42 13 94 68
split_gain=2787.14 1677.71 1032.45 1024.57 360.686 254.877 232.912 206.442 143.626 128.116 125.644 106.589 99.8228 96.5562 84.1712 81.6283 73.4116 68.2668 67.7549 67.7169 63.5459 59.0132 57.5525 50.5065 50.0922 49.6726 49.1263 47.5136 52.2878 46.7648 46.5103
threshold=3.5000000000000004 504.50000000000006 1.0000000180025095e-35 41.750000000000007 17.583333333333339 14.500000000000002 1.5000000000000002 5.0500000000000007 1.0000000180025095e-35 11.250000000000002 4.5000000000000009 5.3500000000000005 88.450000000000017 -104.99999999999999 5.5000000000000009 0.3029541098207239 0.24748206827852842 0.13123346478310782 2.5000000000000004 98.500000000000014 37.650000000000013 1.5000000000000002 8.5000000000000018 0.1702538769082633 35.95000000000001 0.15028454781640482 437.00000000000006 461.00000000000006 87.450000000000017 0.48643432105805723 58.250000000000007
decision_type=8 8 10 10 8 8 10 10 10 8 2 8 10 10 2 2 2 2 10 10 10 2 10 2 8 2 10 10 10 2 8
left_child=2 3 -1 5 8 7 11 -2 17 19 15 24 25 23 18 22 -7 -5 -11 -8 -13 29 -9 -3 -4 -10 -19 -6 -29 -12 -20
right_child=1 13 6 4 27 16 9 10 12 14 21 20 -14 -15 -16 -17 -18 26 30 -21 -22 -23 -24 -25 -26 -27 -28 28 -30 -31 -32
leaf_value=0.1173194456666979 0.031403384267452004 -0.095929992969937497 0.043749639252776973 -0.040140208628740043 -0.099897972516235778 -0.05294740006054658 0.052283663725815235 0.0085605036224545208 -0.033563254710444072 0.043784070515112489 -0.022329680125898796 -3.3542133816657365e-05 -0.063616431841151261 -0.11859760270383934 -0.021473478997626007 0.024798000854047222 -0.0082813691051478958 -0.036549088710621264 0.01871459708895027 0.004655375581600933 -0.045705045869548926 0.022393323273663866 -0.009696812070667294 -0.0023794654981095396 0.007728847995650755 0.053454244287755984 0.0036093243983293757 -0.013085371716645353 -0.087333406248660483 0.061039210827173784 -0.051770568376753673
leaf_weight=1463.952915430069 2736.3725988119841 116.20767533779144 796.67172564566135 687.45039600878954 934.10456788539886 965.8764635771513 4135.0394733473659 4948.7608213424683 2930.1566510349512 1520.8441871926188 2867.4262677878141 1582.0389815270901 1444.5351659581065 1620.5022055506706 375.12781867384911 2022.0247284024954 594.4243009313941 372.52891099452972 1506.8743151426315 321.74275564402342 377.30246967077255 362.48445797711611 2651.7913563922048 114.64487724006176 749.06567484140396 67.102229215204716 1671.1203216984868 154.29765802621841 246.17545191198587 68.90065011382103 99.818188533186913
leaf_count=5104 9202 1095 2549 4203 9379 6204 12876 19163 15941 4911 12747 6012 9407 19090 1521 7086 3007 2027 5298 1171 1640 1361 11842 736 2714 251 8162 1225 2396 210 444
internal_value=0 -0.018034 0.0382377 -0.0114172 -0.0398082 0.00261088 0.0281394 0.0064516 -0.0309266 0.037598 0.00116754 0.00666057 -0.0420224 -0.109978 0.0232869 0.00694119 -0.0359311 -0.0128807 0.0286557 0.0488453 -0.00882832 -0.0156741 0.00219063 -0.0494714 0.0262939 -0.0316151 -0.003711 -0.0875435 -0.0587265 -0.0203734 0.0143356
internal_weight=0 27576.9 12928.5 25725.5 8507.47 17218.1 11464.5 15657.8 7172.89 7959.45 12921.4 3505.08 4441.79 1851.35 3502.66 9622.58 1560.3 2731.1 3127.54 4456.78 1959.34 3298.81 7600.55 230.853 1545.74 2997.26 2043.65 1334.58 400.473 2936.33 1606.69
internal_count=188974 144734 44240 123813 52991 70822 39136 61611 39991 26221 52409 12915 25599 20921 12174 38091 9211 14392 10653 14047 7652 14318 31005 1831 5263 16192 10189 13000 3621 12957 5742
is_linear=0
shrinkage=0.1


Tree=13
num_leaves=32
num_cat=0
split_feature=18 55 32 82 82 82 94 18 27 89 70 92 2 88 32 4 41 13 4 93 82 55 4 18 92 18 56 4 94 60 93
split_gain=2347.69 810.531 749.977 872.409 634.135 314.933 228.026 188.361 175.97 145.216 126.728 114.985 103.346 85.2526 98.2394 80.6357 79.6289 72.6213 68.957 68.0007 63.3979 56.217 55.4162 52.8924 49.0866 48.8814 46.2476 46.7344 47.4563 44.8136 44.603
threshold=7.5000000000000009 81.550000000000011 3.5000000000000004 1.0000000180025095e-35 518.50000000000011 454.50000000000006 0.24922037422037421 3.5000000000000004 9.0500000000000025 535.00000000000011 417.00000000000006 0.10239625977591062 3.5000000000000004 1.0000000180025095e-35 7.5000000000000009 5.5000000000000009 5.4500000000000011 11.250000000000002 6.5000000000000009 0.29424376098960425 253.50000000000003 6.2500000000000009 4.5000000000000009 3.5000000000000004 0.21968832934880353 1.5000000000000002 433.00000000000006 3.5000000000000004 0.13669918699186992 8.5000000000000018 0.15446979480556747
decision_type=8 8 8 10 8 8 2 10 10 8 10 2 2 10 10 2 10 10 2 2 8 10 2 10 2 10 10 2 2 8 2
left_child=2 5 3 -1 6 8 10 -6 -2 20 -4 15 18 -10 21 26 -14 -11 23 22 30 -15 -8 25 -13 -12 -5 -28 -29 -24 -3
right_child=1 9 4 11 7 -7 19 -9 13 17 12 24 16 14 -16 -17 -18 -19 -20 -21 -22 -23 29 -25 -26 -27 27 28 -30 -31 -32
leaf_value=0.11527696169105613 0.0054213200227127157 -0.053574633006401598 -0.041133632279038129 -0.0049919986352704752 0.10350881681905383 -0.11432534538444086 0.025952115248499458 -0.11594071263592319 -0.0053958611409614709 -0.04900415237041101 -0.0037787397395866655 0.035470179775542281 0.023899741679974194 0.018563383410924339 -0.043176149000122288 -0.0068003865512934296 -0.01715550837882859 -0.09813295780727524 -0.068884000166226908 0.050531752795491137 -0.11545698570693569 -0.022374153051108625 0.012144220178086546 0.005725379734566223 0.063736856405070416 0.039014858374579173 0.041460105591804339 -0.017183536596918226 0.024700895888674263 -0.028855828648390647 -0.012752151929425012
leaf_weight=1305.8443655669689 3071.8346525356174 1526.4964228868484 762.30534663051367 475.07320103794336 42.254255577921867 326.11769934743643 3558.0714912638068 526.1175247579813 1895.2277716323733 366.71548190712929 348.81162351369858 2776.5623206272721 556.97680729627609 412.17974231392145 2697.6503120586276 1015.9435075893998 3112.0687965527177 1675.9168903902173 103.63217931985855 785.86378538608551 143.30383735150099 1801.9003772959113 1288.7987509891391 2870.611326187849 788.89892023056746 1136.9863112717867 1560.7798220589757 312.02368753403425 2033.3967070579529 336.1134859547019 324.55433479696512
leaf_count=4977 12488 10219 4533 1829 141 4309 12630 6872 9538 2963 1373 9201 1996 1702 15464 3936 13761 18089 490 2480 1796 8960 4739 11859 2388 3702 5110 1254 7081 1443 1651
internal_value=0 -0.0326427 0.0179739 0.0389146 0.00403682 -0.0176381 0.00800171 -0.0996263 -0.0144463 -0.0705722 -0.00214768 0.0277888 0.00150823 -0.0234121 -0.0303638 0.0185827 -0.0109231 -0.0893128 0.0117349 0.0231206 -0.0513779 -0.0147531 0.0189644 0.0136527 0.0417245 0.0289685 0.0244686 0.0280516 0.0191288 0.00366335 -0.046417
internal_weight=0 14241.9 25697.1 10268.5 15428.6 10204.9 14860.2 568.372 9878.79 4036.99 8891.39 8962.68 8129.09 6806.96 4911.73 5397.22 3669.05 2042.63 4460.04 5968.85 1994.35 2214.08 5182.98 4356.41 3565.46 1485.8 4381.27 3906.2 2345.42 1624.91 1851.05
internal_count=188974 87179 101795 35776 66019 52461 59006 7013 48152 34718 37714 30799 33181 35664 26126 19210 15757 21052 17424 21292 13666 10662 18812 16934 11589 5075 15274 13445 8335 6182 11870
is_linear=0
shrinkage=0.1


Tree=14
num_leaves=32
num_cat=0
split_feature=18 82 82 55 18 13 93 18 18 4 11 93 90 89 27 75 93 94 70 94 41 4 82 22 13 94 6 68 13 76 18
split_gain=1954 1158.17 672.148 651.194 550.654 269.516 179.49 173.712 142.507 108.473 95.9266 90.8228 87.72 81.8873 70.2318 66.2883 65.8429 62.1762 59.3964 58.4086 57.7469 54.3388 53.912 50.2685 48.4369 46.6268 46.1243 45.5158 43.6366 43.2547 40.6362
threshold=4.5000000000000009 742.50000000000011 1.0000000180025095e-35 81.550000000000011 3.5000000000000004 13.450000000000001 0.12270557530783162 9.5000000000000018 11.500000000000002 5.5000000000000009 1.0000000180025095e-35 0.37948704472591582 175.50000000000003 -1.0000000180025095e-35 17.050000000000004 2900.0000000000005 0.2151333138818268 0.28552451822892083 449.00000000000006 0.14530148201113616 20.950000000000003 3.5000000000000004 35.500000000000007 1.0000000180025095e-35 32.650000000000013 0.1702538769082633 1175.0000000000002 56.250000000000007 172.35000000000005 3.5000000000000004 2.5000000000000004
decision_type=8 8 10 8 10 10 2 10 10 2 10 2 8 10 8 8 2 2 10 2 10 2 10 10 10 2 2 8 10 8 10
left_child=2 3 4 5 -1 16 14 17 12 11 25 15 20 -9 22 21 -2 28 -14 -10 -7 30 -4 -21 -23 -3 -25 -16 29 -5 -8
right_child=1 10 6 7 -6 8 9 13 19 -11 -12 -13 18 -15 27 -17 -18 -19 -20 23 -22 24 -24 26 -26 -27 -28 -29 -30 -31 -32
leaf_value=0.11373385834663366 0.0055683095867130163 -0.090427031025276453 0.026307135021748796 -0.0096652693296579162 -0.11455811283081595 -0.0054000958461025454 0.057472385844636958 -0.085985723342922621 -0.058617199369815381 0.0077684667166727965 -0.1150960499718785 0.066238350667690807 -0.013873433064951616 -0.047092136981724014 -0.0021065528463940298 -0.0083868802811408495 0.027795015963887698 0.015951854166198421 0.014600131083909118 -0.010022556571826331 -0.027503500931342725 0.027562393701543071 -0.0037656947981509559 0.04160721954443973 -0.017805962422968263 0.0039351039834898431 -0.048363401405891064 -0.040554238735073966 -0.067567979912119297 -0.041925341403597639 0.033192648986565501
leaf_weight=1234.922905176878 4819.9948827326298 102.07764654606581 1685.7494260072708 753.53153788298368 115.54237516969442 2460.4096891209483 1136.1822078749537 1121.4433893412352 707.87458044290543 2072.9428541213274 1256.4607870131731 763.96210330724716 1093.8673975542188 1046.4620115384459 1814.1581908464432 423.9776289910078 1842.155726455152 285.44015350937843 2218.3594718277454 1036.1577947810292 2274.7914757356048 3589.2150359153748 922.25955241918564 61.109166391193867 251.83802850544453 107.52347887307405 843.43572598695755 370.85142001509666 323.46264335513115 926.85065124183893 1752.6971703842282
leaf_count=5104 18716 1052 5791 3822 1672 11121 3512 11544 4631 7573 17335 2316 5885 7070 7031 1662 6310 1329 9441 5263 11944 12185 3507 290 1035 695 4723 1709 2559 6314 5833
internal_value=0 -0.0186113 0.0266699 -0.0128293 0.0942018 -0.00407439 0.020501 -0.0469247 -0.0139086 0.0281329 -0.104648 0.0334644 -0.00728662 -0.0672115 0.00459274 0.0299645 0.0117142 -0.0277135 0.0051967 -0.0340286 -0.0160186 0.0323805 0.0156726 -0.0250599 0.0245878 -0.0420201 -0.0422852 -0.0086321 -0.0339334 -0.027459 0.0427418
internal_weight=0 23281.4 16134.3 21815.3 1350.47 17358.2 14783.8 4457.19 10696 9990.82 1466.06 7917.87 8047.43 2167.91 4793.02 7153.91 6662.15 2289.28 3312.23 2648.58 4735.2 6729.93 2608.01 1940.7 3841.05 209.601 904.545 2185.01 2003.84 1680.38 2888.88
internal_count=188974 130044 58930 110962 6776 78324 52154 32638 53298 34116 19082 26543 38391 18614 18038 24227 25026 14024 15326 14907 23065 22565 9298 10276 13220 1747 5013 8740 12695 10136 9345
is_linear=0
shrinkage=0.1


Tree=15
num_leaves=32
num_cat=0
split_feature=18 73 32 82 82 82 27 27 18 94 13 88 94 55 70 4 32 2 18 20 82 82 13 19 16 16 92 81 6 92 93
split_gain=1636.38 636.354 544.476 765.888 493.148 295.652 208.218 173.067 148.268 100.187 90.8998 86.8523 84.177 77.4239 74.0709 78.3295 71.1741 63.6283 56.6526 54.6095 61.9065 45.2203 44.7934 44.0991 75.593 43.0826 42.937 42.118 40.9702 38.3941 36.6871
threshold=7.5000000000000009 16.875000000000004 3.5000000000000004 1.0000000180025095e-35 518.50000000000011 454.50000000000006 23.250000000000004 8.0500000000000025 3.5000000000000004 0.25756797206285859 4.0500000000000007 1.0000000180025095e-35 0.19148172405975258 28.250000000000004 439.00000000000006 4.5000000000000009 1.5000000000000002 3.5000000000000004 1.5000000000000002 4.5000000000000009 259.50000000000006 153.50000000000003 110.35000000000001 1550.0000000000002 39.850000000000001 37.250000000000007 0.059740418801470359 -44.999999999999993 1350.0000000000002 0.043160627251536306 0.05890155731535366
decision_type=8 8 8 10 8 8 10 8 10 2 10 10 2 10 10 2 10 2 10 8 8 10 10 10 10 10 2 8 2 2 2
left_child=2 5 3 -1 7 6 17 -4 -6 14 18 27 -3 30 -9 21 26 23 25 20 -14 29 -15 28 -25 -5 -12 -8 -2 -16 -13
right_child=1 12 4 10 8 -7 11 9 -10 -11 16 13 19 22 15 -17 -18 -19 -20 -21 -22 -23 -24 24 -26 -27 -28 -29 -30 -31 -32
leaf_value=0.11215007581327428 0.0092191856095322315 -0.090449756104572246 0.02393164451965157 0.02992931684297628 0.096879529849244556 -0.11105693621390358 0.012371758774796984 -0.026703566318810535 -0.11251521113282462 0.014344430331116055 -0.025367587101808881 -0.097125140083875253 -0.044377949850713076 -0.038677053004817746 -0.006843628306079365 -0.020080489666590956 0.023158029329732141 -0.012073932163542182 0.045974766346055247 -0.0014900689262301349 -0.11525798111337995 -0.064767649808090577 -0.068527742058782634 0.030707858187497779 -0.02006083898475057 -0.013512185574962183 0.0091849832459862443 -0.022086881670385958 -0.031118868923260171 0.013742487030122586 -0.019331248926078373
leaf_weight=1097.284437328577 615.5414731875062 1468.1005124859512 4104.4094865247607 911.88498156517744 36.609236970543861 333.28865110501647 552.48776306211948 1479.993816845119 443.12134943529963 3262.4815582260489 524.76415906846523 62.92350647598505 440.15332950651646 1232.4289097264409 1340.0424771755934 1660.48422639817 3735.8457908928394 3167.3544072806835 2187.2236369922757 179.52941583842039 171.1305845156312 89.510788507759571 848.99277334660292 1270.9005275443196 381.27008352428675 304.53394970297813 1142.9558027163148 990.86506695300341 426.07985801249743 2796.8880110681057 1656.5763266533613
leaf_count=4977 2528 17443 14430 3059 141 5252 2914 7739 6872 12104 2185 444 3756 7298 5883 7487 13080 14189 7136 1305 2372 449 6550 4861 1686 1172 4167 5652 1944 10914 8985
internal_value=0 -0.0277445 0.0151211 0.0333683 0.00324159 -0.0182424 -0.0154818 0.00649033 -0.0965359 -0.000244413 0.0235529 -0.0297573 -0.0762818 -0.0378807 -0.00670516 -0.0016775 0.0154899 -0.00246517 0.0363535 -0.0499799 -0.064221 0.00555267 -0.0508529 0.00883279 0.018992 0.0190536 -0.00168732 -0.00975142 -0.00728128 0.00707419 -0.022178
internal_weight=0 13797.6 25118 9904.49 15213.5 11538.7 11205.4 14733.8 479.731 10629.4 8807.21 5344.27 2258.91 3800.92 7366.92 5886.93 5403.57 5861.15 3403.64 790.813 611.284 4226.44 2081.42 2693.79 1652.17 1216.42 1667.72 1543.35 1041.62 4136.93 1719.5
internal_count=188974 87179 101795 35776 66019 62303 57051 59006 7013 44576 30799 31843 24876 23277 32472 24733 19432 25208 11367 7433 6128 17246 13848 11019 6547 4231 6352 8566 4472 16797 9429
is_linear=0
shrinkage=0.1


Tree=16
num_leaves=32
num_cat=0
split_feature=18 82 82 13 89 13 18 59 11 18 90 27 13 93 94 4 70 13 70 55 36 2 13 42 16 13 19 7 2 94 4
split_gain=1388.9 1105.99 780.694 559.537 213.986 175.456 168.703 112.356 99.4404 97.4661 87.9805 87.4809 76.3648 71.6352 71.6159 67.507 60.7431 54.3779 53.3871 52.4953 46.1727 44.0822 43.966 43.9078 41.8325 41.0516 40.8388 40.3558 45.912 38.8252 35.1159
threshold=3.5000000000000004 818.50000000000011 1.0000000180025095e-35 62.350000000000001 -704.99999999999989 11.65 1.5000000000000002 16.708333333333339 1.0000000180025095e-35 2.5000000000000004 162.50000000000003 184.05000000000004 4.0500000000000007 0.30885017099547096 0.13123346478310782 5.5000000000000009 431.00000000000006 13.750000000000002 471.00000000000006 9.0500000000000025 1.0000000180025095e-35 3.5000000000000004 3.3500000000000001 437.00000000000006 35.45000000000001 4.9500000000000011 1550.0000000000002 1.5000000000000002 5.5000000000000009 0.32256123240867041 4.5000000000000009
decision_type=8 8 10 10 10 10 10 8 10 10 8 10 10 2 2 2 10 10 10 10 10 2 10 10 10 10 10 2 2 2 2
left_child=2 3 -1 5 -5 13 12 10 29 15 19 14 20 16 -6 25 -2 -11 -12 -7 -4 23 -18 -16 -14 -8 -9 28 -21 -3 -24
right_child=1 8 6 4 11 7 9 26 -10 17 18 -13 24 -15 21 -17 22 -19 -20 27 -22 -23 30 -25 -26 -27 -28 -29 -30 -31 -32
leaf_value=0.11096589533924794 -0.015918723093808509 -0.053216081113858518 0.034062926248964037 -0.080423189043159954 -0.045999933674008057 -0.00035872425553464264 0.058284214568592119 -0.086554019339581137 -0.11209283839737316 0.025587875296619267 -0.0045037713801257566 -0.057575287189316537 0.0059188533047931334 0.048993224724511397 -0.03688684332571434 0.0048055130380071408 0.033220814781991258 3.9984089946589743e-05 0.017985961579133861 -0.01752363160281379 -0.00017329027995396546 -0.025606263775767264 0.014278859859400623 0.0064565332305842205 -0.024451720557111159 0.035817650188258929 -0.030178912489250878 0.016464022398120184 -0.046319762313649558 0.074515448055937447 -0.0023839397475667961
leaf_weight=1035.517362460494 874.26066848263144 169.6576564759016 839.23910880088806 899.03071706742048 910.1085369028151 2084.7011786028743 1307.3601565286517 215.11674952507019 1158.961403939873 2411.6079941764474 2460.0168650783598 796.60916425287724 774.56167411804199 472.8110311627388 289.05334958434105 494.45046708732843 859.71108668670058 1272.8602215647697 1848.7821416594088 3316.0116304680705 742.39190086722374 1615.5300633460283 3992.3051749430597 1220.9239719286561 1094.25612218678 2152.19225140661 319.126066185534 287.48924405127764 664.65690109506249 27.67912645637989 1851.2294533662498
leaf_count=5104 4265 1619 2779 11062 6210 8937 4167 1972 18998 8273 11518 5951 2880 1511 1681 1822 2866 4814 7503 15622 2747 9625 14565 6192 4509 7145 2634 1201 3499 128 7175
internal_value=0 -0.0129736 0.0279282 -0.00819807 -0.0356257 -3.05085e-05 0.0201738 -0.00812684 -0.10092 0.0284638 -0.00588437 -0.0272911 0.0018219 0.0112294 -0.0213132 0.039368 0.00887304 0.0167619 0.00514593 -0.0133656 0.017993 -0.0141248 0.0121065 -0.00184064 -0.0118641 0.0443077 -0.0528788 -0.0197186 -0.0223318 -0.0353 0.00900009
internal_weight=0 26333.8 12124.4 24977.5 5731.26 19246.2 11088.9 11195.9 1356.3 7638.47 10661.7 4832.23 3450.45 8050.32 4035.62 3954 7577.51 3684.47 4308.8 6352.86 1581.63 3125.51 6703.25 1509.98 1868.82 3459.55 534.243 4268.16 3980.67 197.337 5843.53
internal_count=188974 144734 44240 123989 40721 83268 39136 52886 20745 26221 48280 29659 12915 30382 23708 13134 28871 13087 19021 29259 5526 17498 24606 7873 7389 11312 4606 20322 19121 1747 21740
is_linear=0
shrinkage=0.1


Tree=17
num_leaves=32
num_cat=0
split_feature=18 73 46 82 82 82 94 13 4 18 87 94 13 27 32 88 2 82 94 82 27 4 89 86 56 55 94 56 82 94 21
split_gain=1163.93 503.624 399.224 633.821 323.195 248.124 162.087 134.667 114.779 108.624 118.246 87.8253 84.4324 78.352 68.6885 91.8661 66.7999 65.349 64.2545 58.0477 48.5904 47.2741 46.4453 46.1396 45.1203 44.8776 42.5841 39.7487 38.2351 37.9475 36.5359
threshold=7.5000000000000009 17.583333333333339 3.5000000000000004 1.0000000180025095e-35 210.50000000000003 454.50000000000006 0.17251791819238846 37.750000000000007 5.5000000000000009 3.5000000000000004 -404.99999999999994 0.42220501267248667 21.650000000000002 83.550000000000011 7.5000000000000009 295.50000000000006 5.5000000000000009 818.50000000000011 0.27905286963506132 76.500000000000014 11.250000000000002 6.5000000000000009 -104.99999999999999 1.0000000180025095e-35 433.00000000000006 6.6500000000000012 0.17802960506111418 429.00000000000006 7.5000000000000009 0.10621167128408451 0.73214433288571346
decision_type=8 8 8 10 8 8 2 10 2 10 10 2 10 10 10 8 2 8 2 10 10 2 10 10 10 10 2 10 10 2 10
left_child=2 5 3 -1 7 6 13 18 11 10 -6 27 26 16 25 -16 -2 -11 19 21 -10 24 -9 -24 -4 -8 -3 -5 -14 -29 -20
right_child=1 12 4 8 9 -7 14 22 20 17 -12 -13 28 -15 15 -17 -18 -19 30 -21 -22 -23 23 -25 -26 -27 -28 29 -30 -31 -32
leaf_value=0.109720333320692 -0.014642091862372274 -0.073109266677101312 -0.012505298366079673 -0.0058453864273470928 0.096444145900526301 -0.10827122194608857 0.022030640115762376 -0.037181223128916724 0.0081324390701793745 -0.025779475129298058 -0.083879443848208779 0.059765904167332996 -0.11029116586641872 -0.048710342698596761 -0.027363050389904588 0.010354742500218617 -0.057876987178435584 -0.11039170310755371 0.0261807654306851 -0.016710637686994847 -0.029188983156874862 -0.025845594156376751 0.016109519890627415 -0.014193955400847787 0.014274867718418394 -0.0017436951074720705 -0.018142555413681323 -0.038454526132854855 -0.073280297019430896 0.026398049475580998 0.0023833885762540672
leaf_weight=884.17597922682762 3127.5991755872965 224.86635510995984 712.36995311826468 444.17633219063282 74.935142979025841 282.07395274937153 1224.076369792223 601.38480272144079 1433.2450689300895 121.31812807917595 70.649960100650787 727.29370871186256 384.24153297767043 1250.5127279758453 1866.6610114276409 987.28757154196501 403.46055413037539 368.65125067532063 3153.5535515397787 1011.6582902818918 461.06895554810762 366.22930085659027 677.33325101435184 1945.9575940072536 5384.6106975227594 2259.7593709602952 377.65770054981112 91.799933925271034 1020.3520454987884 5260.6161120384932 811.08105612546206
leaf_count=4798 16588 2484 3140 1728 351 5291 4542 3791 5224 602 335 2315 6310 9614 9773 4285 2557 6841 10958 4225 1955 1553 2883 9300 20030 9917 3021 397 12797 18344 3025
internal_value=0 -0.023781 0.0128407 0.0291776 0.00290781 -0.0156495 -0.0132999 0.0059336 0.020718 -0.0669063 0.00893619 0.0270101 -0.0699718 -0.0272 -0.0028129 -0.0143151 -0.0195821 -0.0894414 0.0110215 0.00556335 -0.000951456 0.00904981 -0.0121158 -0.0063696 0.0111459 0.00660963 -0.0386565 0.0229003 -0.083405 0.0252858 0.0213123
internal_weight=0 13408.5 24602.1 9302.38 15299.7 11401.4 11119.4 14664.2 8418.2 635.554 145.585 6523.89 2007.12 4781.57 6337.78 2853.95 3531.06 489.969 11439.5 7474.87 1894.31 6463.21 3224.68 2623.29 6096.98 3483.84 602.524 5796.59 1404.59 5352.42 3964.63
internal_count=188974 87179 101795 34761 67034 62567 57276 58905 29963 8129 686 22784 24612 28759 28517 14058 19145 7443 42931 28948 7179 24723 15974 12183 23170 14459 5505 20469 19107 18741 13983
is_linear=0
shrinkage=0.1


Tree=18
num_leaves=32
num_cat=0
split_feature=32 82 18 82 13 82 18 18 18 68 60 94 32 18 81 74 13 27 27 75 55 86 16 81 68 69 41 14 82 69 93
split_gain=986.176 485.592 344.883 590.141 325.011 303.864 157.474 146.29 123.384 120.093 93.403 84.2159 70.4185 66.0955 59.7372 59.649 58.7771 48.4601 48.2846 48.2506 47.1423 56.2465 46.9271 43.9074 43.6105 43.5182 42.3952 41.7793 38.2914 38.1605 35.2442
threshold=6.5000000000000009 518.50000000000011 3.5000000000000004 1.0000000180025095e-35 103.75000000000001 818.50000000000011 3.5000000000000004 10.500000000000002 1.5000000000000002 56.250000000000007 9.5000000000000018 0.25756797206285859 1.5000000000000002 2.5000000000000004 1.0000000180025095e-35 4.5000000000000009 1.7500000000000002 11.250000000000002 2.7500000000000004 2250.0000000000005 11.850000000000003 1.0000000180025095e-35 38.45000000000001 -1.0000000180025095e-35 52.250000000000007 26.950000000000003 200.75000000000003 455.00000000000006 148.50000000000003 330.55000000000007 0.40173611906686879
decision_type=8 8 10 10 10 8 10 10 10 8 8 2 10 10 10 8 10 8 8 8 10 10 10 10 10 8 8 10 10 8 2
left_child=2 4 3 -1 7 10 23 11 16 20 12 17 18 28 26 -14 -5 -2 -4 -12 -6 -22 25 -3 -19 -18 -9 -17 -10 -15 -13
right_child=1 6 5 8 9 -7 -8 14 13 -11 19 30 15 29 -16 27 22 24 -20 -21 21 -23 -24 -25 -26 -27 -28 -29 -30 -31 -32
leaf_value=0.10871446638357468 0.0073328420965683046 -0.029878377480889586 0.01983202002593586 0.045916638744055993 0.011546625794272221 -0.10892219736728176 -0.1097553657024786 -0.013601748694277058 0.041677691858927106 -0.073628189051284626 -0.0067640945509421209 0.0093719035334086653 0.022099762808177006 0.020327294181969106 -0.050337647018513433 -0.010164796868255339 0.0089527572287705689 -0.035436512480915429 -0.018869749973546665 -0.045893547556619979 -0.005835341282846877 -0.045920178905690195 -0.05268127137768356 0.1054835874172555 -0.0088606927898924031 -0.025432939870443861 -0.074630566382042393 0.011139079426302543 -0.02595987458537042 -0.037798065960824551 0.052223769603421337
leaf_weight=837.53576904535294 1573.2865813151002 187.77447547018528 429.3527724519372 289.09674627333879 236.77428855001926 237.45311861485243 742.0069229118526 1659.4250720739365 2804.4025011360645 931.79409468173981 1659.2018788643181 2880.2274606861174 3871.367293253541 2479.0519756674767 824.88806885108352 1271.279749777168 1820.6451219841838 727.82846017554402 1293.6736793071032 389.02085833251476 467.79258072376251 1390.8228353969753 168.52631644904613 27.468603953719139 4072.4078374430537 461.31542256474495 122.21026798337698 3336.5948871709406 86.274892508983612 118.34082444757223 205.63573565334082
leaf_count=4977 6341 1751 1571 923 1275 4943 14142 9260 9365 10624 7505 11268 14248 8707 5370 5714 6612 5128 5637 2643 2970 9829 739 130 18882 1880 1369 13670 348 494 659
internal_value=0 -0.0188434 0.0138978 0.0287447 -0.014463 0.00312011 -0.0879103 -0.00711274 0.0206042 -0.0437598 0.00529184 -0.00133276 0.00920425 0.0292563 -0.028089 0.0129493 0.0032718 -0.00789821 -0.00922584 -0.014196 -0.0304777 -0.0358313 -0.00175924 -0.0126039 -0.0128902 0.00200143 -0.017788 0.00526149 0.039659 0.017679 0.0122275
internal_weight=0 16050.3 21553.1 9065.19 15093.1 12487.9 957.25 12065.9 8227.65 3027.18 12250.5 9459.39 10202.3 5488.07 2606.52 8479.24 2739.58 6373.52 1723.03 2048.22 2095.39 1858.62 2450.49 215.243 4800.24 2281.96 1781.64 4607.87 2890.68 2597.39 3085.86
internal_count=188974 98998 89976 34045 82975 55931 16023 58277 29068 24698 50988 42278 40840 18914 15999 33632 10154 30351 7208 10148 14074 12799 9231 1881 24010 8492 10629 19384 9713 9201 11927
is_linear=0
shrinkage=0.1


Tree=19
num_leaves=32
num_cat=0
split_feature=32 82 82 18 18 55 94 18 94 56 94 32 74 13 94 2 4 70 5 82 4 34 72 81 4 91 81 82 94 76 41
split_gain=820.175 639.263 455.568 338.5 298.356 160.101 153.436 130.916 117.837 73.1486 68.8911 65.8873 82.4073 60.1808 58.7636 58.7027 58.4012 58.3808 52.0298 51.6824 51.4335 58.3239 51.1155 46.6129 44.7785 42.8124 42.7993 42.0169 41.4867 39.1084 38.8377
threshold=4.5000000000000009 279.50000000000006 1.0000000180025095e-35 10.500000000000002 3.5000000000000004 183.55000000000004 0.18312010072702167 4.5000000000000009 0.24253184001099928 409.00000000000006 0.14530148201113616 1.5000000000000002 13.500000000000002 2.5500000000000003 0.40346320346320352 4.5000000000000009 4.5000000000000009 427.00000000000006 1.0000000180025095e-35 340.50000000000006 5.5000000000000009 6.5000000000000009 36.050000000000004 -194.99999999999997 3.5000000000000004 56.958333333333336 195.00000000000003 98.500000000000014 0.1702538769082633 4.5000000000000009 134.05000000000004
decision_type=8 8 10 10 10 8 2 10 2 10 2 10 8 10 2 2 2 10 2 10 2 10 8 10 2 2 10 10 2 10 10
left_child=2 3 4 6 -1 10 9 28 11 -2 -5 -4 24 -10 16 18 17 25 22 -9 21 27 -11 -12 -13 -8 -26 -15 -3 -19 -17
right_child=1 7 8 5 -6 -7 14 19 13 15 23 12 -14 20 -16 30 -18 29 -20 -21 -22 -23 -24 -25 26 -27 -28 -29 -30 -31 -32
leaf_value=0.1078167592726561 -0.052433961988627133 -0.070547390010109554 -0.015652982470987422 -0.045213400738005255 -0.10781686812704749 -0.072994017639720563 -0.019747035414574732 -0.10774645428694657 0.041801130565100791 -0.0025969612976814212 0.0035800149083405966 0.024475475989350796 -0.035086326889888449 0.024675317727178753 0.036549229273927154 -0.021743805472310591 -0.0075584685498800916 0.012216329948088387 0.0034672083528383933 -0.016274105587533852 0.0019134651014057658 0.10237432253076542 -0.035090217978273573 -0.024140962410253777 0.01031997441824218 0.080392281999067547 -0.022361785646375722 -0.0040828576764808484 0.01334669023916682 0.053253792393476267 -0.073282222501002831
leaf_weight=763.82066318392754 436.23904379829764 96.694230183959007 1393.9322561211884 1074.3372974395752 70.050202809274197 791.77025909349322 790.4426757209003 864.39845346286893 1266.8429258540273 1052.9247770830989 883.41501925140619 1894.0134472697973 392.01633043959737 4450.8177731558681 622.61323736608028 1358.694654121995 2672.6484109312296 4957.5407368987799 2985.8618393056095 66.521454647183418 1527.2009492814541 90.537706635892391 896.21284296736121 1935.6881180182099 2229.6432729773223 45.130926568061113 488.49794920161366 573.50729846209288 150.9867799654603 243.63785595446825 163.84720569849014
leaf_count=4977 4201 1144 6105 7849 1627 9961 4583 17643 4239 4829 4665 6882 2010 15803 2118 7128 11282 19140 14260 482 5775 244 4899 10824 8703 232 2119 2247 941 854 1208
internal_value=0 -0.0123634 0.0178523 -0.00832471 0.0897022 -0.0320019 -0.0014879 -0.0840189 0.0136646 -0.012802 -0.0236657 0.00357441 0.00893028 0.0218273 0.00687009 -0.0101247 0.0047484 0.010197 -0.0048288 -0.10121 0.0180177 0.0228261 -0.0175374 -0.0154541 0.0126715 -0.0143383 0.00444649 0.0213927 -0.0194054 0.0141386 -0.0272901
internal_weight=0 22089.6 15140.9 20911 833.871 4685.21 16225.8 1178.6 14307 6893.78 3893.44 6398.1 5004.17 7908.91 9332.01 6457.54 8709.4 6036.75 4935 930.92 6642.06 5114.86 1949.14 2819.1 4612.15 835.574 2718.14 5024.33 247.681 5201.18 1522.54
internal_count=188974 128243 60731 108033 6604 33299 74734 20210 54127 36525 23338 25819 19714 28308 38209 32324 36091 24809 23988 18125 24069 18294 9728 15489 17704 4815 10822 18050 2085 19994 8336
is_linear=0
shrinkage=0.1


Tree=20
num_leaves=32
num_cat=0
split_feature=18 82 82 13 27 71 18 11 63 88 32 14 18 4 48 16 55 86 72 4 27 32 55 18 21 81 27 93 70 28 82
split_gain=705.849 718.053 577.769 314.323 133.849 127.298 115.135 101.859 82.9984 81.4651 74.3751 69.849 68.9225 66.4798 61.8998 59.5067 58.4601 64.569 54.4984 50.201 47.9512 40.0257 45.9958 39.9857 39.6501 38.461 37.5284 36.068 35.9807 35.5295 33.6454
threshold=3.5000000000000004 818.50000000000011 1.0000000180025095e-35 103.75000000000001 6.7500000000000009 -7.4999999999999991 1.5000000000000002 1.0000000180025095e-35 1.237412989683194 288.50000000000006 7.5000000000000009 483.00000000000006 2.5000000000000004 1.0000000180025095e-35 2.0000000000000004 37.550000000000004 12.65 1.0000000180025095e-35 14.65 6.5000000000000009 2.9500000000000006 1.5000000000000002 22.850000000000005 10.500000000000002 -0.091663259718874582 1.0000000180025095e-35 188.95000000000002 0.087870443144779112 441.00000000000006 475.00000000000006 104.50000000000001
decision_type=8 8 10 10 8 10 10 10 8 8 10 10 10 2 10 10 10 10 10 2 8 10 10 10 10 10 10 2 10 10 10
left_child=2 3 -1 4 23 -5 15 -3 9 10 21 14 19 18 -11 20 -7 -18 -12 30 -4 -6 -23 -2 -17 -22 -19 -14 -16 -10 -8
right_child=1 7 6 5 8 16 12 -9 29 11 13 -13 27 -15 28 24 17 26 -20 -21 25 22 -24 -25 -26 -27 -28 -29 -30 -31 -32
leaf_value=0.10713793194801709 0.015988410269465292 -0.02482177242806553 0.032568223468034223 -0.073370096358828324 -0.030418337359140676 0.013274005895004061 0.036604229676248448 -0.10787776910465748 -0.047793865562322235 0.032293208091869911 -0.060133305417765306 0.024842005526927544 -0.013826944096960572 -0.022978493319880607 -0.02460427288309891 -0.013716107828769922 -0.00029952271228057717 -0.031932776212318791 0.054343530103600893 -0.010390693518192693 0.0075907993518596305 0.0081439598914773894 -0.01028461403288649 -0.0058406349470147565 -0.070888784526034643 -0.022219995619250758 -0.066884009239525075 0.015703851401772613 0.00038712073766074447 -0.010386793352249939 -0.0077480367892916423
leaf_weight=720.92328536510468 4445.194117706269 180.48211076110601 546.92241802066565 687.28115129843354 464.71206630021334 347.55356349423528 3329.2979143634439 811.91355559974909 651.07687205448747 457.28295405209064 52.68411011993885 1454.7446452192962 476.72393973916769 3844.7470373995602 843.4538019746542 526.00518491119146 522.15131149068475 1226.4669956900179 197.41725119203329 270.40428840368986 1585.3322965353727 3118.9193676933646 2393.8810735717416 1034.4127201549709 157.65961626917124 595.29849088191986 409.8772736787796 3123.1242816075683 1817.377728883177 416.23860755935311 180.30155747383833
leaf_count=5104 16459 1747 1836 9423 2186 1857 11395 18998 5809 1952 268 6087 1880 19886 4629 2092 3303 8530 774 1043 5863 12652 11219 4535 726 2398 3531 11207 7733 3156 696
internal_value=0 -0.00939049 0.0204638 -0.00599715 -0.00159001 -0.0352446 0.0146733 -0.0927728 -0.00628325 -0.0043212 -0.00934654 0.00674783 0.021696 -0.0197287 -0.00169394 -0.000519563 -0.0247887 -0.0309174 0.0302289 0.0311269 0.0060929 -0.0022343 0.000141527 0.0118676 -0.0269007 -0.00054736 -0.0406875 0.0117931 -0.00753487 -0.0332056 0.0343257
internal_weight=0 25377.9 11512 24385.5 21192.1 3193.33 10791.1 992.396 15712.5 14645.2 10072.4 4572.86 7379.85 4094.85 3118.11 3411.22 2506.05 2158.5 250.101 3780 2727.55 5977.51 5512.8 5479.61 683.665 2180.63 1636.34 3599.85 2660.83 1067.32 3509.6
internal_count=188974 144734 44240 123989 97345 26644 39136 20745 76351 67386 46985 20401 26221 20928 14314 12915 17221 15364 1042 13134 10097 26057 23871 20994 2818 8261 12061 13087 12362 8965 12091
is_linear=0
shrinkage=0.1


Tree=21
num_leaves=32
num_cat=0
split_feature=18 73 46 82 82 82 41 94 4 94 90 94 32 94 68 82 14 81 20 82 18 5 4 94 16 81 41 27 16 0 27
split_gain=597.258 320.418 210.906 471.114 196.837 170.873 103.174 81.9294 81.0296 74.8278 65.5728 65.0493 63.6579 54.4643 54.0264 51.2354 47.3331 47.0986 43.3852 45.1453 43.3347 41.9901 54.3155 44.6328 41.5593 40.8436 34.2416 34.2184 33.3798 33.0658 32.6716
threshold=7.5000000000000009 16.291666666666668 3.5000000000000004 1.0000000180025095e-35 211.50000000000003 504.50000000000006 20.950000000000003 0.19148172405975258 5.5000000000000009 0.28738482602530163 1.0000000180025095e-35 0.42220501267248667 3.5000000000000004 0.15643947737022215 56.250000000000007 217.50000000000003 431.00000000000006 -44.999999999999993 3.5000000000000004 259.50000000000006 12.500000000000002 1.0000000180025095e-35 3.5000000000000004 0.15643947737022215 38.250000000000007 -44.999999999999993 9.7500000000000018 156.15000000000001 36.050000000000004 11.500000000000002 11.250000000000002
decision_type=8 8 8 10 8 8 10 2 2 2 10 2 10 2 8 10 10 10 8 8 10 2 2 2 10 10 10 10 10 2 10
left_child=2 5 3 -1 9 6 17 -3 11 14 25 -5 26 -12 21 -14 -16 -2 19 -9 28 23 24 -4 -23 -8 -6 -26 -19 -25 -10
right_child=1 7 4 8 12 -7 10 18 30 -11 13 -13 15 -15 16 -17 -18 20 -20 -21 -22 22 -24 29 27 -27 -28 -29 -30 -31 -32
leaf_value=0.10630176798483074 0.012399656803228012 -0.074320558130392844 -0.020576396144582978 0.017158588827101914 0.031834360517315877 -0.10535072575312195 0.013160288946024494 -0.030986678737380619 0.0045367048350565316 0.015963643342479399 -0.044484613477366632 0.049935645239016141 -0.10669453469090251 -0.017755897159788338 -0.089397447200117303 -0.028590371423224206 -0.011784116431740106 0.012919878921285301 0.0059826526133867422 -0.10858766664684075 -0.025965603068592458 0.03318807635845715 -0.0013235318794243053 0.0085628435583542297 0.012190556579718412 -0.016499260995048795 -0.089364809270224707 -0.04708750054749531 -0.0092627894256172207 -0.019407197999763121 -0.026120806020997391
leaf_weight=610.67941558361053 1930.0233328416944 1080.6064061075449 1193.2946939170361 5654.9040230810642 94.742170237004757 189.50285467132926 729.50954642146826 341.42997460439801 1415.2583454847336 3936.627531349659 1304.2312926910818 678.08840841054916 247.86287899315357 1834.878023840487 81.916813060641289 127.0350197032094 1926.9255606010556 1095.6344158127904 225.35263733193278 96.06053463742137 899.15712091326714 1207.6042963787913 2330.6634151563048 2053.0459633022547 1090.5615317523479 1277.1149520725012 30.917796920984983 106.92848490923643 1781.1198138296604 532.23277987539768 460.79259046167135
leaf_count=4798 8364 17540 5447 20469 751 5182 3946 3382 5224 14362 9686 2315 6573 10302 665 633 9512 4622 1916 2198 4509 4420 9576 7917 4225 7519 152 583 8013 2218 1955
internal_value=0 -0.0175027 0.00929895 0.0215644 0.00206801 -0.0112118 -0.00956786 -0.0573425 0.0152606 0.00420218 -0.0198357 0.0206681 -0.0595825 -0.0288611 -0.000197687 -0.0802288 -0.014949 -0.000308136 -0.029664 -0.0480257 -0.00680361 0.0032827 0.00955558 -0.00457923 0.020098 -0.00571651 0.00201411 0.00689739 -0.000814346 0.00280464 -0.00299334
internal_weight=0 12784.6 23780.1 8819.72 14960.4 11041.2 10851.7 1743.45 8209.04 14459.8 5145.73 6332.99 500.558 3139.11 10523.2 374.898 2008.84 5705.93 662.843 437.491 3775.91 8514.33 4735.76 3778.57 2405.09 2006.62 125.66 1197.49 2876.75 2585.28 1876.05
internal_count=188974 87179 101795 34761 67034 62143 56961 25036 29963 58925 31453 22784 8109 19988 44563 7206 10177 25508 7496 5580 17144 34386 18804 15582 9228 11465 903 4808 12635 10135 7179
is_linear=0
shrinkage=0.1


Tree=22
num_leaves=32
num_cat=0
split_feature=32 82 18 82 82 13 18 56 18 81 21 55 7 76 86 4 72 60 94 32 86 27 94 18 82 27 14 94 49 62 84
split_gain=523.804 255.517 207.719 447.363 255.632 165.546 113.375 97.616 87.4997 77.7889 91.1904 77.1942 50.3721 49.9101 49.402 47.017 46.7785 43.8691 43.2175 47.0578 41.9536 43.968 41.1834 40.4881 35.856 34.4009 33.7557 33.2194 33.2012 32.5536 32.4352
threshold=7.5000000000000009 274.50000000000006 3.5000000000000004 1.0000000180025095e-35 818.50000000000011 92.550000000000011 4.5000000000000009 397.00000000000006 1.5000000000000002 145.00000000000003 0.67722382671207437 28.250000000000004 1.5000000000000002 4.5000000000000009 664.50000000000011 5.5000000000000009 36.650000000000013 9.5000000000000018 0.46058243076783917 1.5000000000000002 1.0000000180025095e-35 188.95000000000002 0.10621167128408451 2.5000000000000004 301.50000000000006 3.7500000000000004 469.00000000000006 0.1702538769082633 -0.95208452310588865 3.5000000000000004 63.500000000000007
decision_type=8 8 10 10 8 10 10 10 10 10 10 8 2 8 8 2 8 8 2 10 10 10 2 10 10 10 10 2 8 10 10
left_child=2 5 3 -1 11 9 27 -7 16 12 -11 18 13 14 25 23 -5 -13 19 -4 -9 -22 -21 -10 -8 -2 28 -3 -19 -17 -18
right_child=1 6 4 8 -6 7 24 20 15 10 -12 17 -14 -15 -16 29 30 26 -20 22 21 -23 -24 -25 -26 -27 -28 -29 -30 -31 -32
leaf_value=0.10568639819432846 0.037770073682293466 -0.062609112008241111 -0.0097060044220588313 0.011493092408865129 -0.10589841747300868 -0.084937087442122305 -0.10673419144062313 -0.0030454243738273334 0.034067077116346094 -0.0074101644907670992 -0.051630766166174284 -0.0010109744610824667 0.033928162576324382 -0.016052119223138189 0.022337396914308805 -0.052292371210277903 -0.022088686241057458 0.035490083953147337 0.038443320619521722 -0.039972731678020457 -0.025791733388362555 -0.061083393990347123 0.010736623772502406 0.016074833707630447 -0.022361836249429994 -0.0052604417145206625 -0.0082298770181760232 0.018126684484446317 -0.045373215285900208 0.0070016126647075242 0.020298575906039111
leaf_weight=578.1318234950304 196.44529034942389 81.539497643709183 1498.578681666404 1650.0438687801361 219.17279203236103 330.57513375580311 476.89020601287484 561.5565010458231 2584.5075908377767 1268.6449723616242 737.3926197476685 3039.6623283065856 382.57136135548353 2125.0180738158524 984.50102979689837 109.57964594662189 992.12492728233337 55.367241889238358 444.21551835536957 163.63004525750875 1513.4695385284722 460.40314659103751 7545.8531367555261 2423.5114895924926 56.316972300410271 3424.440868191421 802.29600886628032 135.90886242687702 612.20125176757574 597.31120027601719 220.68455490469933
leaf_count=4977 674 1118 6273 5977 6545 5909 12536 4206 9069 6596 4400 14145 1578 12623 3969 472 3998 252 1497 830 10615 4248 29741 8706 442 15305 4425 890 3990 2183 785
internal_value=0 -0.0164071 0.00876903 0.0205426 0.00127319 -0.0128622 -0.0730047 -0.0338263 0.014804 -0.0062734 -0.0236651 0.00293181 -0.00136852 -0.00337486 0.00247468 0.0219524 0.000534066 -0.00786964 0.00797824 0.00650854 -0.0271623 -0.0340235 0.00966034 0.0253602 -0.0978228 -0.00292589 -0.0220533 -0.0121479 -0.0386665 -0.00218992 -0.0143758
internal_weight=0 12735.7 23536.9 9155.9 14381 11985 750.656 2866 8577.76 9119.01 2006.04 14161.8 7112.98 6730.41 4605.39 5714.91 2862.85 4509.53 9652.28 9208.06 2535.43 1973.87 7709.48 5008.02 533.207 3620.89 1469.86 217.448 667.568 706.891 1212.81
internal_count=188974 85109 103865 36167 67698 70123 14986 24978 31190 45145 10996 61153 34149 32571 19948 20430 10760 22812 38341 36844 19069 14863 30571 17775 12978 15979 8667 2008 4242 2655 4783
is_linear=0
shrinkage=0.1


Tree=23
num_leaves=32
num_cat=0
split_feature=13 68 18 82 82 4 18 22 13 81 69 82 94 68 90 60 5 41 72 18 90 0 28 77 4 94 14 94 58 62 5
split_gain=446.699 230.889 194.042 391.043 315.74 83.0605 77.1076 73.0066 58.292 55.5956 49.0317 50.6913 47.1299 50.9498 47.049 45.8581 59.1044 45.0293 44.1528 43.9424 38.5805 36.4176 34.6015 31.6144 30.2607 29.8409 29.4508 29.4203 33.0924 28.8255 28.2808
threshold=33.650000000000013 52.250000000000007 3.5000000000000004 1.0000000180025095e-35 818.50000000000011 3.5000000000000004 9.5000000000000018 1.0000000180025095e-35 3.7500000000000004 -24.999999999999996 7.3500000000000005 55.500000000000007 0.38385573419927138 56.750000000000007 97.500000000000014 5.5000000000000009 1.0000000180025095e-35 4.1500000000000012 14.15 9.5000000000000018 99.500000000000014 9.5000000000000018 433.00000000000006 -0.21614974037912368 6.5000000000000009 0.10896709511534981 465.00000000000006 0.17251791819238846 35.550000000000004 2.0000000000000004 1.0000000180025095e-35
decision_type=8 10 10 10 8 2 10 10 10 10 8 10 2 8 8 10 2 10 10 10 8 2 8 8 2 2 10 2 10 10 2
left_child=2 9 3 -1 8 18 17 15 -4 27 21 24 13 14 -10 -8 -17 -3 -5 -11 -19 -7 -15 -21 -12 -9 -20 28 -2 -22 -16
right_child=1 6 4 5 -6 10 7 25 12 19 11 -13 -14 22 30 16 -18 20 26 23 29 -23 -24 -25 -26 -27 -28 -29 -30 -31 -32
leaf_value=0.10527260624115592 -0.065149075047040553 0.048743504545154942 0.021066471157397643 -0.0058254227791930202 -0.10581852014886571 0.02348673000474143 0.018205736262941329 -0.076276642910349815 -0.0047337100837858605 -0.04141384932756751 0.011743169887120194 -0.018600101688706513 0.022852958976475116 -0.072553312945705356 0.00086162365172570894 -0.03493821778406233 0.01393056311403895 -0.013125365847965413 0.019652093745135837 -0.0071450756720021187 0.029564630251853311 0.00016987620596846479 -0.011887157966798187 -0.083305121189808193 -0.020236876588183732 -0.033089382905294659 0.040946624726602147 -0.00016394538476001877 -0.0058244027966112798 -8.0796939620169164e-05 0.016114820752819083
leaf_weight=485.89668066799641 239.68230148777366 165.93373527005315 1435.2658685445786 357.41947933286428 277.13392738439143 2152.9926834255457 480.72328779101372 182.00491137430072 5599.5593408830464 723.74911211803555 2071.2353232502937 1115.1658891588449 840.20551504939795 97.729403510689735 2362.6827271580696 746.41871824115515 370.25450914353132 2442.6026301681995 1154.9937723129988 59.676935678347945 389.78692596778274 972.36227213591337 2474.3283800855279 628.82431118935347 345.19603753089905 1322.8929782416672 1483.8933441862464 295.99353949725628 154.72858890146017 2068.8477423340082 2503.5664381757379
leaf_count=4528 3821 615 5141 1384 8614 7554 2553 1696 23367 7314 7543 4467 2980 795 9400 6121 2347 13032 4199 459 2037 3656 12797 11659 1391 9398 5097 2430 1418 11573 9588
internal_value=0 -0.0176973 0.00697003 0.0177386 -3.32562e-05 0.0133326 -0.0100913 -0.0225076 0.0018812 -0.0472492 0.0071094 -0.000964159 -0.000102937 -0.00158229 0.00151671 -0.00761787 -0.0187348 -0.00248958 0.0271589 -0.0586184 -0.0042241 0.0162324 -0.0141923 -0.0767038 0.0071747 -0.0383125 0.0316264 -0.0239929 -0.0418758 0.00461913 0.00870902
internal_weight=0 10272.1 25729.6 10139.2 15590.5 9653.26 8169.47 3102.29 15313.3 2102.65 6656.95 3531.6 13878.1 13037.9 10465.8 1597.4 1116.67 5067.17 2996.31 1412.25 4901.24 3125.35 2572.06 688.501 2416.43 1504.9 2638.89 690.404 394.411 2458.63 4866.25
internal_count=188974 76473 112501 39819 72682 35291 49372 22115 64068 27101 24611 13401 58927 55947 42355 11021 8468 27257 10680 19432 26642 11210 13592 12118 8934 11094 9296 7669 5239 13610 18988
is_linear=0
shrinkage=0.1


Tree=24
num_leaves=32
num_cat=0
split_feature=32 82 82 18 18 18 70 94 0 93 81 35 32 41 17 49 6 21 16 86 5 72 0 82 70 77 41 2 81 93 69
split_gain=379.207 376.828 305.073 179.138 171.677 142.839 94.5228 85.5995 85.4938 64.9789 54.1644 69.1406 60.6402 54.0946 48.6386 46.3953 44.6854 83.1037 40.1024 41.791 39.341 37.6343 37.0477 36.9464 42.5112 36.3025 35.6147 34.8555 34.1943 33.301 32.6793
threshold=4.5000000000000009 504.50000000000006 1.0000000180025095e-35 3.5000000000000004 11.500000000000002 3.5000000000000004 429.00000000000006 0.18718895269346458 12.500000000000002 0.29424376098960425 175.00000000000003 0.59667375099073661 1.5000000000000002 96.15000000000002 4.7083333333333348 1.0433605345363357 1250.0000000000002 0.76509663658989702 35.050000000000004 232.50000000000003 1.0000000180025095e-35 41.650000000000013 9.5000000000000018 105.50000000000001 427.00000000000006 -0.72507976425484688 109.05000000000001 5.5000000000000009 -54.999999999999993 0.048040585372286705 3.3500000000000001
decision_type=8 8 10 10 10 10 10 2 2 2 10 10 10 8 10 8 2 10 10 8 2 8 2 10 10 10 8 2 10 2 8
left_child=2 4 3 -1 7 -3 26 13 9 10 12 -12 30 16 -8 18 28 -18 22 21 -10 27 -9 24 -14 -15 -6 -20 -2 -26 -4
right_child=1 5 8 -5 6 -7 14 15 20 -11 11 -13 23 25 -16 -17 17 -19 19 -21 -22 -23 -24 -25 29 -27 -28 -29 -30 -31 -32
leaf_value=0.10467251442541325 0.030772297211500033 -0.004409103349682723 0.025290559467168364 -0.10470565690844735 -0.038717109948191414 -0.10513587573543103 0.003767225671275954 0.026850342304672398 -0.023485901742131735 0.035846592485179546 0.0081070928158882265 -0.031146759632834822 -0.0054181543069230223 -0.052497356657181395 -0.02649073323116706 -0.011272274216381155 -0.0067442719219796485 -0.054594037565996859 0.0026658739394828869 0.017029786042617744 0.0035686668596803662 -0.0497351020941336 -0.0014590986052221496 -0.0040694422348348603 -0.054408788192399561 -0.01756465464735046 -0.084099723928499417 -0.028559469756945961 -0.00086460256294900372 0.024600099191761687 -0.0075305012028633383
leaf_weight=483.66403543949127 471.99466754123569 190.04754372686148 374.31427083909512 44.633268613368273 376.93058950453997 543.13112437166274 733.20528205484152 1593.3634960353374 981.94355114176869 1119.1156069040298 1484.0463475622237 643.18441842868924 547.90898347273469 406.67036584764719 1928.7690169513226 1618.2261855714023 3815.8811623714864 401.11540056020021 3732.6231412366033 1541.1578325890005 1187.4514649249613 160.13083164393902 651.20255494117737 645.09902339056134 53.883110746741295 1108.0774965211749 319.49513088166714 395.34744271636009 1236.9975226297975 5355.5984227061272 1600.5363762304187
leaf_count=4977 2357 1885 1325 1627 3945 17489 3958 6048 4172 3973 5794 2830 2370 4865 12387 7571 19287 2394 15085 6476 4711 1066 2699 2626 258 7139 5757 1939 5896 19439 6629
internal_value=0 -0.00858423 0.0123872 0.0869832 -0.00606379 -0.0790264 -0.0267376 -0.00201128 0.00957094 0.0129191 0.0105221 -0.00376161 0.0140646 -0.0100785 -0.0181566 0.00418202 -0.00576765 -0.0112957 0.0072795 0.00290624 -0.00867717 -0.0021698 0.0186371 0.0186631 0.0211247 -0.0269432 -0.059537 -0.000324666 0.00787297 0.0238131 -0.00130958
internal_weight=0 21224.4 14521.4 528.297 20491.2 733.179 3358.4 17132.8 13993.1 11823.7 10704.6 2127.23 8577.34 7440.74 2661.97 9692.05 5925.99 4217 8073.83 5829.26 2169.4 4288.1 2244.57 6602.49 5957.39 1514.75 696.426 4127.97 1708.99 5409.48 1974.85
internal_count=188974 128243 60731 6604 108869 19374 26047 82822 54127 45244 41271 8624 32647 41938 16345 40884 29934 21681 33313 24566 8883 18090 8747 24693 22067 12004 9702 17024 8253 19697 7954
is_linear=0
shrinkage=0.1


Tree=25
num_leaves=32
num_cat=0
split_feature=27 68 18 82 82 94 13 4 5 16 18 18 82 81 18 36 69 44 4 13 41 69 55 3 0 7 63 16 32 5 5
split_gain=329.489 172.518 135.034 303.988 218.121 69.4243 68.6475 64.4742 76.8297 66.159 56.4937 50.4169 46.2605 43.2706 43.1441 42.6283 40.4939 39.7939 39.6675 38.4429 36.7728 37.3066 36.5061 35.6987 35.293 46.8387 43.4882 40.3706 35.4064 32.7713 31.5822
threshold=29.450000000000003 57.750000000000007 3.5000000000000004 1.0000000180025095e-35 818.50000000000011 0.28552451822892083 176.25000000000003 2.0000000000000004 1.0000000180025095e-35 38.250000000000007 1.5000000000000002 12.500000000000002 175.50000000000003 45.000000000000007 10.500000000000002 1.0000000180025095e-35 3.6500000000000008 35.750000000000007 5.5000000000000009 1.9500000000000002 16.150000000000002 8.8500000000000032 13.050000000000002 54.250000000000007 8.5000000000000018 2.5000000000000004 0.61498058638194986 36.650000000000013 1.5000000000000002 1.0000000180025095e-35 1.0000000180025095e-35
decision_type=8 8 10 10 8 2 10 2 2 10 10 10 10 10 10 10 8 10 2 10 10 10 10 2 2 2 8 10 10 2 2
left_child=2 6 3 -1 11 14 7 8 17 -10 15 16 19 20 -3 18 -4 -2 -5 -12 -9 -22 -8 -15 26 28 27 -18 -26 -30 -21
right_child=1 5 4 10 -6 -7 22 13 9 -11 12 -13 -14 23 -16 -17 24 -19 -20 30 21 -23 -24 -25 25 -27 -28 -29 29 -31 -32
leaf_value=0.10414771580295433 0.0045542596045586676 -0.038194126840125311 0.018015689334001033 0.028096389219051401 -0.10452325064714228 0.0058612890311055561 0.033041719897576663 0.009305796462163958 0.03221323630862781 -0.0024065720585564072 0.058719699148996232 -0.014166946883324802 -0.044281993450177991 -0.0058262176040446085 -0.073476322092680804 -0.01138499440594219 0.021515166029573429 -0.030413232898769755 -0.0038946513081435084 0.0096116326030131552 0.014074473629438471 -0.018281591778286681 -0.038340661131715699 -0.041381331017088623 -0.03249809637515727 0.093327521258779772 -0.0054855507342970733 0.0029689355132188205 -0.012668048295881166 0.0050203961470302455 0.025098535046420279
leaf_weight=377.00535752624273 590.35154970921576 922.32322823256254 1832.7982310391963 802.51350632309914 194.15386576019228 246.62444117106497 77.357716679573059 937.91307616978884 1163.5861959271133 1050.2228620778769 240.12398640811443 1680.9115119166672 115.78159921616316 428.14561866596341 555.22396258451045 1407.6714063286781 2277.4750414304435 725.29860249906778 749.66519995033741 2487.7683483287692 417.71228396892548 2425.7025805134326 970.09922904707491 829.4922868013382 443.60981184616685 48.337307684123516 2054.1103831343353 2421.7126355245709 1878.8834532797337 2366.8131932802498 2797.5083031356335
leaf_count=4321 2775 11079 6758 2765 7461 1991 447 4174 5053 5260 838 8908 493 2301 11967 5492 8759 4008 2853 9289 1963 16477 8650 4788 2011 166 9495 10024 8357 10087 9964
internal_value=0 -0.0141259 0.00653408 0.0162579 0.000790171 -0.0432542 -0.00890312 -0.00594896 0.0044158 0.0157897 0.0124054 0.00215288 0.0182759 -0.0132088 -0.0514523 0.00121686 0.00421178 -0.0147228 0.0126455 0.0195868 -0.00786459 -0.0135283 -0.0330689 -0.0292771 0.00201006 -0.00460666 0.0066519 0.0119574 -0.00561617 -0.00280742 0.0178089
internal_weight=0 11340.1 24176.8 8978.04 15198.8 1724.17 9615.88 8568.43 3529.46 2213.81 8601.03 15004.7 5641.18 5038.97 1477.55 2959.85 13323.7 1315.65 1552.18 5525.4 3781.33 2843.41 1047.46 1257.64 11490.9 4737.64 6753.3 4699.19 4689.31 4245.7 5285.28
internal_count=188974 80933 108041 36015 72026 25037 55896 46799 17096 10313 31694 64565 20584 29703 23046 11110 55657 6783 5618 20091 22614 18440 9097 7089 48899 20621 28278 18783 20455 18444 19253
is_linear=0
shrinkage=0.1


Tree=26
num_leaves=32
num_cat=0
split_feature=32 82 60 82 82 18 55 93 86 72 18 94 87 82 14 34 14 4 13 69 4 5 16 20 2 7 2 72 82 69 16
split_gain=283.347 172.926 122.827 299.439 143.722 100.798 97.4011 60.879 59.86 52.4889 50.2136 47.1654 41.9852 44.6734 41.8009 38.3961 40.0236 38.0294 37.3832 37.3766 37.0376 52.4471 39.8399 39.24 37.275 36.8587 37.2727 37.2317 36.4513 34.7821 37.7082
threshold=7.5000000000000009 274.50000000000006 3.5000000000000004 1.0000000180025095e-35 153.50000000000003 4.5000000000000009 159.85000000000005 0.12270557530783162 1.0000000180025095e-35 14.15 11.500000000000002 0.19445969711229391 105.00000000000001 253.50000000000003 431.00000000000006 2.0000000000000004 449.00000000000006 6.5000000000000009 2.1500000000000008 10.250000000000002 3.5000000000000004 1.0000000180025095e-35 38.250000000000007 2.0000000000000004 4.5000000000000009 1.5000000000000002 5.5000000000000009 33.650000000000013 301.50000000000006 10.850000000000003 40.650000000000013
decision_type=8 8 8 10 8 10 8 2 10 10 10 2 8 8 10 10 10 2 10 8 2 2 10 10 2 2 2 8 10 10 10
left_child=2 6 3 -1 9 -3 8 17 15 14 19 -8 13 -6 -4 -2 -17 -5 -9 -10 21 -11 -23 -22 -25 26 29 -27 -7 -21 -31
right_child=1 5 4 7 12 28 11 18 10 20 -12 -13 -14 -15 -16 16 -18 -19 -20 25 23 22 -24 24 -26 27 -28 -29 -30 30 -32
leaf_value=0.10386180492399355 0.040767804152249842 -0.0070410477297105124 -0.088898966964806966 0.0026684911779246384 -0.032618761193484613 -0.10451915587517457 -0.045986981477350114 0.039706435176800045 0.0032017516017704066 -0.0011212427728406434 -0.026550520647851707 -0.0069460909467878992 -0.0040076393482258782 -0.091176502722130209 -0.013026456542402193 -0.024792110934554454 0.011524681711312129 -0.038881477730484157 0.014511153984284458 -0.055023319532477938 -0.025909058918016578 0.030857381240065797 0.0078262001641566468 0.0080464417269073708 -0.0070482662743407828 -0.046464345762881137 -0.038962368869220942 0.04089345704020441 -0.016412283134070206 -0.0064640815578283764 -0.070942159870631433
leaf_weight=369.96875543892384 323.48446383327246 206.21904677152634 78.961418502032757 2124.5121700819582 316.89299235865474 353.78043348714709 997.64978301897645 661.66988813132048 2568.3133594617248 1967.9891682714224 1493.7791725434363 448.5856757350266 210.39544104225934 221.23445944860578 903.21391598880291 393.49756906926632 1326.2226623669267 245.76367140933871 5354.2599569540471 168.4104230478406 525.11268365383148 1574.6187743470073 1436.0767260268331 4399.4099353849888 2604.4075557664037 62.051742389798164 545.08531975001097 228.23533215001225 54.142479730769992 3055.416485644877 93.475793495774269
leaf_count=4555 1482 2008 772 8584 1487 12536 13421 2305 10788 8143 10277 3776 2320 5891 5406 2387 6399 1135 19811 1406 2195 5880 5895 17656 11830 318 3323 953 442 15005 588
internal_value=0 -0.0122962 0.00649854 0.0158184 0.000767114 -0.0640201 -0.00958219 0.0119342 -0.00615688 0.00313375 -0.00996663 -0.0338775 -0.0418841 -0.056693 -0.0191262 0.00916032 0.00321486 -0.00163965 0.0172823 -0.00628076 0.00488174 0.0115735 0.0198717 0.00045662 0.00243339 -0.0121454 -0.0147282 0.0222199 -0.092825 -0.0107462 -0.00837813
internal_weight=0 12318.3 22994.5 8756.17 14238.3 614.142 11704.2 8386.21 10258 13489.8 8214.77 1446.24 748.523 538.127 982.175 2043.2 1719.72 2370.28 6015.93 6720.99 12507.6 4978.68 3010.7 7528.93 7003.82 4152.68 3862.39 290.287 407.923 3317.3 3148.89
internal_count=188974 85109 103865 36390 67475 14986 70123 31835 52926 57777 42658 17197 9698 7378 6178 10268 8786 9719 22116 32381 51599 19918 11775 31681 29486 21593 20322 1271 12978 16999 15593
is_linear=0
shrinkage=0.1


Tree=27
num_leaves=32
num_cat=0
split_feature=18 27 73 94 82 0 7 2 81 82 46 32 82 82 18 5 17 19 42 16 16 86 48 14 68 3 2 13 94 0 21
split_gain=248.874 140.878 132.862 67.2363 63.5914 62.9996 74.2354 57.7735 57.2485 56.7358 60.3831 56.3693 157.643 93.2896 148.061 53.6018 53.059 45.9757 44.8757 43.1153 41.6394 41.5435 61.0521 63.5537 49.4117 55.363 50.646 39.913 39.5895 37.2658 36.9113
threshold=9.5000000000000018 5.2500000000000009 16.291666666666668 0.084836533428944663 742.50000000000011 12.500000000000002 2.5000000000000004 4.5000000000000009 -44.999999999999993 6.5000000000000009 3.5000000000000004 4.5000000000000009 504.50000000000006 1.0000000180025095e-35 3.5000000000000004 1.0000000180025095e-35 2.291666666666667 1550.0000000000002 455.00000000000006 38.45000000000001 36.650000000000013 232.50000000000003 2.0000000000000004 479.00000000000006 59.500000000000007 58.750000000000007 6.5000000000000009 60.150000000000013 0.12586448598130842 8.5000000000000018 -0.17587470251845491
decision_type=8 8 8 2 8 2 2 2 10 10 10 10 8 10 10 2 10 10 10 10 10 8 8 10 8 2 2 10 2 2 10
left_child=1 9 4 -3 7 11 15 8 30 10 -1 13 21 14 -5 -7 -4 27 -18 -17 -19 24 -23 -24 25 26 -13 -10 -9 -11 -2
right_child=2 3 16 5 -6 6 -8 28 17 29 -12 12 -14 -15 -16 19 18 20 -20 -21 -22 22 23 -25 -26 -27 -28 -29 -30 -31 -32
leaf_value=0.096541032281196981 -0.0025228361913716604 -0.046889346310432178 -0.006302985016880514 0.10404634091541859 -0.10378527092722334 -0.028162082951458119 0.10514118514061249 -0.065013410166738145 -0.014908769961649002 0.02189472733197657 -0.053515099085301422 -0.001531482889534838 -0.10499966330144926 0.0084404484149464814 -0.10492389096935664 0.0073111722200085317 -0.078221511968978141 0.023092346340360295 -0.030297518206258769 -0.027516679759424546 -0.011859992910584994 0.046563387465410944 -0.0091362514752520319 0.027291951594393959 -0.043479697839750309 0.041279487624773487 -0.044852998903504325 -0.052719841391223758 -0.019046114431412738 0.0061895942810245401 0.026720442527147666
leaf_weight=158.06591994687915 943.70971759036183 295.96184691973031 232.44280496053398 211.33458131551743 72.442800870165229 1410.9495964366943 53.556510603055358 209.48376843705773 1085.9745014756918 3813.9934117496014 32.296078439801931 7202.9599952027202 143.67019502446055 6312.3454311154783 40.384670913219452 1311.6256012264639 523.14795884862542 522.13517502695322 311.87326587922871 487.58545103669167 981.63921926543117 420.07172910124063 1262.0153487101197 771.82195341214538 290.72263274341822 291.32302697747946 280.36346312612295 375.77731394767761 1774.2441316284239 2502.0157565847039 795.43367348238826
leaf_count=2046 4990 2098 2843 2652 3250 7480 179 1795 5250 13813 1096 31791 5992 24444 1591 5926 12105 2584 5022 2765 5381 1888 6622 3437 2061 1067 1614 3143 10609 9503 3937
internal_value=0 0.00445291 -0.0157733 0.000433412 -0.0105968 0.00111693 -0.0116222 -0.00958743 -0.0035524 0.0172945 0.0710831 0.00353039 -0.000957722 0.0108211 0.0705201 -0.0135702 -0.0485595 -0.012 -0.0603223 -0.00212716 0.000276034 0.000463262 0.0118563 0.00468791 -0.00300311 -0.00148955 -0.00315453 -0.024629 -0.0239003 0.0156733 0.0108522
internal_weight=0 27293.1 7828.3 20786.7 6760.84 20490.7 3263.72 6688.4 4704.67 6506.37 190.362 17227 10662.9 6564.06 251.719 3210.16 1067.46 2965.53 835.021 1799.21 1503.77 10519.3 2453.91 2033.84 8065.37 7774.65 7483.32 1461.75 1983.73 6316.01 1739.14
internal_count=188974 128065 60909 101607 40939 99509 16350 37689 25285 26458 3142 83159 54472 28687 4243 16171 19970 16358 17127 8691 7965 48480 11947 10059 36533 34472 33405 8393 12404 23316 8927
is_linear=0
shrinkage=0.1


Tree=28
num_leaves=32
num_cat=0
split_feature=55 94 81 21 18 18 82 82 85 4 14 82 16 5 6 2 14 82 16 0 48 41 13 68 84 71 16 86 94 3 18
split_gain=219.106 118.77 101.926 120.999 98.4489 97.9689 210.457 186.951 71.2058 54.1641 47.7961 46.0595 45.9491 51.6613 45.4916 44.7349 50.8675 40.9792 40.2315 37.5718 37.4348 35.6619 33.5382 31.5359 30.7065 31.9829 29.7601 27.3314 27.1946 26.8816 26.205
threshold=81.550000000000011 0.40346320346320352 165.00000000000003 0.67722382671207437 9.5000000000000018 3.5000000000000004 1.0000000180025095e-35 465.50000000000006 505.00000000000006 4.5000000000000009 457.00000000000006 174.50000000000003 36.350000000000001 1.0000000180025095e-35 1175.0000000000002 3.5000000000000004 481.00000000000006 525.50000000000011 38.750000000000007 13.500000000000002 3.5000000000000004 34.750000000000007 110.35000000000001 52.250000000000007 27.500000000000004 11.500000000000002 39.650000000000013 13.500000000000002 0.13283634997645588 56.250000000000007 1.5000000000000002
decision_type=8 2 8 10 10 10 10 8 8 2 8 10 10 2 2 2 10 8 10 2 10 10 10 10 10 10 10 8 2 2 10
left_child=1 2 5 12 10 6 -1 14 17 26 23 -11 29 -14 19 16 20 24 -18 -7 22 -17 -16 -2 25 -6 30 -12 -29 -4 -8
right_child=4 -3 3 -5 8 7 9 -9 -10 11 27 -13 13 -15 15 21 18 -19 -20 -21 -22 -23 -24 -25 -26 -27 -28 28 -30 -31 -32
leaf_value=0.10318569707960359 -0.047708595264600785 0.027732160459962914 0.016654016494809295 -0.031215715256722894 -0.013770892207239078 0.01638839260019961 0.0030504669260537545 -0.1008062460903721 -0.07894763924825994 0.0022631104052797746 -0.047410514992510977 -0.071396098213331913 -0.03293096341780876 0.0019348614913676449 -0.0017838816177643494 -0.0017872990851905343 0.028782956435556575 -0.10406269036921655 0.00050249810556627836 0.08247389844632616 0.018863880878223046 -0.018892111320998561 -0.037288744780083587 -0.014083639387801827 -0.040426761859717622 0.096477397347018004 -0.023800663831958665 -0.021296472555788482 0.0059990741051326405 -0.010095378553789072 0.023294101036351773
leaf_weight=256.51535305380821 423.49351339414716 1869.4783402811736 1545.3478699065745 1854.6926334705204 633.16721664369106 702.85977374389768 786.63598053902388 181.52060505375266 347.9088029935956 2624.2399075627327 123.554757386446 87.729653500020504 702.40402332693338 1075.9789088927209 3409.5597419030964 5385.2651326917112 1370.0443106815219 67.464993013069034 794.88105385005474 98.028647154569626 837.11712908744812 1575.4965270459652 288.56792557612062 817.0386790856719 600.94141418673098 27.454210076481104 164.90254498273134 450.29637468978763 1927.0662418231368 496.3567397557199 3417.5369800031185
leaf_count=3785 4755 7809 6253 9316 6653 3181 2942 8597 8873 9887 721 404 3624 4983 14749 23898 5266 2855 3528 382 3448 8949 2127 4633 6308 185 681 3802 11918 2168 12294
internal_value=0 0.00333785 0.00168883 -0.0102593 -0.0185387 0.00477346 0.0142046 4.76424e-05 -0.0386728 0.0109812 -0.00951451 -0.000119695 -8.47183e-05 -0.011836 0.00131353 -4.44693e-05 0.00578822 -0.0281298 0.0183994 0.0244773 -0.000231809 -0.0056588 -0.00455436 -0.0255625 -0.0240691 -0.00918918 0.0178718 -0.00155419 0.000829023 0.010151 0.0195063
internal_weight=0 29525.2 27655.7 5674.78 5418.39 21980.9 7337.56 14643.3 1676.94 7081.05 3741.45 2711.97 3820.09 1778.38 14461.8 13660.9 6700.17 1329.03 2164.93 800.888 4535.24 6960.76 3698.13 1240.53 1261.56 660.621 4369.08 2500.92 2377.36 2041.7 4204.17
internal_count=188974 138271 130462 26344 50703 104118 29993 74125 24874 26208 25829 10291 17028 8607 65528 61965 29118 16001 8794 3563 20324 32847 16876 9388 13146 6838 15917 16441 15720 8421 15236
is_linear=0
shrinkage=0.1


Tree=29
num_leaves=32
num_cat=0
split_feature=41 13 58 81 35 18 82 82 28 4 16 16 4 20 4 27 82 18 82 86 82 42 5 2 82 88 0 69 72 89 10
split_gain=188.938 112.299 92.5476 76.873 125.244 68.2346 173.655 111.765 56.804 45.0915 42.9951 39.9997 40.429 45.1187 37.9032 37.496 37.1498 84.1517 44.2407 36.0773 35.3054 33.5321 33.0915 32.4283 30.1304 29.9611 29.4295 28.954 28.7922 28.6054 28.256
threshold=19.750000000000004 103.75000000000001 41.850000000000001 45.000000000000007 0.59667375099073661 3.5000000000000004 1.0000000180025095e-35 525.50000000000011 443.00000000000006 2.0000000000000004 39.45000000000001 38.250000000000007 5.5000000000000009 5.5000000000000009 3.5000000000000004 31.450000000000003 182.50000000000003 3.5000000000000004 182.50000000000003 1.0000000180025095e-35 329.50000000000006 481.00000000000006 1.0000000180025095e-35 5.5000000000000009 168.50000000000003 117.50000000000001 5.5000000000000009 369.95000000000005 39.750000000000007 1.0000000180025095e-35 2.5000000000000004
decision_type=8 10 8 10 10 10 10 8 10 2 10 10 2 10 2 10 8 10 10 10 8 10 2 2 10 8 2 8 8 8 2
left_child=3 8 19 5 11 6 -1 21 30 10 22 12 13 -5 28 -14 23 18 -18 20 -3 -7 29 -11 -16 -25 -6 -21 -8 -10 -2
right_child=1 2 -4 4 26 7 14 -9 9 16 -12 -13 15 -15 24 -17 17 -19 -20 27 -22 -23 -24 25 -26 -27 -28 -29 -30 -31 -32
leaf_value=0.1028434313514042 0.0025749716613017925 0.0071946696545635421 -0.075895183512090555 0.014504600706416272 -0.010592938474392813 0.00054574968265756047 0.032850649558264666 -0.10159436773002446 0.0056352603282222519 -0.00099517700623259287 -0.014868172697453797 -0.014959739595967112 -0.0025305863335592081 0.085026768480176984 0.011446470388667147 -0.081373045960851265 0.10346785042459168 -0.072630561564776569 -0.027566212762478656 -0.024846647803326495 -0.078343827748499545 0.012973879436156244 0.019274832240705388 -0.030487330249808622 -0.031457825684672869 0.0073245028116275743 -0.039894838754921717 -0.084071276472361359 -0.0084736032056454778 -0.035456138925795237 -0.024122615053117011
leaf_weight=233.08675570040941 502.99586774595082 581.3710817694664 342.88357396051288 2113.1831934303045 545.51480349898338 5344.8994302116334 1396.5669056996703 98.340884497389197 920.01064807735384 4277.9499370381236 735.6931528467685 754.08474037609994 636.09577871114016 94.789877612143755 3887.683398462832 66.639825358986855 49.987980797886848 231.9842999689281 53.176115795969963 1551.5235060658306 52.619601499289274 3655.8521898798645 2117.8414757046849 788.14504896849394 170.87718330323696 285.45646210387349 922.20349254459143 87.186290074139833 191.75263627618551 207.64995594136417 1871.1617028042674
leaf_count=3814 3107 4383 8813 8385 2391 22938 5083 5234 4039 19778 4618 3495 2533 299 14283 377 691 5589 228 12361 2157 14948 9912 4413 710 1506 4434 1527 768 1775 14385
internal_value=0 -0.00868613 -0.0274672 0.00624187 -0.00432001 0.00986085 0.0182568 0.00443524 -0.00460679 -0.00120327 0.00695888 0.00556573 0.0108833 0.0175322 0.0147653 -0.0100072 -0.00691751 -0.0392151 0.0359261 -0.0201609 9.51936e-05 0.00559371 0.0119067 -0.00489483 0.00964007 -0.0204337 -0.029004 -0.0279976 0.0278617 -0.0019314 -0.0184664
internal_weight=0 14657.6 2615.58 20111.6 5132.51 14979.1 5879.97 9099.09 12042.1 9667.9 3981.2 3664.79 2910.71 2207.97 5646.88 702.736 5686.7 335.148 103.164 2272.7 633.991 9000.75 3245.5 5351.55 4058.56 1073.6 1467.72 1638.71 1588.32 1127.66 2374.16
internal_count=188974 99282 29241 89692 21914 67778 24658 43120 70041 52549 20344 15089 11594 8684 20844 2910 32205 6508 919 20428 6540 37886 15726 25697 14993 5919 6825 13888 5851 5814 17492
is_linear=0
shrinkage=0.1


Tree=30
num_leaves=32
num_cat=0
split_feature=94 94 77 69 10 2 42 94 81 18 81 88 87 4 16 20 27 5 3 61 13 77 41 2 13 6 82 71 32 82 16
split_gain=160.932 102.784 88.0206 74.8382 68.419 63.7071 72.6861 46.2526 44.4513 43.108 39.7517 37.3478 36.9105 34.8082 40.1284 34.1851 33.415 33.2012 32.7783 49.0285 32.3191 32.2724 32.0895 36.6985 31.6861 31.5384 29.1136 28.8877 28.3243 42.0424 27.3715
threshold=0.14391014391014387 0.48643432105805723 -1.6733738375196836 7.4500000000000011 3.5000000000000004 5.5000000000000009 453.00000000000006 0.053963118731801957 145.00000000000003 11.500000000000002 25.000000000000004 155.50000000000003 205.00000000000003 2.0000000000000004 39.250000000000007 2.0000000000000004 107.75000000000001 1.0000000180025095e-35 59.500000000000007 2940.0000000000005 85.850000000000009 -0.53835004326447355 16.450000000000003 3.5000000000000004 2.5500000000000003 1650.0000000000002 148.50000000000003 -2.4999999999999996 7.5000000000000009 175.50000000000003 34.550000000000004
decision_type=2 2 10 8 2 2 10 2 10 10 10 8 8 2 10 10 8 2 2 10 10 10 10 2 10 2 10 10 10 8 8
left_child=2 3 16 10 11 6 9 -4 22 26 24 -5 -13 14 17 -15 -1 20 -7 -20 -8 -16 -9 -24 -2 -12 30 -11 -17 -30 -6
right_child=1 -3 7 4 5 18 13 8 -10 27 25 12 -14 15 21 28 -18 -19 19 -21 -22 -23 23 -25 -26 -27 -28 -29 29 -31 -32
leaf_value=-0.030360497071279802 0.034389814727653588 0.030327870349337888 -0.074377361701362485 0.0022369337659903401 0.013480341429771378 -0.030704734020807874 0.0071856340401434534 0.0069692578642524435 -0.027419695054958462 -0.07673831733967118 -0.020402829518821709 0.027325019509765753 -0.01497264882327466 -0.032677158659041076 -0.033370464492167289 0.0044539590943784802 -0.074820202252093834 0.024058674059738459 0.032934258225184178 -0.071275452341630505 -0.051511895095630679 0.0078126602609046719 -0.0012858702834914627 -0.025330269016810587 0.010982717331538777 0.0054841905887915467 -0.067592022716267741 -0.023575181242360577 -0.0084280135248831003 -0.085080264255721127 -0.013545419000745858
leaf_weight=423.95601573493332 640.75162038765848 1320.9925026744604 110.96923548169434 3440.2139970809221 442.15022318530828 1330.8645847029984 857.22117137815803 1541.6453689094633 1059.5726327039301 172.56139965541661 664.32056491076946 1337.8556666336954 243.92363782785833 369.36835208535194 340.41947605088353 3081.9448256054893 281.15424452908337 1678.6836389899254 193.40288246609271 58.895846279338002 105.32940796203911 431.43162311892956 1537.0099978297949 1081.3781481394544 5936.147640356794 1614.1175330970436 88.681229289621115 250.70330327004194 1446.9655377864838 75.27725688368082 2458.4088135780767
leaf_count=5650 2611 5679 887 15523 2239 8031 3821 7072 6499 3802 2842 7231 3186 1636 2404 14711 7104 7452 844 319 841 1944 9869 7259 25255 6395 542 1754 7436 2354 15782
internal_value=0 0.00308607 -0.0148845 0.00176595 -0.00186855 -0.00560364 -0.00307629 -0.0104924 -0.00913422 -0.0153806 0.00931963 0.0080845 0.0208024 0.00193031 0.00970721 -0.00340656 -0.0480883 0.0155688 -0.0244397 0.00860786 0.000762516 -0.0103509 -0.00447686 -0.0112161 0.0132631 -0.00206365 -0.0111513 -0.0452493 -0.00105834 -0.0122186 -0.00942571
internal_weight=0 28580.6 6035.69 27259.6 18404.3 13382.3 11799.1 5330.58 5219.61 3412.5 8855.34 5021.99 1581.78 8386.64 3413.09 4973.56 705.11 2641.23 1583.16 252.299 962.551 771.851 4160.03 2618.39 6576.9 2278.44 2989.24 423.265 4604.19 1522.24 2900.56
internal_count=188974 144634 44340 138955 101852 75912 66718 31586 30699 24119 37103 25940 10417 42599 16462 26137 12754 12114 9194 1163 4662 4348 24200 17128 27866 9237 18563 5556 24501 9790 18021
is_linear=0
shrinkage=0.1


Tree=31
num_leaves=32
num_cat=0
split_feature=18 82 27 16 4 34 27 90 14 70 82 46 82 94 10 41 69 17 10 10 92 0 0 82 70 2 69 90 81 2 4
split_gain=139.972 85.7173 84.6639 52.193 57.1153 75.0391 50.8802 47.5992 49.5579 52.2739 45.0439 44.2131 42.1234 39.5984 39.5079 35.1732 34.8338 42.0963 34.5576 32.5773 32.5063 30.6061 30.5408 30.2059 30.0219 35.2661 29.8821 28.796 28.1066 26.3358 25.5645
threshold=9.5000000000000018 24.500000000000004 5.2500000000000009 39.95000000000001 5.5000000000000009 5.5000000000000009 184.05000000000004 99.500000000000014 479.00000000000006 391.00000000000006 6.5000000000000009 3.5000000000000004 71.500000000000014 0.1135838305306389 3.5000000000000004 20.050000000000004 63.150000000000013 4.416666666666667 3.5000000000000004 3.5000000000000004 0.15028454781640482 9.5000000000000018 8.5000000000000018 23.500000000000004 437.00000000000006 4.5000000000000009 36.050000000000004 10.500000000000002 -14.999999999999998 2.5000000000000004 3.5000000000000004
decision_type=8 10 8 10 2 10 8 8 10 10 10 10 10 2 2 10 8 10 2 2 2 2 2 8 10 2 10 10 10 2 2
left_child=2 16 10 4 5 7 13 12 9 -9 11 -1 15 -3 -11 -4 -2 -18 -6 28 24 -16 -12 -19 -21 -26 -20 -7 -15 -23 -31
right_child=1 6 3 -5 18 27 -8 8 -10 14 22 -13 -14 19 21 -17 17 23 26 20 -22 29 -24 -25 25 -27 -28 -29 -30 30 -32
leaf_value=0.092863460667239023 -0.018247679838619638 -0.033659790231839161 0.0068315828142660575 -0.023246607092645435 0.011930851883947997 0.0098441338298088533 -0.042990239478738451 -0.024654327168453789 0.017958136443111641 0.020593979417304398 0.017800496190927599 -0.045328770680486741 -0.020733066930626442 0.029797081019455742 0.0067278766977379488 -0.0077168432724155972 -0.011361893838308788 -0.047346859400505287 -0.011749390876903913 -0.030128546371909377 0.035572775389379356 -0.037354137902998415 0.0034692549370921979 -0.10344210253983738 0.0050648045585375617 -0.019356300041424381 -0.042241689440965347 0.064128003779485729 0.00041628016609766258 0.0084761514630398195 -0.028489269377527129
leaf_weight=124.15293302945793 1372.2175191277638 378.58732695505023 3499.2436656728387 906.14120384771377 517.22317946422845 151.21133416891098 332.11252718046308 649.15653565712273 3018.9475304158404 1283.0170454382896 3739.6517008170485 28.458659798838198 1159.0152369588614 577.34927020221949 2311.9115033484995 3164.754382725805 280.13971668109298 503.10664580948651 2046.4325376702473 502.95019744150341 183.31980387493968 324.29045057296753 2468.6053238287568 118.62713252566755 1697.5348424259573 907.41923303902149 381.26619425974786 276.25124790519476 746.69863230548799 562.46763648279011 280.33139984868467
leaf_count=2046 9354 3506 13699 5607 2170 612 5073 7349 15555 6129 13813 1096 5377 3235 11801 14933 3640 6351 9099 5042 667 2141 9503 6020 8178 5378 2124 905 4465 2658 1448
internal_value=0 -0.0120288 0.00334069 0.000217635 0.00130102 0.00356773 -0.00508924 0.00248001 0.00769317 0.00196625 0.0134213 0.0670937 -0.00313773 -0.00256867 0.00559515 -7.75121e-05 -0.0282813 -0.0435477 -0.0115381 -1.82876e-05 -0.00534712 6.37509e-05 0.0121019 -0.0580499 -0.00776078 -0.00344213 -0.0165382 0.0449255 0.0132277 -0.0131374 -0.00381927
internal_weight=0 7600.06 26892.5 20531.7 19625.5 16680.6 5325.97 16253.1 8430.12 5411.17 6360.87 152.612 7823.01 4993.86 4762.02 6664 2274.09 901.873 2944.92 4615.27 3291.22 3479 6208.26 621.734 3107.9 2604.95 2427.7 427.463 1324.05 1167.09 842.799
internal_count=188974 60909 128065 101607 96000 82607 35544 81090 47081 31526 26458 3142 34009 30471 24177 28632 25365 16011 13393 26965 19265 18048 23316 12371 18598 13556 11223 1517 7700 6247 4106
is_linear=0
shrinkage=0.1


Tree=32
num_leaves=32
num_cat=0
split_feature=94 77 94 81 18 94 90 19 0 16 13 82 63 5 10 10 17 21 69 4 20 81 32 86 28 62 55 42 84 82 27
split_gain=124.447 116.857 63.5958 55.639 53.6778 53.2123 48.7016 47.7956 44.9798 48.4942 40.3522 39.9407 32.8518 31.8781 41.4771 33.2587 29.3469 27.6487 26.7187 26.2721 54.4304 25.6024 25.5004 24.7952 44.8948 31.1901 24.3194 24.278 31.0988 31.605 24.0892
threshold=0.20380307460308678 -1.9479763683878797 0.48643432105805723 195.00000000000003 10.500000000000002 0.083440999138673519 127.50000000000001 1250.0000000000002 12.500000000000002 35.850000000000001 8.4500000000000011 99.500000000000014 1.0763128382405192 1.0000000180025095e-35 3.5000000000000004 8.5000000000000018 6.416666666666667 1.0799742053187618 3.1500000000000008 6.5000000000000009 6.5000000000000009 145.00000000000003 1.5000000000000002 76.500000000000014 479.00000000000006 2.0000000000000004 3.6500000000000008 443.00000000000006 272.50000000000006 6.5000000000000009 238.05000000000004
decision_type=2 10 2 10 10 2 8 10 2 8 10 10 8 2 2 2 10 10 8 2 10 10 10 8 10 8 8 10 8 10 10
left_child=1 4 8 5 23 -3 11 -5 9 17 21 16 -12 14 -10 -16 -7 19 -19 20 -2 -11 -13 -1 25 -25 -15 -6 -29 -30 -18
right_child=2 3 -4 7 27 6 -8 -9 13 10 12 22 -14 26 15 -17 30 18 -20 -21 -22 -23 -24 24 -26 -27 -28 28 29 -31 -32
leaf_value=-0.042951699318162978 0.016647082378724736 -0.047043463636958896 0.026891034529086883 -0.034082100951566795 -0.084245284799604525 0.0043597438484070479 0.0083916097111950416 -0.0069974114363308476 0.0091027537504535395 0.012485456364847998 -0.0014181463403416556 -0.08526940945724662 -0.024456593786300992 0.033762219020157129 -0.039591402415316883 0.01160981073895103 -0.0081236375595659816 0.039772328600897994 -0.0068989634414233433 -0.0009342225525799298 0.073222433144100513 -0.011087677417830474 -0.021546242842629914 0.046343185901699974 0.024712999460008711 -0.035792812254096425 -0.003201719568329662 -0.062961261457721768 -0.10358473709474413 0.057936857853262226 -0.059905601650784228
leaf_weight=345.41073235869408 4128.2456369046122 240.91602461691946 1292.9121315609664 976.17521194182336 232.57106879074126 3038.5242996774614 4554.1957334419712 1959.1588504686952 361.26517532858998 3120.6604124233127 4024.6124949520454 70.13974567502737 731.43444827198982 209.87529018614441 753.50281773414463 152.55042016599327 2691.6802772246301 139.57599648367614 1012.3225925890729 783.16371777746826 177.36014949530363 540.53304697573185 600.0296708215028 51.431506157852709 243.61587899830192 457.38222902081907 1171.5856610769406 149.79552885517478 15.933056677691637 50.542948700487614 92.941192883998156
leaf_count=2604 18649 1856 5679 5732 7740 13702 26411 10569 1665 13344 19537 383 5645 782 4132 747 14279 537 4732 3234 562 2170 3372 387 2412 7210 5664 2581 855 895 907
internal_value=0 -0.00657819 0.00549739 -0.00373963 -0.0326825 -0.000550333 0.000463555 -0.0160047 0.00389916 0.00606631 0.00111363 -0.00509692 -0.00496124 -0.00809349 -0.0195473 -0.0309708 -0.00243627 0.0127463 -0.00124378 0.0159131 0.0189776 0.00900515 -0.0282155 -0.0207708 -0.0105884 -0.0274904 0.00241394 -0.0618178 -0.0377 0.0192231 -0.00985194
internal_weight=0 15770.4 18599.6 14223.8 1546.68 11288.4 11047.5 2935.33 17306.7 14657.9 8417.24 6493.32 4756.05 2648.78 1267.32 906.053 5823.15 6240.67 1151.9 5088.77 4305.61 3661.19 670.169 1097.84 752.43 508.814 1381.46 448.843 216.272 66.476 2784.62
internal_count=188974 101895 87079 77211 24684 60910 59054 16301 81400 68410 40696 32643 25182 12990 6544 4879 28888 27714 5269 22445 19211 15514 3755 12613 10009 7597 6446 12071 4331 1750 15186
is_linear=0
shrinkage=0.1


Tree=33
num_leaves=32
num_cat=0
split_feature=32 82 18 0 94 16 86 69 48 14 70 4 34 2 18 16 5 6 82 4 20 2 82 7 59 27 70 55 76 55 92
split_gain=111.73 92.8952 85.4386 59.8418 57.9704 55.0253 44.9479 61.8324 59.2367 51.5228 41.343 49.7477 84.8822 55.7863 47.4423 40.4242 40.1851 49.5606 38.5943 38.2131 54.3933 38.0624 34.1536 33.2929 32.5088 30.9919 29.7249 29.479 28.6324 28.4895 28.4513
threshold=7.5000000000000009 274.50000000000006 4.5000000000000009 12.500000000000002 0.10839103697898611 35.150000000000013 791.00000000000011 369.95000000000005 2.0000000000000004 449.00000000000006 427.00000000000006 3.5000000000000004 3.5000000000000004 3.5000000000000004 2.5000000000000004 38.550000000000004 1.0000000180025095e-35 1175.0000000000002 301.50000000000006 6.5000000000000009 6.5000000000000009 4.5000000000000009 84.500000000000014 1.5000000000000002 1.1250000000000002 99.250000000000014 443.00000000000006 2.4500000000000006 2.0000000000000004 2.7500000000000004 0.043160627251536306
decision_type=8 8 10 2 2 10 8 8 8 10 10 2 10 2 10 10 2 2 10 2 10 2 10 2 10 8 8 10 10 8 2
left_child=3 4 -3 5 25 21 7 23 24 26 -7 14 -13 19 -12 -11 17 -5 -4 20 -14 29 -15 27 -8 -2 -10 -6 -25 -1 -24
right_child=1 2 18 16 6 10 8 -9 9 15 11 12 13 22 -16 -17 -18 -19 -20 -21 -22 -23 30 28 -26 -27 -28 -29 -30 -31 -32
leaf_value=0.043697044473522906 -0.017313238492562954 0.00020546317644965406 -0.10225562279719878 0.082431894749173326 0.02391198545914423 -0.01344020912415074 0.1113071004367565 -0.057570134885170071 -0.0055434412902255047 0.020312696068174662 0.037112993339173304 -0.020737641388597627 0.020323839936808089 0.004053650825974287 0.0088745507111146187 -0.01425633778268634 0.0019319140046024537 -0.022295944468473945 -0.0062819877666793512 -0.021984335770409442 0.083613374936971518 0.0016871317693541829 -0.058516341332724077 -0.013863886800906437 0.031153323520537204 -0.059239071448797954 -0.054975073423442246 -0.0092086602422380166 0.035513700328745762 0.017274582108352671 -0.0098191607849127463
leaf_weight=467.81477390229702 476.88786915689707 195.86382962763309 237.93969115894288 46.512113843113184 279.32808581739664 1369.1359434835613 59.813160475343466 241.77646142244339 276.97111750021577 1103.6928525473922 714.00150775909424 1555.7155928742141 1239.8784689484164 3983.6716770092025 3568.3474354995415 487.77081063203514 1958.8599724192172 1585.9579363130033 50.8561029471457 177.72597801685333 152.49597895145416 1488.8864065892994 141.56220024079084 180.2981070317328 328.5124736148864 279.73692381381989 216.92668412066996 7082.516125086695 336.81734549999237 3195.4550929600373 786.80676685459912
leaf_count=1878 3537 2008 12536 162 1068 9433 714 3484 1511 6833 3615 6614 4820 17384 16777 4131 9007 7927 442 786 480 6460 803 888 1658 4018 3406 37376 1499 14330 3389
internal_value=0 -0.0079032 -0.0507777 0.00410544 -0.00607257 0.00636036 -0.00416277 -0.00775771 0.00763884 0.000961089 0.00304503 0.00487702 0.000238828 0.00527319 0.0135828 0.00971757 -0.00772471 -0.0193121 -0.0853549 0.0216818 0.0272555 0.0151692 2.82835e-05 -0.00622915 0.0434993 -0.0328139 -0.0272545 -0.00795197 0.0182977 0.0206488 -0.0172447
internal_weight=0 11835.7 484.66 22432.8 11351 18841.5 10594.4 8120.74 2473.69 2085.36 13689.3 12320.2 8037.86 6482.14 4282.35 1591.46 3591.33 1632.47 288.796 1570.1 1392.37 5152.16 4912.04 7878.96 388.326 756.625 493.898 7361.84 517.115 3663.27 928.369
internal_count=188974 85109 14986 103865 70123 86769 62568 44315 18253 15881 64101 54668 34276 27662 20392 10964 17096 8089 12978 6086 5300 22668 21576 40831 2372 7555 4917 38444 2387 16208 4192
is_linear=0
shrinkage=0.1


Tree=34
num_leaves=32
num_cat=0
split_feature=32 82 82 18 32 94 16 17 5 2 19 32 27 49 55 6 16 74 18 82 3 76 10 21 9 13 0 81 27 2 73
split_gain=99.3577 186.619 162.82 129.939 103.941 58.3162 50.5557 59.8635 51.5952 102.243 53.7155 46.9784 36.7584 34.6639 33.1731 32.8436 31.7077 31.041 39.8402 32.6986 29.8905 46.5345 29.4784 37.2234 30.2586 34.054 28.6699 24.4524 24.1155 23.7574 27.9865
threshold=4.5000000000000009 619.50000000000011 518.50000000000011 3.5000000000000004 3.5000000000000004 0.094893568910723022 38.350000000000001 4.7083333333333348 1.0000000180025095e-35 3.5000000000000004 1350.0000000000002 1.5000000000000002 2.1500000000000008 0.67722382671207437 29.550000000000004 1350.0000000000002 37.45000000000001 5.5000000000000009 1.5000000000000002 90.500000000000014 58.250000000000007 5.5000000000000009 2.5000000000000004 1.0836355723970044 1.5000000000000002 66.65000000000002 12.500000000000002 45.000000000000007 12.450000000000001 4.5000000000000009 1.1250000000000002
decision_type=8 8 8 10 10 2 8 10 2 2 10 10 10 8 8 2 10 8 10 10 2 8 2 10 2 10 2 10 10 2 8
left_child=1 11 5 -4 -3 -2 8 15 14 10 27 12 -1 -9 -7 -8 26 18 28 -19 -11 -22 23 -16 25 -24 29 -10 -13 30 -14
right_child=2 4 3 -5 -6 6 7 13 9 20 -12 17 16 -15 22 -17 -18 19 -20 -21 21 -23 24 -25 -26 -27 -28 -29 -30 -31 -32
leaf_value=0.018813846742007787 -0.033638308912394235 0.10175387972102073 0.0058482785240688675 -0.10228806378457725 -0.096753457713806057 -6.6571237253084647e-05 0.024823162993049888 -0.015514991891919475 0.014143396401868659 -0.0079694166715522548 0.0306072911319476 0.00036105684063227983 -0.03749012728709581 -0.045417773947704021 0.023557277940245539 -0.0051432527602325584 -0.027587791332097489 0.0046800499700329371 0.015490003497995015 -0.02171671895943017 -0.0002940552799849786 0.061932254732268578 -0.01350387658240506 -0.031663805293933582 0.014644826572023876 -0.041835889696283407 -0.033774476312063047 -0.016659683382668249 -0.042706838604757665 -0.023549125455446435 0.011137187938391876
leaf_weight=516.07420787215233 606.7770476564765 281.2909388858825 176.42158621922135 300.21112740691751 29.107049969956279 4977.3735185917467 487.00815041363239 2329.0989229883999 723.9597732424736 3126.7986815720797 1956.8318722415715 779.12252815812826 130.37502846121788 465.0705365203321 389.41839476488531 1468.9142173472792 764.22177813574672 3281.170420691371 5535.2081579491496 547.59242781624198 457.2198234051466 163.03056319802999 1169.6792776975781 177.80487971194088 230.70123922079802 665.68354452960193 272.97466485947371 400.1558401491493 156.05511879920959 319.21456871554255 1283.8035289980471
leaf_count=1908 5738 5006 1883 17471 1633 21659 2614 14393 3484 16229 9622 2928 567 5132 2366 7342 3510 13447 20999 2510 1993 689 6258 1128 1456 6324 1214 2462 668 1424 4917
internal_value=0 0.00647133 -0.00450646 -0.0622623 0.0831392 -0.00311582 -0.00215065 -0.0110996 0.000793423 0.00710454 0.0205995 0.00471968 -0.0056898 -0.0204921 -0.00486867 0.00231813 -0.0102541 0.00804156 0.0122647 0.000904765 -0.0039915 0.0160619 -0.0139455 0.00624738 -0.0194893 -0.0237799 -0.00365168 0.0031783 -0.00682578 0.00109206 0.00665417
internal_weight=0 13896.2 20272.2 476.633 310.398 19795.5 19188.7 4750.09 14438.7 6828 3080.95 13585.8 3286.66 2794.17 7610.66 1955.92 2770.59 10299.1 6470.39 3828.76 3747.05 620.25 2633.29 567.223 2066.06 1835.36 2006.37 1124.12 935.178 1733.39 1414.18
internal_count=188974 60731 128243 19354 6639 108889 103151 29481 73670 34479 15568 54092 13540 19525 39191 9956 11632 40552 24595 15957 18911 2682 17532 3494 14038 12582 8122 5946 3596 6908 5484
is_linear=0
shrinkage=0.1


Tree=35
num_leaves=32
num_cat=0
split_feature=18 41 72 16 90 14 70 13 71 13 81 21 4 82 18 17 71 93 2 48 5 16 77 4 48 20 12 21 4 49 0
split_gain=88.7163 63.1582 57.5774 54.3622 50.2051 41.2501 44.8737 41.2265 39.0319 36.2785 33.6914 32.8362 31.4624 31.4467 59.3649 31.3074 34.9469 31.2364 28.5046 30.9395 27.3408 30.5021 27.9006 27.2811 37.0955 32.8658 25.8648 25.378 24.7844 25.308 24.7093
threshold=11.500000000000002 5.6500000000000012 38.550000000000004 40.850000000000001 95.500000000000014 453.00000000000006 461.00000000000006 130.55000000000004 17.500000000000004 1.7500000000000002 -154.99999999999997 0.38797582753090759 2.0000000000000004 788.00000000000011 3.5000000000000004 6.1250000000000009 3.5000000000000004 0.062118366133567908 4.5000000000000009 3.5000000000000004 1.0000000180025095e-35 39.250000000000007 -0.53102730910798812 5.5000000000000009 5.5000000000000009 5.5000000000000009 53.500000000000007 -0.18319743667493996 3.5000000000000004 0.45754180201751743 9.5000000000000018
decision_type=8 8 8 10 8 10 8 10 10 10 10 10 2 8 10 10 10 2 2 10 2 10 10 2 10 10 10 10 2 10 2
left_child=1 9 8 4 18 6 -6 -4 10 -1 15 -12 20 23 -15 27 -17 -14 19 28 30 -22 -23 25 -25 -11 -20 -2 -3 -30 -7
right_child=2 3 7 -5 5 12 -8 -9 -10 13 11 -13 17 14 -16 16 -18 -19 26 -21 21 22 -24 24 -26 -27 -28 -29 29 -31 -32
leaf_value=0.041898814035765043 -0.00042236945578261561 -0.0033659359616188805 -0.02163699856330514 -0.034486541812567079 -1.3727491202753771e-05 0.012865616613275527 -0.033656883030162309 -0.064763784185815201 0.081020764508171222 0.009638011803206635 -0.0010251036195368672 -0.026618226833085054 -0.039520025605044598 0.10203810231559399 -0.091301272301731976 0.0037296002333659854 -0.063926449056337709 0.003987243321060859 -0.043830937395006958 0.0042795886589187841 0.026285157853428966 -0.022360220524526006 0.020756758010903622 -0.018230887256332241 0.012819444646430806 0.054951810110478297 -0.0098201095602810061 0.046425846435906477 -0.011568969433915331 -0.049069452207129785 -0.014739208135941664
leaf_weight=340.11457263212651 201.96703075803816 2093.4765126109123 1005.3304043738171 466.79140888620168 2844.0825844090432 959.61775141023099 460.67609846498817 284.35185977257788 50.800358382053673 5099.1846610475332 939.03872276190668 1075.4372945772484 172.93826325237751 80.690833643078804 19.773134399205446 375.46130644343793 95.835033107548952 3604.1271186843514 239.22932719998062 4221.8859560266137 2091.3445955151692 279.81773370224983 323.68113113660365 841.41360797733068 708.9431517124176 165.24721406400204 3422.7974563352764 270.49323886819184 546.23078446835279 268.38674070686102 489.74444301892072
leaf_count=1402 1088 9493 12133 3684 15414 4715 6753 7182 260 19754 6086 7403 1601 1817 1299 2292 653 22034 1441 17954 10103 1990 1393 3386 2651 552 16779 1271 2429 1318 2644
internal_value=0 0.00190124 -0.0134679 -0.000716511 -5.72353e-07 0.00468133 -0.00470351 -0.0311457 -0.00589108 0.0100138 -0.00738358 -0.0146881 0.00859669 0.00844559 0.0639854 0.00820815 -0.0100278 0.0019952 -0.00487077 -0.00118759 0.0146134 0.0205701 0.000765179 0.00762682 -0.00403227 0.0110604 -0.0120419 0.0263992 -0.00912468 -0.023924 0.00353785
internal_weight=0 29740.2 4298.72 22484.8 22018 11226 3304.76 1289.68 3009.03 7255.37 2958.23 2014.48 7921.27 6915.25 100.464 943.757 471.296 3777.07 10792 7129.98 4144.21 2694.84 603.499 6814.79 1550.36 5264.43 3662.03 472.46 2908.09 814.618 1449.36
internal_count=188974 150606 38368 119745 116061 66647 22167 19315 19053 30861 18793 13489 44480 29459 3116 5304 2945 23635 49414 31194 20845 13486 3383 26343 6037 20306 18220 2359 13240 3747 7359
is_linear=0
shrinkage=0.1


Tree=36
num_leaves=32
num_cat=0
split_feature=55 13 81 75 2 4 20 16 56 82 18 82 82 81 5 58 8 28 44 31 77 19 16 17 16 86 82 69 16 63 81
split_gain=78.0567 55.0633 49.8702 73.6129 45.6576 42.1911 60.7178 41.7822 50.438 40.7252 36.6207 110.338 63.4565 68.4094 35.7018 33.6952 43.1808 32.5346 41.2961 31.3978 28.8827 28.8274 32.2912 28.4593 28.0813 27.7749 27.6573 26.4379 25.8928 24.9652 22.9339
threshold=28.650000000000002 176.25000000000003 165.00000000000003 1550.0000000000002 3.5000000000000004 6.5000000000000009 6.5000000000000009 38.250000000000007 459.00000000000006 103.50000000000001 3.5000000000000004 742.50000000000011 413.50000000000006 1.0000000180025095e-35 1.0000000180025095e-35 35.350000000000001 1.5000000000000002 505.00000000000006 38.650000000000013 5.291666666666667 -0.53835004326447355 2550.0000000000005 36.650000000000013 4.7083333333333348 39.250000000000007 613.00000000000011 84.500000000000014 5.7500000000000009 35.850000000000001 0.62230332053843507 -84.999999999999986
decision_type=8 10 10 10 2 2 10 10 10 8 10 8 8 8 2 8 2 10 8 10 10 10 10 10 10 8 10 8 10 10 10
left_child=2 9 4 -4 5 6 7 8 -1 14 12 -12 -11 -14 15 -2 19 18 -16 -17 -3 22 -5 -9 -20 -19 -6 -28 -21 -10 -22
right_child=1 20 3 21 26 -7 -8 23 29 10 11 -13 13 -15 17 16 -18 25 24 28 30 -23 -24 -25 -26 -27 27 -29 -30 -31 -32
leaf_value=0.0042111926905613641 0.0019652963305306745 -0.052482213396764746 -0.023005522152384991 0.013198741066324134 0.0033997480124029543 -0.015073550735914744 0.055757562500840713 0.00956785003258806 0.028324401252950417 -0.042245750503996461 -0.015211403497565385 -0.10287910622205215 0.10384863810628822 -0.0046113011821187593 0.0061115203917803977 -0.008249227978124371 0.023043083055794545 0.009708501816738423 -0.0044191004114748833 -0.018597235513050148 0.010402708331325932 -0.046048956003822979 -0.0087085457665781792 -0.011756849989904119 -0.034338307814935569 0.050634382542162383 0.0043860161573219215 -0.020814255277444647 -0.049146478566597276 0.0090105413239356374 -0.02953235522740616
leaf_weight=2346.9892804240808 1486.6050720028579 345.97565095033497 1624.6320348270237 1865.7837845571339 6865.7412208253518 595.33106216136366 312.03869284689426 1413.2174337506294 2533.2677092654631 175.86193843185902 761.07137731648982 176.94047430064529 93.398833330720663 154.10560303926468 3155.0924220550805 892.13964159041643 235.56119017116725 572.88259448856115 930.50995930097997 570.9925456661731 210.78925717622042 113.59262680262327 1052.3126586526632 1123.2594493161887 473.24604102037847 233.38335338979959 693.90633170306683 1040.6460747765377 539.67257594689727 909.55717030540109 452.51719598006457
leaf_count=11831 7261 8163 7943 7403 30527 2513 1073 6474 11789 777 5507 10841 1147 1753 16117 5159 1369 2786 5756 3338 1879 507 4765 5993 3732 1280 2811 5026 4222 4469 4763
internal_value=0 -0.00675371 0.00338605 -0.00582959 0.0057922 0.0106754 0.0124499 0.0108269 0.0155156 -0.00459972 -0.0207298 -0.0317485 0.00368309 0.0363174 -0.00218399 -0.00970522 -0.0174562 0.00303796 -0.000236918 -0.0222195 -0.029059 0.00337471 0.00529862 0.000124369 -0.0145057 0.021555 0.0005494 -0.0107329 -0.0334411 0.0232219 -0.0168416
internal_weight=0 11460.7 22490.3 4656.32 17834 9233.66 8638.33 8326.29 5789.81 10451.5 1361.38 938.012 423.366 247.504 9090.09 3724.97 2238.37 5365.11 4558.85 2002.8 1009.28 3031.69 2918.1 2536.48 1403.76 806.266 8600.29 1734.55 1110.67 3442.82 663.306
internal_count=188974 85850 103124 20618 82506 44142 41629 40556 28089 71045 20025 16348 3677 2900 51020 21349 14088 29671 25605 12719 14805 12675 12168 12467 9488 4066 38364 7837 7560 16258 6642
is_linear=0
shrinkage=0.1


Tree=37
num_leaves=32
num_cat=0
split_feature=94 13 16 10 0 5 10 10 81 18 92 73 84 10 75 63 63 6 42 82 18 77 30 0 41 29 56 86 55 41 63
split_gain=74.4294 61.9446 56.3359 48.9932 60.3666 67.1678 54.3209 50.8165 40.3823 35.4893 33.5218 32.7784 33.7393 29.3997 32.1208 28.6562 26.8845 26.8267 26.8643 26.7811 51.996 25.9037 25.1526 26.9825 30.9738 24.9212 25.6624 24.7052 29.6758 24.553 24.4413
threshold=0.084836533428944663 4.7500000000000009 40.95000000000001 3.5000000000000004 10.500000000000002 1.0000000180025095e-35 4.5000000000000009 8.5000000000000018 -74.999999999999986 8.5000000000000018 0.25029377203290254 14.41666666666667 104.50000000000001 5.5000000000000009 1550.0000000000002 1.1458788127271287 0.72482159872922813 1350.0000000000002 455.00000000000006 788.00000000000011 3.5000000000000004 0.13534149913216717 34.250000000000007 3.5000000000000004 16.150000000000002 1.5000000000000002 469.00000000000006 65.500000000000014 32.45000000000001 175.05000000000004 0.54175324481709752
decision_type=2 8 10 2 2 2 2 2 8 8 2 8 10 2 10 10 8 2 10 8 10 10 8 2 10 8 10 8 8 10 10
left_child=-1 19 3 8 6 7 10 13 21 29 15 12 -11 -6 -15 22 -10 -4 -19 30 -21 27 -5 24 -24 -13 -27 28 -3 -8 -2
right_child=1 2 17 4 5 -7 9 -9 16 11 -12 25 -14 14 -16 -17 -18 18 -20 20 -22 -23 23 -25 -26 26 -28 -29 -30 -31 -32
leaf_value=-0.039356184104207603 0.012900744467581974 0.011394741749325107 0.013305601582184296 0.015028268544762656 -0.020426942459896461 -0.0030987622120539661 0.0078196659796974412 0.0052203343669428581 0.0070292091032128981 0.0026054498159951861 0.041898217283641535 -0.051962615891872892 -0.029640800735115731 -0.069700026357855036 -0.030650030309947632 -0.070811063969030155 -0.0081236182094429014 -0.073183589337109875 -0.024978403229441157 0.10057305979275509 -0.090175368336789741 0.031614108015097141 -0.012063278758295498 -0.0093174413807854059 -0.055503420901134082 -0.025959442548369974 0.057942535894777651 0.02623458052219161 -0.034055775248614618 -0.025255944324108881 -0.0011437683353820152
leaf_weight=474.64269764721394 4262.0517488792539 415.10509703680873 136.24129220936447 287.14069476816803 886.18998327851295 3222.639684446156 7699.8207210768014 425.59173897467554 3365.3298141025007 2480.1321492074057 108.64956786576658 246.96375538129359 373.3125316798687 350.6868050545454 527.46799107268453 88.228795917704701 1795.6315176654607 146.93996976967901 542.1717414977029 73.39683024585247 17.745621243491769 860.82676951214671 333.48924596980214 1575.9005040097982 323.22736950777471 136.12346856575459 49.788194260559976 453.07846284657717 219.68217294104397 231.17204698547721 1747.0344647988677
leaf_count=5107 16250 1762 1198 1457 5870 18506 36433 2615 16759 14868 420 4955 2254 2895 2905 518 11847 2371 3984 1760 1166 3801 1866 9577 2314 2703 417 2717 1398 1454 6827
internal_value=0 0.000523778 -0.0015132 -0.000710568 -0.00331929 -0.0122818 0.000162175 -0.0257954 0.00638818 0.00323486 -0.0125253 -0.00550316 -0.00161329 -0.0332769 -0.0462445 -0.0147926 0.00175715 -0.027241 -0.0352572 0.00963357 0.063434 0.0186531 -0.0128311 -0.0164142 -0.033444 -0.0311446 -0.00349002 0.00839708 -0.00433441 0.00685558 0.00881755
internal_weight=0 33381.8 27281.5 26456.2 19346.5 5412.58 13933.9 2189.94 7109.65 11217.3 2716.64 3286.32 2853.44 1764.34 878.155 2607.99 5160.96 825.353 689.112 6100.23 91.1425 1948.69 2519.76 2232.62 656.717 432.875 185.912 1087.87 634.787 7930.99 6009.09
internal_count=188974 183867 157864 150311 112027 32791 79236 14285 38284 63084 16152 25197 17122 11670 5800 15732 28606 7553 6355 26003 2926 9678 15214 13757 4180 8075 3120 5877 3160 37887 23077
is_linear=0
shrinkage=0.1


Tree=38
num_leaves=32
num_cat=0
split_feature=94 94 63 10 14 2 60 82 16 4 34 88 6 20 4 4 32 35 4 5 46 82 88 82 30 16 20 21 12 18 16
split_gain=65.5119 49.6183 47.0322 45.1787 48.1643 51.2396 47.5686 46.0166 36.5405 37.5469 40.564 34.7565 33.9482 31.5041 45.678 31.0935 30.731 30.8566 28.6928 38.574 42.0281 30.7064 28.5932 25.9774 25.6867 24.1422 23.9016 23.7478 23.5152 23.0339 23.0134
threshold=0.14391014391014387 0.48643432105805723 -1.786876216945205 3.5000000000000004 453.00000000000006 5.5000000000000009 14.500000000000002 154.50000000000003 37.650000000000013 6.5000000000000009 6.5000000000000009 295.50000000000006 1350.0000000000002 5.5000000000000009 5.5000000000000009 6.5000000000000009 12.500000000000002 1.1715083822748271 3.5000000000000004 1.0000000180025095e-35 4.5000000000000009 13.500000000000002 119.50000000000001 87.500000000000014 14.050000000000002 38.550000000000004 5.5000000000000009 -0.28571571486573327 53.500000000000007 3.5000000000000004 34.250000000000007
decision_type=2 2 10 2 8 2 8 10 8 2 10 8 2 10 2 2 10 10 2 2 8 10 8 10 8 10 10 10 10 10 10
left_child=2 3 -1 11 6 8 7 15 9 10 18 13 -4 -2 -15 25 17 23 19 20 -6 29 28 30 -21 -5 -11 -3 -7 -22 -14
right_child=1 27 12 4 5 22 -8 -9 -10 26 -12 -13 16 14 -16 -17 -18 -19 -20 24 21 -23 -24 -25 -26 -27 -28 -29 -30 -31 -32
leaf_value=-0.041797251090894043 0.00066807048726932189 0.037600793648760809 0.0040781594137671148 -0.00064176312213031243 0.026048718419554397 -0.09039858193494521 -0.054224505358615054 -0.072124341072341891 -0.0034853684728050646 -0.038365737933698046 0.048961004038929307 0.019623770128027278 0.034379115098392581 0.090966154213221795 0.013713321961217868 -0.038651402479161233 -0.039408886160881271 -0.07388842131088269 0.0039090231496861708 -0.0023517160970421332 0.032804900562674905 -0.0029824361859986611 0.0062372523704740937 -0.032054895581639702 0.036804548381803595 -0.024101451030627628 -0.0023649079128222781 0.009626264494924713 -0.019325688172904299 -0.094302259417152368 -0.0067706887915966706
leaf_weight=423.2329639820382 4408.4340561181307 527.67600235529244 1789.3708210252225 3107.0191009491682 558.11434419080615 48.259772956371307 238.21914932783693 109.62840403243899 5003.7713493378833 229.36872158758342 255.94831722043455 1878.9512522667646 143.41658438835293 88.656207948923111 559.95727882534266 278.12423596717417 386.73476133495569 72.890484947711229 4769.2371065570042 201.73578381724656 18.159661617130041 664.00780195184052 494.07399553619325 394.76616286113858 988.22739580459893 510.7774770129472 941.00804241653532 714.1547800283879 1315.759645562619 66.338940671645105 2595.8297468600795
leaf_count=9714 19289 2340 10961 16070 3123 359 4324 629 27855 975 893 12140 766 303 2481 1345 3748 500 20600 867 108 3198 3094 2460 4724 3103 4048 3339 6845 2582 16191
internal_value=0 0.00197289 -0.00969963 0.00106521 -0.00136802 0.00120836 -0.0108108 -0.00822889 0.00332243 0.00724145 0.00983399 0.0080105 -0.00717599 0.00369558 0.0242727 -0.00643092 -0.0127797 -0.00956841 0.00845569 0.0171412 0.00527897 -0.0102077 -0.0143744 -0.00807247 0.0301663 -0.00395391 -0.0094203 0.0215131 -0.0218403 -0.0669856 -0.00461624
internal_weight=0 27975.6 5806.24 26733.8 19797.8 15554 4243.77 4005.55 13695.9 8692.15 7521.77 6936 5383.01 5057.05 648.613 3895.92 3593.64 3206.9 7265.82 2496.58 1306.62 748.506 1858.09 3134.01 1189.96 3617.8 1170.38 1241.83 1364.02 84.4986 2739.25
internal_count=188974 144634 44340 138955 104742 79271 25471 21147 68973 41118 36095 34213 34626 22073 2784 20518 23665 19917 35202 14602 9011 5888 10298 19417 5591 19173 5023 5679 7204 2690 16957
is_linear=0
shrinkage=0.1


Tree=39
num_leaves=32
num_cat=0
split_feature=32 16 5 36 0 82 0 17 47 82 10 44 27 7 6 35 54 84 84 93 4 63 21 27 73 1 17 2 77 16 41
split_gain=60.4741 45.1521 60.4304 63.4119 51.0609 48.5415 43.7203 40.6538 54.8996 39.1025 35.3211 33.3648 32.1024 31.058 28.7836 27.529 27.3748 26.814 26.4035 25.5036 25.363 33.3811 25.3471 25.2865 24.3871 32.7831 23.9813 23.9436 23.6585 36.2972 23.5261
threshold=10.500000000000002 34.95000000000001 1.0000000180025095e-35 1.0000000180025095e-35 7.5000000000000009 90.500000000000014 10.500000000000002 6.7083333333333348 1350.0000000000002 279.50000000000006 8.5000000000000018 38.650000000000013 188.95000000000002 2.5000000000000004 1250.0000000000002 0.72482159872922813 56.750000000000007 261.00000000000006 18.500000000000004 0.05890155731535366 4.5000000000000009 0.12435739789743946 -0.5639796128121719 1.9500000000000002 12.125000000000002 1.0000000180025095e-35 6.291666666666667 5.5000000000000009 -0.57496371404689961 36.95000000000001 36.95000000000001
decision_type=8 10 2 10 2 10 2 10 10 8 2 8 10 2 2 10 8 8 8 2 2 8 10 10 10 2 10 2 10 10 10
left_child=1 6 3 4 22 11 18 14 -9 12 13 20 -10 19 -2 -16 17 24 -1 -6 21 -4 30 -22 25 -7 -24 -8 29 -13 -3
right_child=7 2 5 -5 10 16 27 8 9 -11 -12 28 -14 -15 15 -17 -18 -19 -20 -21 23 -23 26 -25 -26 -27 -28 -29 -30 -31 -32
leaf_value=-0.0083497675194010492 0.013257452305227697 0.019215534075662649 0.022518837754894588 -0.03329700750585874 -0.093024132914630547 -0.00014622220603217301 -0.00029770070749497051 -0.03871210014601828 -0.0022883243353807479 -0.10504132959342408 0.014041088711847702 0.044327372464579254 -0.041983165740307984 0.060346935783970525 -0.0038215636939716207 -0.043078563697337188 -0.035925054884352318 0.036512373325043132 0.016608058627072219 -0.017437983056830676 0.050948270640373466 0.0070146966351012016 0.0046538537682902174 -0.00060919333759274115 0.028959081070076848 -0.032470481517100823 -0.016845901231324865 -0.036549968327555825 0.0030280708592748079 -0.021866229868254428 -0.010268780644680765
leaf_weight=470.69791121780872 961.58961430937052 1298.552652137354 2322.4406436989084 833.33357580751181 45.370000071823597 744.14690961129963 1333.4724049940705 867.74551589880139 1798.6078746523708 41.327659897506237 412.3593342602253 91.618649435229599 229.76305410824716 50.656367386691272 1651.2558142403141 200.29880632366985 357.27386277355254 139.97350650653243 4262.0263491906226 2771.319384040311 98.890618599019945 3453.9826466348022 1399.8221523808315 2499.902109942399 149.00419562868774 542.48571122810245 824.32029803562909 211.01819998305291 2445.2660651970655 864.58086972311139 341.87314359098673
leaf_count=2111 6081 5824 10217 4712 447 3305 6341 12954 11414 2483 2266 600 2882 203 11368 1328 2228 575 19542 15366 337 17193 7379 11312 666 2753 5193 1156 11743 6894 2101
internal_value=0 0.00188944 -0.000272376 -0.00719231 -0.00414736 0.00375434 0.0093583 -0.00937053 -0.0175987 -0.00874673 -0.0133243 0.006165 -0.00678474 -0.0172598 -0.00077875 -0.00806834 -0.0109333 -0.0052664 0.0141259 -0.0186555 0.00955709 0.0132482 0.00364075 0.0013527 -0.0093398 -0.0137752 -0.00331447 -0.00525072 -0.00218714 -0.0155239 0.0130709
internal_weight=0 27964.4 21687.2 7977.61 7144.27 13709.6 6277.21 5750.59 2937.44 2069.7 3279.71 11776.7 2028.37 2867.35 2813.14 1851.55 1932.88 1575.61 4732.72 2816.69 8375.22 5776.42 3864.57 2598.79 1435.64 1286.63 2224.14 1544.49 3401.47 956.2 1640.43
internal_count=188974 140464 111314 43491 38779 67823 29150 48510 29733 16779 18282 58296 14296 16016 18777 12696 9527 7299 21653 15813 39059 27410 20497 11649 6724 6058 12572 7497 19237 7494 7925
is_linear=0
shrinkage=0.1


Tree=40
num_leaves=32
num_cat=0
split_feature=94 69 82 46 82 82 18 82 5 16 2 18 18 73 73 84 36 2 18 16 88 14 60 77 82 35 82 32 46 72 6
split_gain=55.91 47.8959 45.3423 60.8185 153.752 45.018 70.8329 64.369 37.1533 59.672 37.403 36.7708 44.2509 36.5229 36.1767 38.1077 33.0381 37.1786 32.4747 30.6527 37.9271 38.1937 33.5245 30.0942 26.8883 26.8794 26.0453 47.9392 25.2284 44.0015 57.5222
threshold=0.084836533428944663 5.8500000000000005 97.500000000000014 3.5000000000000004 97.500000000000014 211.50000000000003 3.5000000000000004 216.50000000000003 1.0000000180025095e-35 35.45000000000001 6.5000000000000009 1.5000000000000002 2.5000000000000004 2.1250000000000004 12.125000000000002 217.50000000000003 1.0000000180025095e-35 2.5000000000000004 13.500000000000002 40.45000000000001 6.5000000000000009 471.00000000000006 1.5000000000000002 -0.36260442350882821 35.500000000000007 1.1275719773359156 629.50000000000011 3.5000000000000004 6.5000000000000009 14.550000000000002 2350.0000000000005
decision_type=2 8 8 8 10 8 10 10 2 10 2 10 10 10 10 8 10 2 10 10 10 10 10 10 10 10 8 10 10 10 2
left_child=-1 26 8 4 -4 14 13 -8 9 10 -3 -10 -13 -7 15 18 17 25 -5 20 21 22 -14 -18 -23 -11 -2 -28 -22 -30 -31
right_child=1 2 3 5 -6 6 7 -9 11 16 -12 12 19 -15 -16 -17 23 -19 -20 -21 28 24 -24 -25 -26 -27 27 -29 29 30 -32
leaf_value=-0.034563976939605195 0.0066290674535657073 0.004835519070018536 0.10239210811442355 -0.020059135693307389 -0.008065482029779197 0.019061812860573284 -0.10247416265212779 -0.024912352408624269 -0.0166666836798143 -0.037553797137577651 -0.040078624645594585 0.022797085220805941 -0.039634781721712559 -0.091349738361905089 0.024350890284796815 0.018280208892939343 -0.058670093236834933 -0.0045002750623829111 -0.073948374948697007 -0.016583440429551587 0.0058685225762120062 0.014592543976214904 0.0070115545488826691 -0.016518641139141591 0.04101323811222745 0.013400985708620031 0.1020285903999336 -0.089583067877692504 -0.069920889739449155 -0.0095650548257226534 0.036452534082935202
leaf_weight=462.35048380028456 7888.2121847290546 4717.586031075567 147.47038778290153 1108.8431326951832 866.25550276506692 191.25062984973192 235.67030812054873 195.9771093102172 830.21452869474888 628.40481097996235 192.99834876134992 1260.9761666581035 175.96148227714002 35.524582244455814 228.30941283330321 237.1128619518131 271.26862181723118 3264.112094996497 124.36809582076967 745.63738771155477 3331.1698823850602 1164.1704655475914 1238.6185430549085 450.94477098807693 575.65860519744456 123.94545628689229 64.966002501547337 16.341485521756113 106.73744613490999 2462.3455713801086 305.31758814677596
leaf_count=5107 31405 21181 2952 6307 3816 1958 16993 1476 3357 3772 1290 4731 3039 182 1207 1863 2488 17432 1172 5377 14392 5961 6374 2587 3082 551 1806 1260 926 13612 1318
internal_value=0 0.000451771 -0.00168393 -0.012479 0.00800318 -0.0212881 -0.0434857 -0.0672595 -1.82723e-05 -0.00465475 0.00307028 0.00364978 0.0051337 0.00176572 -0.0126839 -0.0184346 -0.01266 -0.00911932 -0.0254938 0.00292966 0.00448412 0.0134124 0.00120916 -0.032351 0.0233344 -0.0291593 0.00720946 0.0635178 -5.43064e-05 -0.00691833 -0.00448858
internal_weight=0 33186.4 25216.8 3370.78 1013.73 2357.06 658.423 431.647 21846.1 9649.26 4910.58 12196.8 11366.6 226.775 1698.63 1470.32 4738.68 4016.46 1233.21 10105.6 9359.98 3154.41 1414.58 722.213 1739.83 752.35 7969.52 81.3075 6205.57 2874.4 2767.66
internal_count=188974 183867 149396 37926 6768 31158 20609 18469 111470 49301 22471 62169 58812 2140 10549 9342 26830 21755 7479 54081 48704 18456 9413 5075 9043 4323 34471 3066 30248 15856 14930
is_linear=0
shrinkage=0.1


Tree=41
num_leaves=32
num_cat=0
split_feature=47 81 0 16 2 17 4 20 18 5 82 21 5 16 13 30 93 81 21 35 21 2 8 91 69 82 92 10 72 69 10
split_gain=47.5695 95.6023 50.2517 54.5306 44.2373 41.6014 38.5332 88.0327 37.5768 36.2186 35.9207 34.6743 33.3808 32.0412 31.3808 29.7564 29.3392 26.8524 31.6735 27.0691 26.3992 26.0408 24.8104 24.3801 24.1247 30.0028 23.7965 30.7598 23.3798 22.3231 22.2456
threshold=1350.0000000000002 25.000000000000004 10.500000000000002 38.250000000000007 4.5000000000000009 6.1250000000000009 6.5000000000000009 6.5000000000000009 2.5000000000000004 1.0000000180025095e-35 1.0000000180025095e-35 -1.7282943436933229 1.0000000180025095e-35 38.750000000000007 87.450000000000017 35.350000000000001 0.035274686030593354 -154.99999999999997 -0.20150427206615307 -0.45779996754313595 1.1861538505877973 3.5000000000000004 2.5000000000000004 56.612500000000004 5.6500000000000012 154.50000000000003 0.043160627251536306 8.5000000000000018 38.850000000000001 7.0500000000000007 4.5000000000000009
decision_type=10 10 2 10 2 8 2 10 10 2 10 8 2 10 10 10 2 10 10 10 10 2 2 2 10 10 2 2 8 10 2
left_child=1 5 3 4 6 17 7 8 10 15 -2 29 20 -7 -14 -10 -5 18 19 -1 26 -11 28 -15 -6 -26 -13 30 -18 -4 -28
right_child=2 -3 11 16 24 13 -8 -9 9 21 -12 12 14 23 -16 -17 22 -19 -20 -21 -22 -23 -24 -25 25 -27 27 -29 -30 -31 -32
leaf_value=0.040517418939546287 0.10176603547539165 -0.026452262969780163 0.0028709593682182052 -0.088410451522414418 0.013329262255046454 -0.0067009173173339341 -0.0088118315200704546 0.062833189327481026 0.010825200900797196 0.023486988080787044 0.020294895585809779 -0.035707481008665214 0.0061558777443248601 -0.053291212152878825 -0.024306196842719938 -0.0064982826779307681 -6.3862159983414245e-05 0.0019334206611819804 0.031647563368034613 -0.065455805998779801 0.02891326556523173 0.0031233852834432942 0.021628452567827632 0.10054130961167718 -0.0037957529881161287 -0.053635990489676488 -0.0032396611520881941 0.026377406268496956 -0.015176326819105935 -0.053466057602064465 -0.023567999607338557
leaf_weight=37.498586783185601 55.441587910056114 1881.8120834575966 100.37952319160104 41.288668266497552 833.76134431082755 2507.0906279431656 873.19927457440645 343.58721464313567 1824.5631619654596 1783.5978194894269 2265.7809681259096 418.68480843584985 3167.5172702465206 215.95936590153724 378.59838317148387 2171.7616011281498 2684.4807008123025 2732.9525561863557 642.31325464509428 67.476582173258066 153.14297670871019 969.23334670811892 356.15758731495589 10.818511339835821 2647.0088740969077 126.5566993933171 1073.6186133404262 213.31726389657706 1654.6917780730873 234.98241811059415 1079.6763490093872
leaf_count=351 1486 12734 495 482 3744 19500 3702 1186 9521 8505 8504 3368 14741 4194 3605 13402 13058 15445 3103 520 652 4536 1849 126 13505 743 5602 1048 11881 1266 6120
internal_value=0 -0.00670521 0.00209524 0.00478364 0.00794237 -0.000725225 0.0112837 0.0131477 0.0112656 0.00749089 0.0222408 -0.00524909 -0.00362754 -0.00995689 0.00290362 0.00141093 -0.00448227 0.00652662 0.0233247 -0.0276007 -0.0115093 0.0163172 -0.00374424 -0.0459526 -0.00158621 -0.00606994 -0.0137319 -0.00984412 -0.00582682 -0.0366034 -0.0134324
internal_weight=0 8095.92 25451 18631.1 13894.5 6214.11 10287.2 9413.97 9070.38 6749.16 2321.22 6819.92 6484.56 2733.87 3546.12 3996.32 4736.62 3480.24 747.288 104.975 2938.44 2752.83 4695.33 226.778 3607.33 2773.57 2785.3 2366.61 4339.17 335.362 2153.29
internal_count=188974 55973 133001 96104 68834 43239 50842 47140 45954 35964 9990 36897 35136 23820 18346 22923 27270 19419 3974 871 16790 13041 26788 4320 17992 14248 16138 12770 24939 1761 11722
is_linear=0
shrinkage=0.1


Tree=42
num_leaves=32
num_cat=0
split_feature=55 61 81 4 34 2 4 20 17 27 14 32 82 82 34 84 73 18 82 30 89 18 82 28 27 16 2 94 6 16 86
split_gain=43.9051 44.1614 64.4044 47.8702 50.2523 67.5791 53.5759 55.4123 38.8993 36.9395 38.9045 36.8261 45.7966 42.4562 36.238 34.6291 33.3636 32.5796 42.0228 32.0886 31.8275 29.1327 28.6674 28.1464 27.2699 26.6159 26.2448 25.3907 23.4215 23.8049 27.4325
threshold=2.1500000000000008 1350.0000000000002 35.000000000000007 3.5000000000000004 3.5000000000000004 3.5000000000000004 6.5000000000000009 6.5000000000000009 3.291666666666667 175.35000000000005 429.00000000000006 2.5000000000000004 266.50000000000006 18.500000000000004 5.5000000000000009 40.500000000000007 4.5833333333333348 4.5000000000000009 17.500000000000004 37.850000000000001 -14.999999999999998 11.500000000000002 111.50000000000001 475.00000000000006 36.750000000000007 39.350000000000001 5.5000000000000009 0.06835882186349472 3050.0000000000005 40.45000000000001 20.500000000000004
decision_type=8 10 10 2 10 2 2 10 8 10 8 10 8 10 10 10 10 10 8 10 10 10 10 10 10 10 2 2 2 10 8
left_child=-1 2 8 11 19 6 7 -6 22 10 -10 12 -3 15 27 17 -7 -13 -19 20 -5 26 -2 -22 -8 -12 -18 -15 29 -29 -31
right_child=1 3 -4 4 5 16 24 -9 9 -11 25 13 -14 14 -16 -17 21 18 -20 -21 23 -23 -24 -25 -26 -27 -28 28 -30 30 -32
leaf_value=0.019429913076023396 0.013022860340316626 0.018872993813107732 -0.023023310060813058 -0.051647838210375663 0.013867251891106706 0.0037424749239853929 -0.0099377638824995913 0.061973277269507777 -0.036516552746832645 -0.049156091352490383 -6.6485027875820438e-05 0.00048977982504884042 0.10250324555713074 -0.057565303558905559 0.071132651573106637 0.010649083067224143 -0.002142764836540158 -0.023743584104298516 -0.10029026625979331 -0.033857473942473022 -0.015111709842857155 -0.027253471158946829 -0.031606182412867112 0.013720817645449704 -0.085793569985982213 -0.033436169701638395 -0.019644986828456019 0.011376991863142276 -0.027412641987831578 -0.063386834641098122 -0.00087529374791144206
leaf_weight=1121.1267056856304 1818.9275820879266 1060.6161824576557 1927.8041634522378 150.03203490562737 2327.0859073195606 3742.4365302473307 357.75250561069697 266.90941413119435 365.99998506624252 202.44759852904826 3484.2242854018696 513.77686449512839 69.788252929225564 58.958052340894938 91.52745870873332 612.53225158527493 4184.36470592767 606.87763444148004 81.329865499865264 686.92001499142498 817.94911875016987 713.95257241791114 156.2983624022454 577.71141734998673 54.628865187056363 256.62672481918707 1077.3425567084923 5421.0174089409411 177.5448784828186 84.398750258609653 417.31683137267828
leaf_count=4700 10228 4166 14069 799 9880 17709 1544 930 4078 3692 24472 3619 1776 555 345 2908 19024 3513 6477 3332 3507 5137 880 2248 362 4260 6096 24927 797 553 2391
internal_value=0 -0.000699209 -0.00703401 0.00145473 -0.00203602 0.000391943 0.0134945 0.0188171 -0.00212923 -0.0074557 -0.00540008 0.00713253 0.0240361 0.00476338 0.00867246 -0.00870287 -0.00366144 -0.0185646 -0.0327896 -0.0158738 -0.00788175 -0.00829836 0.00949139 -0.00317694 -0.0199865 -0.00235568 -0.00572637 0.00774429 0.0083755 0.00944831 -0.011391
internal_weight=0 32365.1 8212.33 24152.8 14957.1 12724.5 3006.38 2594 6284.52 4309.3 4106.85 9195.68 1130.4 8065.28 6250.76 1814.52 9718.1 1201.98 688.207 2232.61 1545.69 5975.66 1975.23 1395.66 412.381 3740.85 5261.71 6159.24 6100.28 5922.73 501.716
internal_count=188974 184274 61679 122595 70568 60682 12716 10810 47610 36502 32810 52027 5942 46085 29568 16517 47966 13609 9990 9886 6554 30257 11108 5755 1906 28732 25120 29223 28668 27871 2944
is_linear=0
shrinkage=0.1


Tree=43
num_leaves=32
num_cat=0
split_feature=32 16 14 70 84 81 6 86 48 73 82 94 56 2 94 4 20 82 13 77 16 0 79 10 34 2 43 54 53 34 32
split_gain=40.2833 34.2585 33.7456 41.2856 31.3621 29.725 49.2555 28.6716 33.4166 32.1401 28.6128 28.0126 27.1007 31.1782 32.4461 25.0585 39.4016 24.0396 23.5049 26.3739 31.3349 23.1184 22.7421 22.6238 22.5131 21.9477 21.8078 20.9798 20.8214 20.6453 20.6078
threshold=10.500000000000002 34.250000000000007 449.00000000000006 457.00000000000006 588.50000000000011 195.00000000000003 1650.0000000000002 7.5000000000000009 2.0000000000000004 7.5833333333333348 162.50000000000003 0.14530148201113616 427.00000000000006 4.5000000000000009 0.05962948479812296 6.5000000000000009 6.5000000000000009 56.500000000000007 4.0500000000000007 -0.55299551157744398 39.250000000000007 10.500000000000002 2.5000000000000004 6.5000000000000009 3.5000000000000004 3.5000000000000004 9.5000000000000018 53.500000000000007 17.500000000000004 2.0000000000000004 1.5000000000000002
decision_type=8 10 8 8 8 10 2 10 8 8 10 2 10 2 2 2 10 10 10 10 10 2 8 2 10 2 10 10 8 10 10
left_child=1 4 3 -2 21 12 10 8 17 -9 26 22 -3 14 -14 16 18 -4 -16 20 -20 25 -10 -22 -18 -1 27 -7 -11 -17 -15
right_child=2 5 7 -5 -6 6 -8 9 11 28 -12 -13 13 30 15 29 24 -19 19 -21 23 -23 -24 -25 -26 -27 -28 -29 -30 -31 -32
leaf_value=0.028086617265235814 -0.014623004544104996 -0.010344785598092127 0.02672459111070645 -0.065997386725853951 0.037857774212750897 -0.052908587762910221 -0.00019233159956299564 -0.0015967343113467054 0.00043167213026559917 -0.020122196730864489 -0.10161573405830492 0.011843909355392333 -0.069654482378902663 -0.030032031460671911 0.014622277362863662 -0.060048702237840194 -0.0055678508946221195 0.1094861353323232 0.00057574574634531282 0.0064653981299369057 -0.013744345111120874 -0.0085750392939402571 -0.054918880614169066 -0.059302050234286009 0.059375961485108153 0.0061352440937503189 0.024433680977391046 -0.017763848113588741 -0.10218428879163206 -0.0065622997479713278 -0.0028192055658507582
leaf_weight=642.80156093277037 924.21360176522285 1628.2535826899111 132.81212994316593 188.2936114394106 387.7565254913643 200.63832791149616 3453.0999757107347 2115.2761453613639 169.41473235934973 1111.9813306592405 43.91554388217628 816.73302052682266 57.586062269285321 303.11738434806466 2428.0789836756885 81.319457553327084 71.00439789891243 47.702961876057088 1974.0026915166527 8224.843363896478 383.53516395762563 678.53318328969181 132.12221931433305 152.28400721307844 215.01778029277921 1562.9443785510957 103.94546920061111 1107.1269716024399 31.803320359438658 641.13682694174349 3396.4157220199704
leaf_count=2398 6500 13645 1442 6001 2797 1383 16917 11174 1530 7524 288 9165 483 1498 10669 374 297 313 10578 39580 2477 2977 4185 1126 741 6554 463 5364 676 2717 17138
internal_value=0 0.00154658 -0.00770356 -0.0233182 0.0111565 0.000261335 -0.00669608 -0.00389224 0.00867164 -0.00889914 -0.0221245 0.00222705 0.00200765 0.0031295 0.0052559 0.00556031 0.00653493 0.0485952 0.00573705 0.00372729 -0.00524566 0.00756678 -0.0238209 -0.0266922 0.0432538 0.0125323 -0.0196517 -0.0231558 -0.022404 -0.0125827 -0.00504886
internal_weight=0 27737.4 5670.35 1112.51 3272.04 24465.3 4908.73 4557.85 1298.79 3259.06 1455.63 1118.27 19556.6 17928.3 14228.8 14171.2 13448.8 180.515 13162.7 10734.7 2509.82 2884.28 301.537 535.819 286.022 2205.75 1411.71 1307.77 1143.78 722.456 3699.53
internal_count=188974 140464 48510 12501 14726 125738 24415 36009 16635 19374 7498 14880 101323 87678 69042 68559 65468 1755 64430 53761 14181 11929 5715 3603 1038 8952 7210 6747 8200 3091 18636
is_linear=0
shrinkage=0.1


Tree=44
num_leaves=32
num_cat=0
split_feature=94 16 17 6 81 0 93 17 5 81 87 13 46 45 21 73 13 21 81 81 91 82 25 16 82 67 18 82 32 55 4
split_gain=38.4918 37.1895 57.0333 40.3594 59.432 55.5403 39.7777 33.7449 29.7353 27.7817 27.1382 25.5039 26.1687 25.0378 21.7785 23.7982 21.735 21.4296 44.6783 22.5659 21.4259 27.5915 20.5768 25.2042 22.2414 20.2023 20.0973 39.7859 21.4927 20.5075 19.6527
threshold=0.54698785742264011 38.250000000000007 4.7083333333333348 1650.0000000000002 45.000000000000007 8.5000000000000018 0.074192026421325705 6.291666666666667 1.0000000180025095e-35 345.00000000000006 505.00000000000006 17.150000000000002 1.5000000000000002 12.125000000000002 -0.46512270169962128 1.5833333333333337 65.550000000000011 0.12435739789743946 -1.0000000180025095e-35 -364.99999999999994 54.958333333333336 49.500000000000007 11.500000000000002 35.250000000000007 14.500000000000002 4.5000000000000009 2.5000000000000004 1.0000000180025095e-35 1.5000000000000002 189.25000000000003 5.5000000000000009
decision_type=2 8 8 2 10 2 2 10 2 10 8 10 10 8 10 8 10 10 10 10 2 10 10 10 8 10 8 10 10 8 2
left_child=1 3 14 4 7 6 20 17 22 -6 -9 -4 16 30 25 -16 -13 -1 19 -19 -5 -22 23 -7 -25 -3 27 -20 -28 -30 -8
right_child=-2 2 11 5 9 8 13 10 -10 -11 -12 12 -14 -15 15 -17 -18 18 26 -21 21 -23 -24 24 -26 -27 28 -29 29 -31 -32
leaf_value=-0.01062473690660108 0.027192293529104142 0.0081156234233904119 -0.0052139706229002471 0.0055217777412792848 -0.01395256104709989 -0.002740096074627137 0.01352977079526349 -0.0039491156117209868 0.0060163858088303108 -0.055868253609979768 -0.044920541268856376 -0.028318625461344234 -0.017544896778158566 0.029788320285254667 0.03193027560499944 0.0043975487699683732 -0.094507167304122952 0.057405229556435136 0.10205132978837457 0.018715257211432541 -0.017191426758380882 -0.092124688958501649 0.0076795314211681402 -0.065486493769587859 -0.02051232621956782 -0.016975995436527381 -0.031850222670911421 0.0087280528222268092 0.0020254257710483909 -0.046892581542557599 -0.0013467970405997643
leaf_weight=700.96538784634322 511.72737129218876 531.05580453388393 1884.4570658281446 241.99001191696152 2070.7748536849394 854.55495004914701 4951.4603825393133 4886.8072232934646 1904.9796803495847 171.20000286772847 167.19725514249876 124.69740995112807 2308.3736380324699 790.54473584657535 378.46977455448359 1841.2628425993025 82.3947654790245 172.86116262711585 47.164572218433022 1178.4940417930484 199.52480036858469 65.195120403543115 482.404864506796 125.02839907817543 912.38783426815644 810.77758404426277 234.38319241255522 1453.7445939779282 2089.2762211728841 89.364598092623055 1082.0657903756946
leaf_count=3651 2381 3248 10266 1830 10885 4134 23268 27827 9308 1221 4429 1668 19233 4892 1693 9891 3120 817 1235 5034 1459 485 3050 776 5366 4106 1201 5561 10981 1198 4760
internal_value=0 -0.000446747 -0.00639529 0.00145735 -0.00231164 0.00576265 0.0110471 0.000707767 -0.00328991 -0.0171533 -0.00530454 -0.0140102 -0.0205999 0.0130543 0.0030121 0.00909195 -0.0546527 0.00580078 0.0079875 0.0236644 -0.0159854 -0.035646 -0.0107564 -0.0154571 -0.0259326 -0.00704552 0.00257479 0.0116606 -0.00307665 1.8882e-05 0.0108618
internal_weight=0 32833.9 7961.49 24872.4 13262.2 11610.1 7330.78 11020.3 4279.36 2241.97 5054 4399.92 2515.47 6824.07 3561.57 2219.73 207.092 5966.25 5265.29 1351.36 506.71 264.72 2374.38 1891.97 1037.42 1341.83 3913.93 1500.91 2413.02 2178.64 6033.53
internal_count=188974 186593 53225 133368 74040 59328 36694 61934 22634 12106 32256 34287 24021 32920 18938 11584 4788 29678 26027 5851 3774 1944 13326 10276 6142 7354 20176 6796 13380 12179 28028
is_linear=0
shrinkage=0.1


Tree=45
num_leaves=32
num_cat=0
split_feature=94 13 10 14 88 69 2 93 81 67 56 13 16 11 44 49 44 4 34 2 6 44 77 6 4 72 0 0 10 82 52
split_gain=33.711 32.1074 30.6779 39.1058 49.3267 38.8654 33.1918 28.7231 28.5904 25.9708 32.4325 25.9563 23.8744 23.6828 22.6818 22.0474 22.015 21.9359 62.2749 24.303 23.5248 24.3474 21.7586 21.6993 20.6724 20.4782 21.5953 20.4075 20.1006 22.7921 19.8675
threshold=0.084836533428944663 2.5500000000000003 3.5000000000000004 477.00000000000006 6.5000000000000009 253.95000000000002 5.5000000000000009 0.2153701917626967 -14.999999999999998 11.500000000000002 427.00000000000006 238.55000000000004 40.95000000000001 1.5000000000000002 38.550000000000004 0.82367850984177893 34.750000000000007 3.5000000000000004 3.5000000000000004 2.5000000000000004 1350.0000000000002 34.550000000000004 -0.72507976425484688 1650.0000000000002 4.5000000000000009 40.050000000000004 10.500000000000002 13.500000000000002 4.5000000000000009 10.500000000000002 1.0000000180025095e-35
decision_type=2 8 2 8 10 8 2 2 8 10 10 10 10 10 8 10 10 2 10 2 2 10 8 2 2 10 2 2 2 8 10
left_child=-1 -2 8 7 14 6 15 9 22 10 23 17 -10 -8 -5 25 24 19 -19 20 -12 -22 -3 -4 -11 -6 -27 -23 -20 -30 -15
right_child=1 2 3 4 5 -7 13 -9 12 16 11 -13 -14 30 -16 -17 -18 18 28 -21 21 27 -24 -25 -26 26 -28 -29 29 -31 -32
leaf_value=-0.027391780054161641 0.013957220087157551 -0.0064439627593104428 -0.038628676130595771 0.016847284422817476 0.0058666542694888069 -0.066733069851866084 0.030104379626955613 0.0037315689321357152 0.0018121301861180991 0.041839877120555896 0.014679589748459055 -0.048014289630018608 -0.048437499033718426 -0.01239624000774231 -0.00024654426822704942 -0.011986037611990312 -0.003422635342953203 -0.043927462008509555 -0.024163280274583511 0.0059708311635601943 0.023680336631834248 -0.026798249527320496 0.018055546809303782 -0.0097223508253609578 -0.0071871336714691425 -0.0050175674720350219 -0.063838437316947758 -0.098268697649989453 0.047511355855453123 -0.0052607189922742022 -0.041610503160710077
leaf_weight=443.97952801035717 1646.8983433218673 439.58578453958035 659.37758513307199 2521.6390132871456 4495.1937983194366 93.565149465575814 98.557597421109676 2358.157636418473 5703.2175657558255 230.8119050282985 203.62685383716598 162.96927857631817 96.144919944461435 787.65116055682302 1121.4720034911297 1034.2408687397838 1689.7374877342954 539.41639742348343 577.63579325377941 1793.4910623175092 89.624025233089924 484.70876438822597 2067.3707962697372 428.42808262072504 137.08405455201864 245.51298558153212 83.692954253405333 43.540644738823175 84.507171008735895 2594.9007363012061 330.44455619901419
leaf_count=5107 7204 1984 9249 14580 19167 838 484 11109 31090 1057 1334 2003 918 4283 10657 4860 9251 2640 3080 9596 627 3884 10490 5282 684 1198 465 305 410 13185 1953
internal_value=0 0.000349097 -0.000369296 -0.00225834 0.00211026 -0.00270478 -0.00185805 -0.00616902 0.00483641 -0.00857103 -0.0112497 -0.00860327 0.000979065 -0.016888 0.0115852 0.00126319 0.00140382 -0.0076015 -0.012456 -0.000553696 -0.014798 -0.0245126 0.0137596 -0.027244 0.0235716 0.00410352 -0.0199714 -0.0326892 -0.00724386 -0.00359631 -0.0210303
internal_weight=0 32843.2 31196.3 22890 10812 7168.86 7075.29 12078 8306.32 9719.86 7662.23 6574.42 5799.36 1216.65 3643.11 5858.64 2057.63 6411.45 3796.46 2614.99 821.5 617.873 2506.96 1087.81 367.896 4824.4 329.206 528.249 3257.04 2679.41 1118.1
internal_count=188974 183867 176663 132181 58485 33248 32410 73696 44482 62587 51595 37064 32008 6720 25237 25690 10992 35061 19315 15746 6150 4816 12474 14531 1741 20830 1663 4189 16675 13595 6236
is_linear=0
shrinkage=0.1


Tree=46
num_leaves=32
num_cat=0
split_feature=55 18 42 86 34 70 16 46 84 82 14 43 72 17 81 91 81 46 94 4 34 44 6 86 86 21 18 82 82 81 82
split_gain=31.1739 31.6502 52.4448 27.5578 46.1595 42.1931 33.9161 31.1949 36.3596 33.1091 31.0595 27.7833 26.4602 26.3457 32.2364 24.829 23.1356 24.8413 23.0989 22.6688 34.5754 23.0164 21.7439 28.0704 21.5104 21.2378 20.7977 91.5186 49.1149 71.3656 22.7071
threshold=2.1500000000000008 12.500000000000002 439.00000000000006 99.500000000000014 2.0000000000000004 395.00000000000006 33.850000000000001 6.5000000000000009 8.5000000000000018 111.50000000000001 485.00000000000006 10.500000000000002 32.750000000000007 10.583333333333334 415.00000000000006 52.81666666666667 -334.99999999999994 5.5000000000000009 0.10621167128408451 3.5000000000000004 3.5000000000000004 35.050000000000004 1175.0000000000002 47.500000000000007 111.50000000000001 0.55273734605182534 3.5000000000000004 434.50000000000006 511.50000000000006 -104.99999999999999 34.500000000000007
decision_type=8 10 10 8 8 10 8 10 10 10 10 10 10 10 10 2 10 8 2 2 10 10 2 10 10 10 10 8 8 10 10
left_child=-1 3 16 5 13 -2 -6 9 -9 19 11 26 -10 14 24 -15 17 -3 -4 -7 21 -21 23 -20 -5 -12 28 30 -8 -30 -28
right_child=1 2 18 4 6 7 10 8 12 -11 25 -13 -14 15 -16 -17 -18 -19 22 20 -22 -23 -24 -25 -26 -27 27 -29 29 -31 -32
leaf_value=0.016498112988946406 -0.034839765063721044 0.11082959948511964 -0.048088780438870077 0.02392982616789064 0.030964246703580597 0.010877382766946719 -0.00393004352197256 -0.042661056054982542 -0.049857310009054329 -0.01460286605465401 0.014721716019245429 0.044315787783790389 -0.0040274995401267414 -0.060386521160717271 -0.086532759513495427 0.053906351038167093 -0.052832045763348573 -0.027709301035600143 0.066816526821022057 0.011688304064222726 0.0034817179908298887 -0.024013345846706509 -0.0051801193115447132 -0.031408610754965559 -0.0043064397180151001 -0.0057607801841504649 -0.015517633799536641 -0.10223468767246349 -0.0020996905771261567 0.10326172833211185 0.0014447402932905478
leaf_weight=1104.5806286381558 378.37339323014021 18.360892977565527 117.79410649929196 985.3274163310416 373.8069156082347 3153.139281783253 1389.2494663596153 263.41186760552227 128.24897084385157 1082.1570751396939 1847.6332694562152 114.18436300195754 7116.199579756707 20.362239775713533 31.248608640395105 285.64293841365725 362.48651908477768 43.861859182827175 93.236122449859977 232.06580490618944 6578.0072494260967 813.86542259529233 2069.2130365809426 42.290567068383098 371.52246673218906 697.2676765169017 1602.108810082078 104.60479181772098 149.33753685280681 112.88068845681846 1555.3923956947401
leaf_count=4700 3896 82 1732 6394 1971 12722 5575 1549 695 4792 11576 636 35450 289 228 2545 7781 805 531 889 27254 3492 15468 281 1743 4308 9388 8688 1749 2619 9146
internal_value=0 -0.000587696 -0.0108521 0.000371901 0.00475452 -0.00176788 0.00155959 -0.00112176 -0.00616581 0.00207154 0.000108091 -0.0044483 -0.00483883 0.0197409 0.0138857 0.0463011 -0.0431621 0.0131712 -0.0049437 0.00374587 0.000796385 -0.016092 -0.00263856 0.0361658 0.0161984 0.0091098 -0.00558151 -0.0102106 0.00356221 0.0432567 -0.00716193
internal_weight=0 32133.3 2747.24 29386 9640.57 19745.5 7946.47 19367.1 7507.86 11859.2 7572.66 5027.76 7244.45 1694.1 1388.1 306.005 424.709 62.2228 2322.53 10777.1 7623.94 1045.93 2204.74 135.527 1356.85 2544.9 4913.57 3262.11 1651.47 262.218 3157.5
internal_count=188974 184274 26680 157594 66855 90739 55656 86843 37694 49149 53685 37801 36145 11199 8365 2834 8668 887 18012 44357 31635 4381 16280 812 8137 15884 37165 27222 9943 4368 18534
is_linear=0
shrinkage=0.1


Tree=47
num_leaves=32
num_cat=0
split_feature=16 17 6 0 81 93 31 15 5 63 14 49 77 13 28 68 58 63 81 56 0 71 5 82 41 6 55 36 67 2 71
split_gain=29.7439 43.7789 33.1758 50.3511 45.5508 31.0301 27.8283 29.8047 24.8605 22.5824 22.4271 33.2505 22.2864 27.6543 22.3245 22.1466 25.6182 22.6152 21.7122 21.4869 21.4045 21.326 20.5562 25.2415 21.1906 20.6205 19.9364 19.5793 29.3234 19.4863 19.2205
threshold=38.250000000000007 4.7083333333333348 1650.0000000000002 8.5000000000000018 1.0000000180025095e-35 0.074192026421325705 7.1250000000000009 9.5000000000000018 1.0000000180025095e-35 0.14266423328865252 465.00000000000006 -0.15024513297075651 1.0726514711622765 101.55000000000001 503.00000000000006 56.750000000000007 34.150000000000013 1.087296939475247 345.00000000000006 455.00000000000006 14.500000000000002 2.5000000000000004 1.0000000180025095e-35 15.500000000000002 74.950000000000017 1350.0000000000002 65.15000000000002 1.0000000180025095e-35 5.5000000000000009 6.5000000000000009 -3.4999999999999996
decision_type=10 10 2 2 8 2 8 10 2 10 10 10 8 10 10 10 10 10 10 8 2 10 2 8 10 2 10 10 8 2 10
left_child=2 22 4 5 6 -4 10 9 19 -8 11 -1 -3 14 -14 16 -7 -18 29 -5 -21 -11 27 24 -24 26 -25 -2 -29 -6 -12
right_child=1 12 3 8 18 15 7 -9 -10 21 30 -13 13 -15 -16 -17 17 -19 -20 20 -22 -23 23 25 -26 -27 -28 28 -30 -31 -32
leaf_value=-0.029830168911245097 -0.0021880373149910579 -0.009270481882791776 -0.013414610897116189 0.0034673951371133657 -0.010101350997991298 0.031372943569265503 -0.022791942949139943 0.020921650637309216 0.005406704999172912 0.00058606156471986833 -0.0038713336595278952 0.0022828656231392921 -0.028019736808389942 -0.069132253510681863 0.02965387743771656 7.3406268371284757e-05 0.013081929066157594 -0.036072880986947289 -0.0489248652544544 -0.011655876646943099 -0.044111489809787616 -0.018913178234289712 -0.020772533463629859 0.019523690815531475 0.032869180284375861 0.0053736233465612598 0.073514099601879546 0.010075331520332152 -0.074947510440197693 -0.0665080825950186 0.013398683277634466
leaf_weight=368.44792638998479 367.60278631048277 3614.1206979244016 506.68117970973253 815.33368151541799 2109.6262571401894 804.72186594363302 821.12388807116076 390.37464723875746 1943.7033274783753 2324.9633337603882 813.15092240413651 2581.5650382959284 406.54007088206708 138.55819845478982 80.387659779749811 1236.349673002027 4845.6277649663389 95.441994102671742 169.24774972442538 1376.4006345691159 238.39612195454538 739.21543655218557 495.66935291700065 481.80646368861198 86.495311953127384 1898.3371240017004 79.707945428788662 64.991513267159462 107.92576851882041 63.075805651955307 3105.9230477572419
leaf_count=2239 2246 21047 3870 4265 11538 5305 8110 2204 9603 13896 4396 13996 5583 5078 949 5671 22446 537 1224 7883 1550 3887 2331 2631 446 9945 443 313 752 491 14099
internal_value=0 -0.00540966 0.00164433 0.00550168 -0.00174852 0.0104806 0.000915563 -0.0054181 -0.00302322 -0.00806458 0.00485797 -0.00172796 -0.0122867 -0.0297148 -0.0184983 0.0122147 0.0148272 0.0121325 -0.0144262 -0.00976576 -0.0164474 -0.00411802 0.0027287 0.00592172 -0.0128027 0.0103532 0.0271877 -0.0152414 -0.0429914 -0.0117389 0.00981541
internal_weight=0 7822.14 25349.4 11862.7 13486.7 7488.82 11144.8 4275.68 4373.83 3885.3 6869.09 2950.01 4239.61 625.486 486.928 6982.14 5745.79 4941.07 2341.95 2430.13 1614.8 3064.18 3582.54 3042.02 582.165 2459.85 561.514 540.52 172.917 2172.7 3919.07
internal_count=188974 51764 137210 61130 76080 37829 62827 28097 23301 25893 34730 16235 32657 11610 6532 33959 28288 22983 13253 13698 9433 17783 19107 15796 2777 13019 3074 3311 1065 12029 18495
is_linear=0
shrinkage=0.1


Tree=48
num_leaves=32
num_cat=0
split_feature=63 14 4 34 18 82 82 3 16 16 5 31 44 89 13 2 92 84 1 9 86 45 81 16 14 43 41 18 15 18 6
split_gain=28.5827 33.9936 30.6049 57.3985 55.8879 52.5956 45.9778 41.1202 35.1858 34.777 40.6303 31.2799 27.502 27.3541 26.2074 24.8084 32.3507 24.6114 24.4533 23.6211 23.0539 26.7483 22.8894 22.3698 22.2757 22.2051 22.1567 23.8122 22.2168 21.2079 24.2833
threshold=-2.1163992539870402 425.00000000000006 3.5000000000000004 3.5000000000000004 2.5000000000000004 237.50000000000003 28.500000000000004 54.250000000000007 37.550000000000004 34.250000000000007 1.0000000180025095e-35 8.4166666666666696 34.550000000000004 1.0000000180025095e-35 103.75000000000001 4.5000000000000009 0.030787141475990955 15.500000000000002 1.0000000180025095e-35 1.0000000180025095e-35 155.50000000000003 14.41666666666667 995.00000000000011 37.750000000000007 511.00000000000006 -3.4999999999999996 7.7500000000000009 13.500000000000002 6.5000000000000009 6.5000000000000009 1350.0000000000002
decision_type=10 8 2 10 10 8 10 2 10 10 2 10 10 8 10 2 2 10 2 2 8 10 8 10 10 8 10 10 10 10 2
left_child=1 -1 4 8 5 -2 9 15 -4 -6 13 18 -8 29 20 17 -17 -5 -9 -14 -3 24 -16 -12 25 -22 27 -13 -28 -11 -31
right_child=2 14 3 7 6 -7 12 11 -10 10 23 26 19 -15 22 16 -18 -19 -20 -21 21 -23 -24 -25 -26 -27 28 -29 -30 30 -32
leaf_value=-0.070383503946492953 0.018563000471199364 -0.017167140686631648 -0.0066510141276932035 -0.0045476785917725037 0.027662333474102692 0.10082485253966655 0.034405905016583943 0.0051612826027700653 -0.029767223357136885 -0.0049186988468996476 0.013123068850963643 0.0047792716073931383 0.0006500533035223926 -0.048714121162239027 -0.047992890224887397 -0.058060108470049755 0.00121474198351191 0.017145529367125514 -0.0061398187798349406 0.016619038182676238 0.067690702244440154 0.12636426215940763 0.16159216227109144 -0.0049901040522834063 0.038484427122019035 -0.0067350915026077379 -0.017736440205629679 -0.067478455639867527 0.0068677201592315124 0.013879695278531411 -0.038116721114471203
leaf_weight=92.678379830904305 1379.8612790517509 830.77799954079092 1944.4358529215679 645.06376925716177 326.06938435556367 82.362735642120242 416.01053596846759 5492.9611440952867 995.62674561422318 1152.1893642488867 1041.0215363772586 1167.3382566608489 2215.7028441717848 241.48132312530652 198.77557708742097 102.09651298634708 938.06000590976328 2763.433876728639 2939.1835033399984 1591.7077534208074 42.136322010774165 17.903907935135067 5.3511855062097302 1976.0715744365007 151.17889450769871 824.29214382078499 2491.83655776456 47.461138945072889 430.38688915316015 110.75575422123075 475.09764691488817
leaf_count=3035 5554 4241 8209 3641 1831 2532 1703 24630 4888 6830 5275 4791 11614 2667 7348 864 5368 11846 14080 8048 298 267 55 12518 1569 11672 14328 292 2515 1052 5413
internal_value=0 -0.0111318 0.000757996 -0.00157683 0.00499099 0.0231966 0.00220235 0.000652217 -0.0144791 -0.00397963 -0.00604452 -0.00227218 0.00999337 -0.0171772 -0.00847955 0.00891478 -0.00460338 0.0130401 0.00122207 0.00732597 -0.00475868 0.00519647 -0.0424986 0.00125969 0.00306463 -0.0031156 -0.00939422 0.00195623 -0.0141127 -0.0127955 -0.0282868
internal_weight=0 2163.09 30966.2 19957.9 11008.3 1462.22 9546.11 17017.8 2940.06 5322.69 4996.62 12569.2 4223.42 1979.52 2070.42 4448.65 1040.16 3408.5 8432.14 3807.41 1866.29 1035.51 204.127 3017.09 1017.61 866.428 4137.02 1214.8 2922.22 1738.04 585.853
internal_count=188974 28485 160489 95452 65037 8086 56951 82355 13097 35586 33755 60636 21365 15962 25450 21719 6232 15487 38710 19662 18047 13806 7403 17793 13539 11970 21926 5083 16843 13295 6465
is_linear=0
shrinkage=0.1


Tree=49
num_leaves=32
num_cat=0
split_feature=94 94 2 48 4 82 60 82 82 18 4 81 82 16 0 84 46 67 2 3 19 72 11 56 42 34 2 86 55 13 40
split_gain=27.4317 26.915 24.7529 30.2136 39.5698 33.889 45.3678 135.584 35.6831 135.348 33.6075 31.6321 27.8507 29.1454 26.6478 26.1773 36.91 31.2297 26.1472 25.7561 33.163 32.0568 26.2995 26.9686 25.4065 24.2998 23.6066 22.5066 25.2036 22.3714 22.0967
threshold=0.54698785742264011 0.053963118731801957 6.5000000000000009 6.5000000000000009 6.5000000000000009 91.500000000000014 3.5000000000000004 91.500000000000014 818.50000000000011 3.5000000000000004 6.5000000000000009 -1.0000000180025095e-35 18.500000000000004 38.45000000000001 10.500000000000002 261.00000000000006 9.5000000000000018 9.5000000000000018 2.5000000000000004 52.250000000000007 1350.0000000000002 39.250000000000007 12.500000000000002 471.00000000000006 427.00000000000006 2.0000000000000004 2.5000000000000004 6.5000000000000009 384.15000000000003 2.4500000000000006 50.500000000000007
decision_type=2 2 2 10 2 8 8 10 8 10 2 10 10 10 2 8 10 10 2 2 10 8 10 8 10 8 2 10 8 10 10
left_child=1 -1 3 4 5 12 7 -7 15 11 -5 18 13 24 -15 30 -17 -18 -10 26 21 -21 23 -22 -3 -6 -14 -25 29 -29 -8
right_child=-2 2 -4 10 25 6 8 -9 9 -11 -12 -13 19 14 -16 16 17 -19 -20 20 22 -23 -24 27 -26 -27 -28 28 -30 -31 -32
leaf_value=-0.049782834502318976 0.023283065118175773 -0.027359562288637708 -0.014661907986341283 0.030980574359337595 -0.05414933372567831 0.10161529525852807 -0.091801548239559494 -0.0038792010490025126 0.071348868110215263 -0.1019185051882343 0.0034552363863231128 0.10379556674864276 -0.014397156317853472 -0.0098110599559734675 -0.043719399658859029 -0.0080003651722662487 0.095953069197180718 -0.019769629220805 -0.02944858221842311 -0.002349779556788726 -0.0025752002831704902 -0.030073983997816429 0.015071684710158201 0.017299608852395055 0.0018298869074097083 -0.012554012786050204 0.020601216391740042 0.034999816435012363 -0.063915807146002687 0.0027611567229592184 -0.01426050620740069
leaf_weight=109.87405126728117 497.69483025651425 323.84403278119862 1142.733879129868 642.7413163986057 161.31650283746421 135.50574924051762 37.467164756730199 1206.9571434976533 35.419070906937122 193.41015470586717 1431.5285701737739 36.24398428760469 224.25920900329947 1001.8446693178266 301.51824043598026 244.54254578892142 78.19234802108258 33.230944734066725 94.126220624893904 3364.8414918314666 5029.8786521535367 476.07173005770892 2087.2131719859317 1648.7607936169952 3764.2361375568435 1085.6383307510987 1370.596966098994 227.13343966007233 54.60580625385046 4113.494338074699 1921.3796206805855
leaf_count=1491 2381 2373 7232 2511 748 4191 560 5154 349 17913 6871 494 1483 5872 1967 1911 564 190 1181 15526 23479 4286 10146 9448 17694 4740 7435 844 773 18316 10851
internal_value=0 -0.000372712 -0.000205508 0.000321844 -0.000505156 0.00027094 -0.00823046 0.00676922 -0.0157609 -0.045086 0.0119843 0.0212148 0.00169437 -0.00463391 -0.0176554 -0.0112104 0.0137356 0.0614399 -0.00188948 0.00352901 0.0023892 -0.00578613 0.00477508 0.00283437 -0.000482404 -0.0179351 0.01568 0.00733627 0.00359878 0.00444812 -0.0157436
internal_weight=0 32578.6 32468.7 31326 29251.7 28004.8 4016.47 1342.46 2674.01 359.199 2074.27 165.789 23988.3 5391.44 1303.36 2314.81 355.966 111.423 129.545 18596.9 17002 3840.91 13161.1 11073.9 4088.08 1246.95 1594.86 6043.99 4395.23 4340.63 1958.85
internal_count=188974 186593 185102 177870 168488 163000 43358 9345 34013 19937 9382 2024 119642 27906 7839 14076 2665 754 1530 91736 82818 19812 63006 52860 20067 5488 8918 29381 19933 19160 11411
is_linear=0
shrinkage=0.1


Tree=50
num_leaves=32
num_cat=0
split_feature=27 94 63 21 4 5 58 44 90 76 6 16 11 92 15 18 2 41 4 34 27 27 82 17 16 44 86 3 42 4 48
split_gain=24.8647 23.5296 25.2073 32.4662 27.8322 38.9192 43.3547 35.9425 35.8705 32.2686 29.2578 25.9606 28.6097 25.0099 24.9107 23.9273 23.8004 22.0634 20.4933 42.4028 27.2083 19.2452 18.575 18.5436 20.4405 18.5478 18.1542 17.3805 21.4777 18.3122 27.932
threshold=2.8500000000000001 0.54698785742264011 -2.1163992539870402 0.65525562424261852 4.5000000000000009 1.0000000180025095e-35 35.45000000000001 38.95000000000001 14.500000000000002 5.5000000000000009 1750.0000000000002 33.850000000000001 12.500000000000002 0.023368947488065405 1.0000000180025095e-35 1.5000000000000002 6.5000000000000009 85.550000000000011 5.5000000000000009 6.5000000000000009 29.450000000000003 119.75000000000001 76.500000000000014 4.5833333333333348 40.45000000000001 41.150000000000013 21.500000000000004 52.250000000000007 439.00000000000006 3.5000000000000004 3.5000000000000004
decision_type=8 2 10 10 2 2 10 10 8 8 2 10 10 2 10 10 2 10 2 10 10 10 10 10 10 10 8 2 10 2 10
left_child=-1 2 3 21 5 6 11 10 -6 17 27 -4 13 -13 -8 -9 -11 18 19 22 -20 -2 -10 -17 25 -25 -12 -7 -29 -30 -31
right_child=1 -3 4 -5 8 7 14 15 9 16 26 12 -14 -15 -16 23 -18 -19 20 -21 -22 -23 -24 24 -26 -27 -28 28 29 30 -32
leaf_value=0.010065642018944158 -0.0040402356633456307 0.024869311881368112 0.035492108450801543 -0.045419326143787665 -0.025633648770306723 0.020407548897721253 -0.015700981198885001 -0.047461204392347814 0.00057539602879154233 0.0094667304721064039 0.0045056535097301054 -0.077922989004407306 0.022821630460174245 -0.00060764330182183114 -0.00044522800023685571 0.0078855476430382213 -0.017325117157718471 -0.032363364587575764 -0.0096278480779282589 0.058335193703734495 -0.045977534498247166 -0.043485836513505766 -0.017438903151841899 -0.0091471294479695663 -0.037861756197397858 0.022561144571523889 0.022378649206069318 -0.015139173663335136 0.012220666428663193 -0.019584559191242381 0.005825449906981685
leaf_weight=2277.527938619256 1611.3723793555982 353.99876802880317 257.45510273519903 252.69343527313322 759.53490588907152 628.72094864817336 2806.7458977825008 120.34312216937542 2650.9851621105336 2426.7232910306193 790.11873173806816 42.514938697218895 570.99217121023685 2631.5949358213693 1730.0854887147434 1143.5470034754835 384.04608548525721 330.9131115344353 1569.7271691448987 115.37440053373575 237.01295487768948 133.97080762917176 730.01781504973769 1247.0412774803117 209.37701494898647 216.5080471644178 2024.3500279271975 590.10521505214274 1977.6838279347867 593.12974121980369 1598.454175837338
leaf_count=9999 17435 1617 1342 6341 3969 3232 18685 583 12309 11837 3723 423 3039 14433 9016 5723 2580 2430 6488 388 1315 3973 3537 7500 1978 1185 9494 3495 10216 2769 7920
internal_value=0 -0.000763206 -0.00106187 -0.0119184 -0.000297629 0.00187172 -0.0034309 0.00569867 -0.00481783 -0.00294563 0.00909756 0.00492687 0.00250193 -0.00183686 -0.00988332 -0.00379448 0.00580606 -0.00731178 -0.00574857 -0.00127988 -0.0143963 -0.00706804 -0.00331421 -0.00192868 -0.0086373 -0.00445641 0.0173611 0.00478111 0.00271684 0.00524412 -0.00105151
internal_weight=0 30735.1 30381.1 1998.04 28383.1 19178.8 8039.39 11139.4 9204.33 8444.8 8202.56 3502.56 3245.1 2674.11 4536.83 2936.82 2810.77 5634.03 5303.12 3496.38 1806.74 1745.34 3381 2816.47 1672.93 1463.55 2814.47 5388.09 4759.37 4169.27 2191.58
internal_count=188974 178975 177358 27749 149609 104756 46938 57818 44853 40884 40849 19237 17895 14856 27701 16969 14417 26467 24037 16234 7803 21408 15846 16386 10663 8685 13217 27632 24400 20905 10689
is_linear=0
shrinkage=0.1


Tree=51
num_leaves=32
num_cat=0
split_feature=81 35 14 56 88 46 58 17 10 0 72 16 27 16 18 28 8 16 53 2 67 86 6 0 76 15 82 31 18 82 82
split_gain=23.5172 43.6202 35.2902 38.8411 28.3512 24.399 23.4011 26.7145 21.2785 22.2041 20.7092 36.3982 21.1576 20.6991 20.3307 20.3276 19.6102 20.3043 19.931 18.6466 18.4075 17.9579 17.8891 17.7423 17.714 19.404 17.316 17.283 24.8332 69.4992 57.3684
threshold=135.00000000000003 0.60399648514722204 453.00000000000006 391.00000000000006 89.500000000000014 6.5000000000000009 38.050000000000004 1.2916666666666667 3.5000000000000004 9.5000000000000018 14.250000000000002 13.850000000000003 32.95000000000001 32.850000000000001 10.500000000000002 465.00000000000006 1.5000000000000002 41.250000000000007 4.5000000000000009 6.5000000000000009 12.500000000000002 41.500000000000007 2450.0000000000005 4.5000000000000009 6.5000000000000009 8.5000000000000018 28.500000000000004 2.416666666666667 3.5000000000000004 1.0000000180025095e-35 818.50000000000011
decision_type=10 8 8 10 8 10 8 10 2 2 10 10 10 10 10 10 2 10 8 2 10 10 2 2 10 8 10 8 8 10 8
left_child=2 6 3 14 5 24 7 -2 13 -10 12 -12 -7 -5 -1 22 17 -8 -18 26 -11 23 -9 -3 25 -4 -17 -6 29 -29 -30
right_child=1 21 4 8 27 10 16 15 9 20 11 -13 -14 -15 -16 19 18 -19 -20 -21 -22 -23 -24 -25 -26 -27 -28 28 30 -31 -32
leaf_value=-0.026547329076784056 -0.036548819740473394 0.0054142664472043855 0.0006408875602990226 -0.066600344655003571 0.017025931351896915 -0.0068551693948552444 -0.015124907925058896 0.010321207574301189 -0.0023937105210871347 -0.023688690808005338 0.043488858798808476 -0.0063265857976842052 -0.099237454333708647 0.0061837369377430677 -0.091745892561570064 -0.010407489232480291 -0.037213326944680485 -0.096420845117068263 0.036632843555414608 -0.03891070105227995 0.0058720512333113447 -0.030933959907581843 0.042045113084150564 -0.018208771337545688 0.02217610749125494 0.018597281439973891 0.0092444826881626207 0.10230058914526159 0.0042194304176544949 0.010839443160931184 -0.044176252857414201
leaf_weight=167.60239240387455 155.17733152583241 457.17403234913945 5859.987537807785 39.867608231492341 1649.7064128997736 52.185246653854847 965.29587225243449 1279.3984894538298 2543.3587225442752 1122.5199905456975 152.00743901729584 4180.0162533083931 47.224888405762613 1961.015896123834 66.925156582612544 725.72864100243896 49.443475261330605 31.731983608566225 140.14338853769004 120.0076211374253 259.31455757142976 647.90310644265264 206.43353047966957 1043.9075275128707 491.2139542363584 670.67638749442995 1173.1833660434932 86.659103197045624 4346.7628823891282 2012.6841586604714 259.56660157814622
leaf_count=3267 736 2701 24790 221 9141 284 6549 6229 14731 6805 580 21414 530 10491 3806 3498 292 344 930 741 1755 3907 860 6765 2000 2739 5152 2508 24542 7854 12812
internal_value=0 -0.00516118 0.0013713 -0.00523888 0.0034271 0.000195816 9.69863e-05 0.00405357 -0.00365928 -0.00793754 -0.00561417 -0.0045786 -0.0507415 0.00473351 -0.0451525 0.0058513 -0.0121065 -0.0177123 0.0173741 -0.000682108 -0.0181413 -0.0170198 0.0147288 -0.0110141 0.00386244 0.00248495 0.00173387 0.00785645 0.00560061 0.0146149 0.00149233
internal_weight=0 6995.53 25969.3 6160.6 19808.7 11453.3 4846.54 3659.93 5926.08 3925.19 4431.43 4332.02 99.4101 2000.88 234.528 3504.75 1186.61 997.028 189.587 2018.92 1381.83 2148.98 1485.83 1501.08 7021.88 6530.66 1898.91 8355.38 6705.67 2099.34 4606.33
internal_count=188974 38704 150270 41076 109194 52337 25331 17216 34003 23291 22808 21994 814 10712 7073 16480 8115 6893 1222 9391 8560 13373 7089 9466 29529 27529 8650 56857 47716 10362 37354
is_linear=0
shrinkage=0.1


Tree=52
num_leaves=32
num_cat=0
split_feature=13 16 90 62 86 14 48 4 13 30 10 4 48 20 82 63 44 59 82 84 81 33 76 18 90 94 14 4 8 41 41
split_gain=22.6572 21.7097 24.3082 37.246 34.5527 33.6125 28.1304 30.4331 28.1087 24.4746 28.5053 23.8423 37.9314 28.5591 24.2797 24.2594 22.1662 21.7411 21.5116 20.7583 20.5583 20.4977 20.0794 19.6813 19.5282 18.9308 20.0255 18.8918 18.7829 17.6584 17.636
threshold=1.7500000000000002 40.95000000000001 97.500000000000014 2.0000000000000004 13.500000000000002 451.00000000000006 6.5000000000000009 6.5000000000000009 317.25000000000006 33.850000000000001 3.5000000000000004 4.5000000000000009 3.5000000000000004 5.5000000000000009 10.500000000000002 -2.2335630004908036 33.550000000000004 9.8750000000000018 155.50000000000003 43.500000000000007 245.00000000000003 2150.0000000000005 5.5000000000000009 13.500000000000002 27.500000000000004 0.1046438459602315 505.00000000000006 3.5000000000000004 1.0000000180025095e-35 67.350000000000009 5.7500000000000009
decision_type=8 10 8 8 10 8 10 2 10 8 2 2 10 10 10 10 8 10 10 10 10 10 10 10 10 2 8 2 2 10 10
left_child=-1 2 6 4 27 9 8 -8 11 -5 -11 12 -2 14 -14 -13 -7 20 23 24 -16 -3 -17 -12 -9 28 -27 -4 -18 -26 -19
right_child=1 21 3 5 -6 16 7 19 -10 10 18 15 13 -15 17 22 25 30 -20 -21 -22 -23 -24 -25 29 26 -28 -29 -30 -31 -32
leaf_value=0.022747093871385456 -0.0069060050595565366 -0.019068937150542909 0.03399130614037698 0.030186530602722569 0.0032846081441836924 0.036618745286688154 0.031804282606226773 -0.018079920775255897 -0.062746349438010982 0.0059214188976066465 -0.012064051001436251 -0.079796736504763432 0.037418823192209079 0.080661827824836121 0.0097164416037155629 -0.011121230029445886 -0.040817310334833878 0.030275640978741355 -0.07784926873996191 -0.010963478242018578 -0.021479331344738822 0.053280356314678902 0.0047233917216178301 -0.056166181339445648 0.017873393618726731 0.0016474133772774241 0.013364732476058667 -0.00039438503121083825 0.010611446585398046 0.076217711024883006 -0.01454955565149575
leaf_weight=431.61332528106868 4531.9229419976473 847.95905611664057 880.34213250502944 160.20297176577151 1245.946256512776 201.30120422691107 455.7414319999516 127.81294728536159 81.014927137643099 833.06932289991528 2106.1816438538954 47.823157254606485 222.80034911260009 50.83187910169363 2944.0132464561611 4427.8535073362291 189.20460758870468 98.02809502184391 54.374557318165898 629.56626612879336 227.58003086969256 41.055340229999274 976.13315266184509 106.29607437271625 337.78592732921243 7643.2232476524077 1802.5552682043053 195.20794232748449 113.68459718627855 61.286569098010659 838.90879857353866
leaf_count=1907 20785 8118 5780 856 5735 961 1764 680 1071 6629 16575 303 1067 184 13127 20864 2470 366 457 3083 1251 257 4773 2450 1485 47734 11183 853 1381 330 4495
internal_value=0 -0.00031627 0.000117436 0.00293809 0.0146196 0.000885212 -0.00261056 0.00991813 -0.00400869 -0.00792713 -0.00989683 -0.00367745 -0.00049149 0.00614224 0.00526769 -0.00888671 0.00377259 0.00352417 -0.01571 0.00129311 0.00747797 -0.0157278 -0.00825918 -0.0141829 0.0159383 0.00309435 0.00388345 0.0277504 -0.0215144 0.0268335 -0.00985967
internal_weight=0 32479.7 31590.7 15531.6 2321.5 13210.1 16059.1 1612.19 14446.9 3260.12 3099.92 14365.9 8914.09 4382.16 4331.33 5451.81 9949.97 4108.53 2266.85 1156.45 3171.59 889.014 5403.99 2212.48 526.885 9748.67 9445.78 1075.55 302.889 399.072 936.937
internal_count=188974 187067 178692 103064 12368 90696 75628 7342 68286 26967 26111 67215 41275 20490 20306 25940 63729 19239 19482 5578 14378 8375 25637 19025 2495 62768 58917 6633 3851 1815 4861
is_linear=0
shrinkage=0.1


Tree=53
num_leaves=32
num_cat=0
split_feature=94 0 16 17 6 6 0 81 32 82 35 13 58 84 28 2 94 45 88 88 21 90 81 73 54 21 19 69 0 4 44
split_gain=21.5619 21.289 21.577 30.2351 22.3285 35.452 35.3878 33.0473 27.698 25.6448 23.5423 21.1951 21.0817 20.7111 19.9037 20.9655 19.3553 21.2234 19.0816 19.8013 18.8287 18.8265 18.5831 19.2228 18.4669 18.2917 22.1044 25.1572 24.317 20.814 26.1913
threshold=0.039257993106733509 16.500000000000004 38.250000000000007 4.7083333333333348 1650.0000000000002 1350.0000000000002 8.5000000000000018 -194.99999999999997 7.5000000000000009 314.50000000000006 1.2154447872137384 49.350000000000001 36.050000000000004 16.500000000000004 455.00000000000006 5.5000000000000009 0.13123346478310782 12.125000000000002 21.500000000000004 148.50000000000003 -0.46512270169962128 61.500000000000007 -54.999999999999993 1.8750000000000002 49.500000000000007 0.2708120810271441 2550.0000000000005 6.4500000000000011 12.500000000000002 3.5000000000000004 36.350000000000001
decision_type=2 2 10 10 2 2 2 8 10 8 10 10 8 8 10 2 2 8 8 10 8 10 10 8 10 10 10 8 2 2 10
left_child=-1 2 4 20 5 7 16 11 14 10 18 -2 -13 -9 -7 -16 -6 -18 -10 -20 -4 -19 23 -22 -15 26 29 -28 -29 -8 -31
right_child=1 -3 3 -5 6 8 25 13 9 -11 -12 12 -14 24 15 -17 17 21 19 -21 22 -23 -24 -25 -26 -27 27 28 -30 30 -32
leaf_value=-0.071553972441687569 0.0092680274655642571 -0.026209266364254986 -0.0068840255869502837 -0.010078310658479262 -0.0081535477190190966 -0.012012493700429861 0.012629175879007868 -0.013421229405592426 -0.035241581729055386 -0.1126295240717053 -0.10065540045956962 0.0085406222144001256 0.052359530956849969 -0.033093679529335021 0.0048610936591132765 -0.022287655703608248 0.0085651091789108024 0.031905828701077672 -0.0066550209677882447 -0.069927277384340542 0.055376923967533048 -0.011313683763680743 0.0019845032775903638 0.013476468438819743 0.0044366585168912074 -0.024561970936009495 0.023474987706455189 -0.022442020193998075 -0.093610250495205383 -0.014665148096325815 0.0068671322529835549
leaf_weight=42.074688548222184 1053.9473101887852 305.20214718859643 1334.8663427927531 4161.3646117462777 596.60803173156455 1413.9287197683007 1239.0705134002492 910.31231501046568 333.03314563445747 27.319291376974434 31.576779101975262 181.74309016019106 277.34433068800718 135.49390244297683 2916.2047293903306 315.19420770928264 5994.7270914218388 703.1453346349299 1459.9806238692254 51.195812836289406 136.59076519683003 117.65272359922528 1519.2723213299178 551.86717733182013 4050.5225034169853 340.16897060163319 94.06767651066184 267.05414315639064 58.53377837408334 1088.8711072499864 1173.9575575268827
leaf_count=696 4456 2020 7384 32279 4453 8637 7940 4352 2064 2754 245 1168 2136 2877 13661 1708 28150 4544 8959 328 521 575 8323 2742 21170 2165 367 1346 374 5255 5325
internal_value=0 7.86815e-05 0.000325277 -0.00429812 0.00175968 -0.00106483 0.00494322 0.00410193 -0.00627966 -0.0164406 -0.0150397 0.0170795 0.0350125 0.000249058 -0.00211692 0.00221297 0.00911807 0.01063 -0.0135737 -0.00879857 0.00249166 0.0257108 0.00816051 0.0217896 0.00322187 -0.00231781 -0.000388278 -0.0220761 -0.0352366 0.00221072 -0.00349418
internal_weight=0 32840.8 32535.6 7703.96 24831.7 13157.8 11673.9 6609.36 6548.43 1903.11 1875.79 1513.03 459.087 5096.33 4645.33 3231.4 7412.13 6815.53 1844.21 1511.18 3542.6 820.798 2207.73 688.458 4186.02 4261.72 3921.55 419.656 325.588 3501.9 2262.83
internal_count=188974 188278 186258 51249 135009 74515 60494 36159 38356 14350 11596 7760 3304 28399 24006 15369 37722 33269 11351 9287 18970 5119 11586 3263 24047 22772 20607 2087 1720 18520 10580
is_linear=0
shrinkage=0.1


Tree=54
num_leaves=32
num_cat=0
split_feature=14 55 82 60 82 82 18 82 45 2 94 77 43 4 20 20 82 17 2 18 36 86 82 13 15 77 70 10 18 0 86
split_gain=19.851 19.4303 21.0698 39.974 116.881 25.7458 67.528 58.0821 30.219 28.4763 24.2133 23.7794 23.3742 21.8214 42.699 33.0218 26.3058 25.9722 25.5342 24.5239 21.5396 21.4694 19.377 26.9842 21.98 21.181 21.1792 20.8992 18.8621 19.707 18.8418
threshold=387.00000000000006 2.1500000000000008 97.500000000000014 3.5000000000000004 97.500000000000014 253.50000000000003 3.5000000000000004 818.50000000000011 6.8750000000000009 2.5000000000000004 0.32978578599016556 1.0360378003798505 2.5000000000000004 6.5000000000000009 6.5000000000000009 6.5000000000000009 77.500000000000014 6.291666666666667 2.5000000000000004 1.5000000000000002 1.0000000180025095e-35 46.500000000000007 18.500000000000004 254.15000000000001 14.500000000000002 -0.57496371404689961 443.00000000000006 8.5000000000000018 13.500000000000002 7.5000000000000009 20.500000000000004
decision_type=8 8 8 8 10 8 10 8 10 2 2 10 8 2 10 10 10 10 2 10 10 8 10 10 10 10 8 2 10 2 10
left_child=-1 -2 13 4 -4 8 9 30 12 -7 -11 -10 28 14 22 19 17 -17 -16 21 -14 -15 23 25 27 26 -3 -24 -5 -30 -8
right_child=1 2 3 5 -6 6 7 -9 11 10 -12 -13 20 15 18 16 -18 -19 -20 -21 -22 -23 24 -25 -26 -27 -28 -29 29 -31 -32
leaf_value=-0.075399860634646168 0.013234549474504155 0.022617853025631719 0.10143958045162732 -0.0066277162486769294 -0.0019210762948216086 0.069128617799720279 0.024790709017985892 -0.10169889689769061 0.0096149677981299357 -0.029255551496806295 0.067938374291157441 -0.03315936329749631 -0.017991028347385522 -0.046994702119365933 -0.024295253333830827 0.00729531921435762 0.032401160415273293 -0.018406846300761451 0.047061424409557198 -0.065911595050901065 -0.067700355441715293 -0.0026498816186398505 0.00092988308180386246 -0.054800210839164587 0.024598813705679359 0.00017886142872615467 -0.019214944104798942 0.012550138130996672 -0.11738558762228352 -0.013267618121626829 -0.049313716041894863
leaf_weight=34.892264346126467 1083.6721058506519 135.77407462522388 119.09748577978462 799.60605630185455 1344.1464813081548 56.483289213851094 63.793554447591305 176.14058399759233 887.9114540470764 147.32775593176484 31.030100308358669 152.25358314067125 182.82892445102334 165.95837774127722 59.956163245253265 765.47569773253053 202.31070767901838 808.33242223504931 306.54390079341829 135.71423871535808 166.60133967921138 319.10296034067869 17055.28157053981 103.52534062042832 439.86867906991392 4149.1637450158596 1114.1236574212089 1702.210670045577 32.709385942667723 40.922488211654127 74.241484733298421
leaf_count=507 4700 613 4189 3999 5779 685 517 18761 5196 1687 178 974 1571 745 286 3360 873 4218 1172 726 1239 1257 85652 1648 2170 19191 7445 8440 302 315 579
internal_value=0 6.71481e-05 -0.000382438 -0.00691286 0.00649173 -0.0138884 -0.0333147 -0.0636362 -0.00917512 0.00724997 -0.0123461 0.0033539 -0.019834 0.000634123 0.00150577 -0.0084815 -0.00154233 -0.00590571 0.0353881 -0.0283353 -0.0416914 -0.017822 0.00100302 -0.00422855 0.00250257 -0.00325886 -0.0146707 0.0019844 -0.0110876 -0.0595198 -0.015066
internal_weight=0 32822.1 31738.4 4275.09 1463.24 2811.85 549.017 314.176 2262.83 234.841 178.358 1040.17 1222.67 27463.3 25066.4 2396.89 1776.12 1573.81 366.5 620.776 349.43 485.061 24699.9 5502.59 19197.4 5399.06 1249.9 18757.5 873.238 73.6319 138.035
internal_count=188974 188467 183767 45971 9968 36003 22407 19857 13596 2550 1865 6170 7426 137796 126617 11179 8451 7578 1458 2728 2810 2002 125159 28897 96262 27249 8058 94092 4616 617 1096
is_linear=0
shrinkage=0.1


Tree=55
num_leaves=32
num_cat=0
split_feature=6 0 0 16 5 36 0 32 24 57 21 93 55 26 5 16 2 82 21 18 21 8 57 48 85 21 88 17 35 32 11
split_gain=18.7527 41.6819 27.7141 30.5162 42.1885 46.1988 35.156 24.5303 24.1161 24.0109 30.3932 23.0958 22.3567 24.2224 22.0497 21.9767 25.01 26.5801 23.5097 22.9132 22.6123 22.2924 22.6772 20.9203 20.7749 20.6248 20.9794 20.4715 20.7142 20.2323 20.1174
threshold=1175.0000000000002 14.500000000000002 14.500000000000002 35.45000000000001 1.0000000180025095e-35 1.0000000180025095e-35 1.5000000000000002 13.500000000000002 1.5000000000000002 1.5000000000000002 -0.71043429594187646 0.2153701917626967 3.0500000000000003 57.250000000000007 1.0000000180025095e-35 37.650000000000013 3.5000000000000004 78.500000000000014 1.1348947114924011 1.5000000000000002 -0.091663259718874582 2.5000000000000004 1.5000000000000002 6.5000000000000009 405.00000000000006 -0.4724454358561066 106.50000000000001 5.8750000000000009 0.72482159872922813 7.5000000000000009 4.5000000000000009
decision_type=2 2 2 10 2 8 2 8 10 10 10 2 10 10 2 10 2 10 10 10 10 2 8 8 8 10 8 10 10 10 10
left_child=1 -1 3 12 5 9 -6 15 11 10 23 -9 -2 -14 -4 16 -8 21 19 20 25 29 -23 -5 -12 -17 -27 -21 -29 -18 -30
right_child=2 -3 14 4 6 -7 7 8 -10 -11 24 -13 13 -15 -16 18 17 -19 -20 27 -22 22 -24 -25 -26 26 -28 28 30 -31 -32
leaf_value=0.0065797466677966227 0.017389721205123505 0.073664334986762198 -0.021080534019711952 -0.0016115993623147852 -0.016717325274179295 -0.029067705535187002 0.016591284059109136 -0.013993104914067182 -0.054341750479703424 0.005096862962793657 -0.014415958759641656 0.043130626211422024 0.0052159776035664886 -0.011659935673472052 -0.0012988709300568889 -0.044449202464578029 0.016884571965749079 -0.017363424579092044 -0.076267585123977674 0.0074848833518900027 -0.066836694492283258 -0.077740101949938079 0.005328592377021526 0.038533571365412633 -0.070703537282129206 -0.015175509272014191 0.045645705049414495 -0.00059329384601498035 0.011459223365796755 -0.0049758730709608999 -0.038925584393862372
leaf_weight=1192.7798519162461 1278.0403951609042 100.4168158005923 1126.1505024617072 1191.5003410177305 1007.0357900839299 937.62539960676804 2282.5852242279798 556.23771935258992 127.6643709349446 1636.193929460831 2407.3299584533088 81.097298324573785 6868.0679575600661 970.72848780173808 1127.7669834895059 118.94502024631947 1358.8480909094214 545.36831387877464 39.960033975541592 3435.9854285465553 87.180011321790516 60.047837502323091 72.593085091561079 145.67876445269212 67.407336361007765 161.59111914783716 87.380996038205922 2725.6963843980338 109.38416440435685 614.99131986871362 287.60461331321858
leaf_count=6474 8653 449 7390 6907 5959 7633 11043 6423 1515 8307 16529 476 34164 4535 6673 615 5845 2780 253 17319 487 337 360 1042 1600 659 372 17237 880 3544 2514
internal_value=0 0.0117889 -0.000497741 0.000325244 -0.00184714 -0.00856468 0.00127029 0.00269066 -0.0146709 -0.00503609 -0.00938546 -0.00672443 0.00512566 0.00312612 -0.0111826 0.00379855 0.00891768 0.00231261 0.000217465 0.000653229 -0.0210449 0.00740674 -0.0322774 0.00276201 -0.0159491 -0.0101943 0.00617073 0.00215884 -0.00370158 0.0100735 -0.0250428
internal_weight=0 1293.2 31516.7 29262.8 20145.9 6385.74 13760.2 12753.2 764.999 5448.11 3811.92 637.335 9116.84 7838.8 2253.92 11988.2 4934.43 2651.85 7053.73 7013.77 455.097 2106.48 132.641 1337.18 2474.74 367.917 248.972 6558.67 3122.69 1973.84 396.989
internal_count=188974 6923 182051 167988 120636 42018 78618 72659 8414 34385 26078 6899 47352 38699 14063 64245 23909 12866 40336 40083 2133 10086 697 7949 18129 1646 1031 37950 20631 9389 3394
is_linear=0
shrinkage=0.1


Tree=56
num_leaves=32
num_cat=0
split_feature=94 8 42 16 5 22 0 55 7 64 46 10 10 0 48 6 69 94 2 82 0 27 78 59 58 86 55 62 12 74 6
split_gain=18.3415 18.105 26.3762 24.4971 23.2778 44.2724 30.4913 37.8731 37.7901 24.793 23.6529 23.1446 32.9403 31.2715 24.3207 20.9813 20.0801 19.9876 18.8108 24.2701 22.1108 23.4508 22.5509 19.7433 26.3694 18.2097 18.0315 17.021 18.1656 16.932 16.8159
threshold=0.053963118731801957 1.0000000180025095e-35 393.00000000000006 38.250000000000007 1.0000000180025095e-35 1.0000000180025095e-35 9.5000000000000018 28.650000000000002 2.5000000000000004 1.0000000180025095e-35 3.5000000000000004 5.5000000000000009 8.5000000000000018 13.500000000000002 5.5000000000000009 1450.0000000000002 6.5500000000000007 0.43522372997423014 3.5000000000000004 83.500000000000014 2.5000000000000004 59.650000000000013 1.0000000180025095e-35 5.8750000000000009 36.250000000000007 1.0000000180025095e-35 231.55000000000004 2.0000000000000004 55.750000000000007 7.5000000000000009 2450.0000000000005
decision_type=2 2 8 8 2 10 2 10 2 8 10 2 2 2 10 2 8 2 2 10 2 8 8 8 10 10 8 8 10 10 2
left_child=-1 2 -2 4 5 6 7 17 11 -7 -9 15 13 -13 -15 -8 -16 -4 27 20 22 -22 -20 24 -24 -21 -23 28 -6 -11 -12
right_child=1 -3 3 -5 18 9 8 10 -10 29 30 12 -14 14 16 -17 -18 -19 19 25 21 26 23 -25 -26 -27 -28 -29 -30 -31 -32
leaf_value=-0.042051557067708883 -0.078665901166994096 0.0035243423257789244 0.0046480195584220054 -0.0076342804729436775 0.010722508717414467 -0.0076591245482589875 0.010639293597206735 0.011822987526810408 0.060203265161609003 -0.087471157518713483 -0.019486072314673752 -0.01818113800768861 0.006587716006984122 -0.07535028612492084 0.037197591099072058 -0.011490068926504917 -0.055897827826659224 0.025934694001026777 0.030656210433678839 0.03331123730036685 0.011760635288993002 -0.0083398329016514099 0.0080270457475714128 -0.0094809187714346484 -0.090154771185459517 -0.020710236385060074 -0.089916080756427263 0.016532967205266532 -0.014321852032957855 -0.021073332070649931 0.035792634695174137
leaf_weight=103.45548184029758 44.215525962878019 10571.960589561146 4567.6570134279318 4844.6201577733736 786.72831950802356 132.73471823520958 639.6815681210719 363.89385958760977 76.238738983403891 114.35927359573543 1238.5100700827315 633.72667053807527 311.44420614698902 216.53118964564055 41.815023146569729 1297.4494777293876 51.958424083422869 488.26001052744687 78.667437389492989 68.587154859676957 2175.1359535865486 395.83576006675139 39.662376363761723 202.24330238159746 88.156849129125476 691.47188149485737 29.087040401063859 1908.2001611385494 458.35790683282539 57.826571497134864 57.589412752073258
leaf_count=1491 454 61119 23931 32807 3460 735 3583 1668 337 794 8961 3767 1785 1573 159 7794 326 2420 343 368 9456 2589 170 1072 507 3570 452 10461 2144 368 310
internal_value=0 0.000120788 -0.00150732 -0.00135264 0.000415453 -0.00260086 -0.00145458 0.00240077 -0.00937548 -0.0401363 -0.0107049 -0.011037 -0.0216132 -0.0309169 -0.0569267 -0.00418249 -0.0143851 0.00670372 0.00489917 0.000130906 0.0041642 0.00756305 -0.017457 -0.0289243 -0.0596889 -0.0158354 -0.0139239 0.0105983 0.00150284 -0.0651722 -0.0170299
internal_weight=0 32672.6 22100.6 22056.4 17211.8 10289.7 9984.76 6715.91 3268.85 304.921 1659.99 3192.61 1255.48 944.031 310.305 1937.13 93.7734 5055.92 6922.13 3768.85 3008.79 2600.06 408.73 330.063 127.819 760.059 424.923 3153.29 1245.09 172.186 1296.1
internal_count=188974 187483 126364 125910 93103 58511 56614 37290 19324 1897 10939 18987 7610 5825 2058 11377 485 26351 34592 18527 14589 12497 2092 1749 677 3938 3041 16065 5604 1162 9271
is_linear=0
shrinkage=0.1


Tree=57
num_leaves=32
num_cat=0
split_feature=90 62 86 16 14 10 44 48 13 4 56 88 27 82 4 48 5 15 54 63 83 16 76 17 15 23 77 15 33 58 59
split_gain=17.5446 32.4301 29.972 29.6824 31.7128 31.5557 25.4822 24.078 25.7219 25.2903 23.7118 21.5994 25.9573 21.2264 19.8713 29.2096 23.4618 22.2278 23.0777 21.0859 19.8206 19.51 21.1009 19.0251 18.6898 18.2198 17.9985 17.1149 19.7923 17.3673 20.935
threshold=95.500000000000014 2.0000000000000004 13.500000000000002 34.550000000000004 471.00000000000006 3.5000000000000004 33.550000000000004 6.5000000000000009 317.25000000000006 6.5000000000000009 467.00000000000006 21.500000000000004 52.250000000000007 286.50000000000006 4.5000000000000009 3.5000000000000004 1.0000000180025095e-35 -1.0000000180025095e-35 54.500000000000007 -2.2335630004908036 -329.99999999999994 36.650000000000013 6.5000000000000009 12.125000000000002 -12.499999999999998 2.5000000000000004 1.0726514711622765 9.5000000000000018 1175.0000000000002 35.750000000000007 2.291666666666667
decision_type=8 8 10 8 8 2 8 10 10 2 8 10 10 10 2 10 2 10 10 10 10 10 10 10 10 10 8 10 10 10 10
left_child=7 2 -2 6 5 10 -3 8 13 -9 -5 -7 -13 14 15 24 17 18 -17 -16 -18 27 23 -23 -1 -11 -14 28 -21 30 -30
right_child=1 3 -4 4 -6 11 -8 9 -10 25 -12 12 26 -15 19 16 20 -19 -20 21 -22 22 -24 -25 -26 -27 -28 -29 29 -31 -32
leaf_value=-0.058732652705690815 0.024900053264798851 0.046136394999988353 0.0027254170839493626 0.012110969109892442 0.0035371615741181662 -0.014097721167844232 0.0082559091537530004 0.028803138317920897 -0.060237251148329556 0.0039324550014166511 -0.021369062193967964 0.015550072277422555 -0.014764002382133479 -0.051314584724852542 -0.074845183064365259 0.0037052941614296106 -0.027463400461294665 0.0053379515507026472 -0.03460382559407834 -0.052326767706029842 0.013376933759827523 -0.012975150589132232 0.046145646083650495 -0.046295717118499224 -0.0048749302270937557 -0.058186660853426678 -0.10269293345076161 0.02140108545123055 0.017504941935184089 0.0064441627417542993 -0.014174787266264824
leaf_weight=65.344848550856113 1126.7607508883812 200.3857948789373 1327.8842372512445 1181.5505036464892 6363.9669999261387 3615.134066416882 1560.7150238561444 469.33469088375568 79.732499463483691 1110.6096664397046 257.67223467305303 541.11181273683906 132.19834970869124 91.443794161081314 46.42178662493825 275.43268827348948 124.55930504947901 1078.1820458061993 366.47611801326275 83.687438931316137 2584.9669121131301 2021.0733737032861 56.393360175192356 187.23166601918638 4618.5340517107397 49.312903754413128 28.255067644640803 282.04934529960155 244.54266181960702 1154.6707662101835 1419.1522591914982
leaf_count=374 7085 1032 6173 7264 41984 31490 8799 1839 1133 5337 3728 2321 870 584 300 1309 709 5077 1931 434 11825 9944 209 1235 21237 280 379 1200 1001 5241 6650
internal_value=0 0.00230878 0.0129043 0.00043512 -0.0013276 -0.00670626 0.0125661 -0.0023207 -0.00359252 0.0092167 0.00611685 -0.0109816 0.00507573 -0.00328529 -0.00298465 -0.000120747 0.00570083 -0.00343333 -0.018166 -0.00773425 0.0114995 -0.00716249 -0.0142577 -0.0158002 -0.0056263 0.00129153 -0.0302479 -0.00211599 -0.0044016 -0.00297853 -0.00951826
internal_weight=0 16335.6 2454.64 13881 12119.9 5755.92 1761.1 16409.2 14779.9 1629.26 1439.22 4316.7 701.565 14700.2 14608.7 9113.5 4429.62 1720.09 641.909 5495.22 2709.53 5448.8 2264.7 2208.31 4683.88 1159.92 160.453 3184.1 2902.05 2818.37 1663.69
internal_count=188974 111125 13258 97867 88036 46052 9831 77849 70393 7456 10992 35060 3570 69260 68676 42462 20851 8317 3240 26214 12534 25914 11388 11179 21611 5617 1249 14526 13326 12892 7651
is_linear=0
shrinkage=0.1


Tree=58
num_leaves=32
num_cat=0
split_feature=13 2 74 81 45 94 60 14 56 31 13 27 39 67 18 10 49 57 16 3 35 2 53 21 81 11 9 18 30 86 27
split_gain=16.5091 16.5718 16.366 16.3325 31.1753 29.6421 26.7524 23.2936 25.0679 23.1129 24.5504 29.7582 20.331 22.5192 19.9175 18.4875 18.2184 27.544 18.1848 17.6816 22.8118 21.5519 17.2872 21.6655 17.0536 18.733 16.5405 19.9096 17.7792 16.4535 15.5354
threshold=1.7500000000000002 8.5000000000000018 6.5000000000000009 135.00000000000003 3.1250000000000004 0.15769549287779563 12.500000000000002 453.00000000000006 391.00000000000006 2.416666666666667 58.150000000000013 5.2500000000000009 13.500000000000002 14.500000000000002 10.500000000000002 8.5000000000000018 0.25250524563593096 -2.4999999999999996 13.550000000000002 56.250000000000007 -0.45779996754313595 3.5000000000000004 8.5000000000000018 -0.54567277742095888 565.00000000000011 2.5000000000000004 2.5000000000000004 13.500000000000002 37.95000000000001 13.500000000000002 2.9500000000000006
decision_type=8 2 8 10 10 2 8 8 10 10 10 10 10 10 10 2 10 10 10 2 10 2 10 10 10 10 2 10 10 10 10
left_child=-1 3 -3 7 12 6 26 8 14 10 -9 -12 13 16 29 18 -5 -18 -11 20 -7 -21 23 -8 25 -23 27 28 -6 -2 -20
right_child=1 2 -4 4 5 19 22 9 -10 15 11 -13 -14 -15 -16 -17 17 -19 30 21 -22 24 -24 -25 -26 -27 -28 -29 -30 -31 -32
leaf_value=0.019632434052878782 -0.0046114386653458034 -0.0016914975850946736 -0.093099103748688489 -0.0093835816902628107 0.00031784566829833608 0.021784475704730875 0.083634482455070144 0.0072319595143097064 -0.0031551031257786469 0.027299588872933184 -0.052872280706728517 0.047421653757024375 0.016243368967375549 -0.084335538395499163 -0.088117008225768581 0.012307914393945924 -0.084335682555833694 -0.02244929284878127 0.01196901515988809 -0.072106336564169343 0.0020933885166435681 -0.052936144259864384 -0.08762885500965388 -0.042230449173278263 0.022654557049614263 -0.0050803227252359173 0.036867427665604663 -0.064607143302008743 -0.029692708226306319 -0.087872975738935544 -0.0014755484182564975
leaf_weight=422.3524716347456 131.93285485496745 40.240226237103343 38.16470369277522 942.54011456109583 755.20806952845305 830.95653615426272 15.900275416672228 3655.3987132725306 5835.6792039545253 237.99354112241417 33.151852860115469 274.89545295853168 172.51301857922226 52.500824604183435 57.600114626111463 1311.2600059523247 86.171633781865239 434.78376817330718 920.83372910832986 49.573847470805049 2014.9263419341296 94.215384867042303 70.595284845679998 97.764748002402484 185.30053241737187 620.57701288349926 77.536015125922859 64.990697528235614 267.27151443995535 28.940082706511021 12896.809984321008
leaf_count=1907 2904 218 402 6340 4540 3620 192 18917 33719 986 1422 1922 801 302 3803 7026 561 2160 4088 276 9644 491 765 1507 921 2890 454 748 1981 359 73108
internal_value=0 -0.000267209 -0.0461854 -0.000155462 -0.00449503 -0.000625513 -0.0133564 0.00101272 -0.00440015 0.002708 0.00951669 0.0366281 -0.0162853 -0.0199869 -0.0376568 0.000951891 -0.0176785 -0.032686 -0.00010752 0.00390014 0.0078429 -0.00791522 -0.0487627 -0.0246236 -0.0043798 -0.0113881 -0.00775643 -0.0109381 -0.00752678 -0.0195897 -0.000579577
internal_weight=0 32296.2 78.4049 32217.8 6833.33 5144.82 1349.27 25384.5 6054.15 19330.3 3963.45 308.047 1688.51 1516 218.473 15366.9 1463.5 520.955 14055.6 3795.55 2845.88 949.667 184.26 113.665 900.093 714.792 1165.01 1087.47 1022.48 160.873 13817.6
internal_count=188974 187067 620 186447 38193 28029 10187 148254 40785 107469 22261 3344 10164 9363 7066 85208 9061 2721 78182 17842 13264 4578 2464 1699 4302 3381 7723 7269 6521 3263 77196
is_linear=0
shrinkage=0.1


Tree=59
num_leaves=32
num_cat=0
split_feature=4 20 48 88 0 18 82 72 18 82 7 62 82 84 18 82 82 84 79 13 69 12 11 35 5 30 88 82 18 58 43
split_gain=16.4526 62.423 32.6202 32.1704 26.2377 23.1877 77.6138 32.7752 37.7731 29.4071 25.1108 24.0605 29.6721 28.4395 52.8798 36.2488 23.908 19.3509 18.7914 18.417 20.5336 18.4148 18.2226 29.4627 24.7686 22.7995 22.0289 24.2572 22.2669 19.9171 19.1458
threshold=5.5000000000000009 5.5000000000000009 5.5000000000000009 14.500000000000002 14.500000000000002 2.5000000000000004 1.0000000180025095e-35 36.350000000000001 1.5000000000000002 18.500000000000004 1.0000000180025095e-35 2.0000000000000004 10.500000000000002 160.50000000000003 3.5000000000000004 10.500000000000002 10.500000000000002 71.500000000000014 1.0000000180025095e-35 238.55000000000004 206.55000000000004 55.750000000000007 13.500000000000002 0.59667375099073661 1.0000000180025095e-35 33.550000000000004 90.500000000000014 76.500000000000014 9.5000000000000018 40.150000000000013 -1.4999999999999998
decision_type=2 10 8 10 2 8 10 8 10 10 2 10 8 8 10 10 10 10 8 10 10 10 10 10 2 10 8 10 10 8 10
left_child=1 5 4 21 -2 6 -1 17 10 11 -9 19 -13 -14 16 -16 -15 -8 -17 20 -7 -3 24 -24 25 -11 27 28 -26 30 -30
right_child=2 3 -4 -5 -6 9 7 8 -10 22 -12 12 13 14 15 18 -18 -19 -20 -21 -22 -23 23 -25 26 -27 -28 -29 29 -31 -32
leaf_value=0.10180628788394253 -0.012489958975200641 -0.015451034093451936 0.00049669345079124568 0.055705676488526368 -0.058664770021251339 -0.018297228440128821 0.0094748406596074849 -0.0046599095166927826 0.0075220904791209802 0.027868256360583051 -0.035762885119476652 0.020055734331991065 -0.0011601801664534318 0.10150209485008277 -0.10144712016803059 -0.049056178597484013 0.0027801389530294606 0.033838613093633695 -0.006360753636950431 -0.08337514008315669 0.036206561009064303 0.045458090692241118 0.01925999492164988 -0.0058156177611674749 0.0066298901097420135 -0.0062892084414345965 0.0087707892059342152 -0.013843182946428903 0.010273542593148242 -0.06475709641635706 -0.02108980630054753
leaf_weight=84.084227865561843 1724.83046483621 143.19146746676415 3647.0055990666151 310.40142915770411 132.51416962966323 1585.756081972504 1780.1235645823181 659.17970154434443 1514.3936320692301 201.99950560135767 428.17927420884371 481.72721360158175 1957.5924345441163 37.804755629971623 80.167015003273264 208.6103685721755 69.866736769676208 399.0787490233779 203.78748580534011 41.48974440083839 72.271380553487688 75.971931766718626 1247.237197034061 750.52329604746774 2987.1295933425426 5993.3337708641775 3837.7866285555065 1178.527012327686 347.68926835618913 65.2801449354738 442.1646148590371
leaf_count=3267 7330 677 18964 1129 651 17655 7053 2604 6127 1314 1852 2701 9907 1244 9492 1136 274 1457 1165 1723 445 300 6882 4245 12897 31853 22775 6354 2150 515 2836
internal_value=0 0.000998125 -0.00499705 0.0349952 -0.0157843 0.000322713 0.00656474 0.0048897 -0.0026879 -0.00107089 -0.0169076 -0.00803919 -0.0027112 -0.006999 -0.0260415 -0.0399188 0.0374426 0.0139366 -0.0279581 -0.0175682 -0.0159215 0.00566282 0.000865766 0.00983953 -0.000325117 -0.0051755 0.00306705 -0.00129277 0.00255678 -0.0116713 -0.00728384
internal_weight=0 27185.3 5504.35 529.565 1857.34 26655.8 4865.04 4780.95 2601.75 21790.7 1087.36 4739.07 3039.56 2557.83 600.236 492.565 107.671 2179.2 412.398 1699.52 1658.03 219.163 17051.7 1997.76 15053.9 6195.33 8858.58 5020.79 3842.26 855.134 789.854
internal_count=188974 162029 26945 2106 7981 159923 22360 19093 10583 137563 4456 45742 25919 23218 13311 11793 1518 8510 2301 19823 18100 977 91821 11127 80694 33167 47527 24752 18398 5501 4986
is_linear=0
shrinkage=0.1


Tree=60
num_leaves=32
num_cat=0
split_feature=10 1 10 0 41 2 3 31 39 18 92 12 35 72 45 59 27 69 34 13 90 16 46 54 53 94 88 69 74 10 82
split_gain=16.1074 24.1892 27.1404 31.2911 37.7869 26.3311 22.8151 21.8591 20.5017 24.1502 20.6108 19.6652 18.903 18.8738 18.1118 18.1083 18.0903 19.6984 29.0012 18.0543 17.6468 17.7586 17.5656 17.5541 17.5477 17.5501 17.229 19.1725 20.29 20.9244 23.5391
threshold=3.5000000000000004 1.0000000180025095e-35 4.5000000000000009 12.500000000000002 119.35000000000001 2.5000000000000004 54.250000000000007 6.5833333333333348 15.500000000000002 13.500000000000002 0.030160516875320256 57.750000000000007 1.1385560785706434 40.150000000000013 9.1250000000000018 1.1250000000000002 175.35000000000005 36.650000000000013 6.5000000000000009 203.05000000000004 8.5000000000000018 40.750000000000007 9.5000000000000018 57.250000000000007 15.500000000000002 0.12297387444596246 12.500000000000002 157.35000000000005 13.500000000000002 1.0000000180025095e-35 42.500000000000007
decision_type=2 2 2 2 10 2 2 8 10 10 2 8 10 10 10 10 10 8 10 10 8 10 10 10 8 2 10 10 8 2 10
left_child=6 2 12 4 13 -5 24 -7 9 20 -11 -9 23 -4 -6 -12 17 -8 22 -18 -3 -22 -19 -2 25 -1 -27 28 29 30 -28
right_child=1 8 3 5 14 7 16 11 -10 10 15 -13 -14 -15 -16 -17 19 18 -20 -21 21 -23 -24 -25 -26 26 27 -29 -30 -31 -32
leaf_value=-0.007592725756749962 -0.0042417800370269957 -0.046790716099778057 0.0085248649732865434 -0.047402274712488632 -0.0015260056064949074 0.006009473439163397 -0.0041441088447022635 -0.013214193543558007 0.016045346858531796 -0.081348039291386717 -0.064388540336340894 -0.076857291452887902 -0.05321787363778209 -0.013597639405564986 -0.037708159463815706 -0.011662474945735676 -0.017803035059851785 -0.00022199338269716592 0.073304777705447938 -0.10439961334791199 -0.0036336155246447909 -0.033448134462824436 0.026666334857082797 -0.046107179255583636 -0.013576072372142879 0.023975363900823412 -0.025857559815397637 0.046523631604698003 -0.036499578179077161 0.01433454316868037 0.024046174739291434
leaf_weight=436.9605780034326 2782.0124287044164 98.901381162926555 8361.6906156290788 160.83811559807509 279.47342692455277 834.34023144375533 3202.5166638935916 630.52430356713012 439.09824233781546 60.007278634468094 76.407324619591236 52.601092064753175 86.402008211240172 404.29504363657907 273.97305045532994 441.58597806887701 119.56618394097313 919.53415794018656 69.383007235825062 30.145762583706528 8721.7249719386455 204.46421221992932 330.20959810586646 103.89448192203417 309.80096550215967 1091.9241653271019 306.85396903753281 124.94605164788663 105.67010050453246 1451.1524662468582 136.59553227573633
leaf_count=3025 16168 582 44100 1314 2209 4067 14314 4083 2540 1384 2073 365 490 2273 2773 3432 947 5620 330 540 51177 2024 2093 562 4358 6609 1396 667 727 6172 560
internal_value=0 -0.00134141 0.00134956 0.00364098 0.00590458 -0.00892854 0.00369456 -0.00485065 -0.00508492 -0.0060511 -0.0258671 -0.0181148 -0.00712883 0.00750456 -0.0194373 -0.0194399 -0.00104038 9.19749e-05 0.0103761 -0.03524 -0.004782 -0.00431655 0.00688249 -0.00574896 0.00927455 0.0112119 0.013766 0.00852042 0.00614656 0.00852512 -0.0104857
internal_weight=0 24012.2 13970 10997.7 9319.43 1678.3 8635.26 1517.47 10042.2 9603.09 578.001 683.125 2972.31 8765.99 553.446 517.993 4671.36 4521.64 1319.13 149.712 9025.09 8926.19 1249.74 2885.91 3963.9 3654.1 3217.14 2125.22 2000.27 1894.6 443.45
internal_count=188974 141616 78404 61184 51355 9829 47358 8515 63212 60672 6889 4448 17220 46373 4982 5505 23844 22357 8043 1487 53783 53201 7713 16730 23514 19156 16131 9522 8855 8128 1956
is_linear=0
shrinkage=0.1


Tree=61
num_leaves=32
num_cat=0
split_feature=94 2 49 63 65 76 4 20 86 88 90 62 86 28 48 69 10 46 81 74 72 34 13 26 32 13 17 57 44 62 30
split_gain=15.6639 15.3517 17.3503 22.2535 20.5191 15.8559 29.4329 31.3861 22.39 22.1093 21.8249 25.0658 27.5794 25.8664 24.4411 22.7558 25.4702 21.3986 21.9107 22.1283 20.839 21.3484 21.7929 20.771 18.2599 17.5205 21.1751 17.7485 17.497 17.1504 17.0952
threshold=0.039257993106733509 6.5000000000000009 0.17927790407107866 0.23785977732296051 1.0000000180025095e-35 5.5000000000000009 6.5000000000000009 6.5000000000000009 39.500000000000007 14.500000000000002 97.500000000000014 2.0000000000000004 13.500000000000002 479.00000000000006 6.5000000000000009 82.15000000000002 3.5000000000000004 6.5000000000000009 -214.99999999999997 14.500000000000002 34.750000000000007 3.5000000000000004 79.65000000000002 54.500000000000007 1.5000000000000002 139.05000000000004 9.8750000000000018 -8.4999999999999982 36.650000000000013 3.5000000000000004 33.45000000000001
decision_type=2 2 10 8 8 10 2 10 8 10 8 8 10 10 10 8 2 10 10 10 8 8 10 10 10 10 10 10 10 10 10
left_child=-1 5 4 -4 -3 6 7 10 -8 23 14 12 -12 15 17 16 -13 24 29 -20 -17 -22 -23 -9 -2 27 28 -26 -27 -19 -18
right_child=1 2 3 -5 -6 -7 8 9 -10 -11 11 13 -14 -15 -16 20 30 18 19 -21 21 22 -24 -25 25 26 -28 -29 -30 -31 -32
leaf_value=-0.063520707994018308 -0.014342154520527629 -0.017801241602222302 -0.09129504690041762 -0.019150320175393171 0.016344952882585941 0.0073619046492621855 -0.036632849289651201 -0.029673810193730079 -0.0067922448706741485 0.045341182788673141 0.024005474953439177 0.012752146066866088 0.00194911846140289 0.0069769624732519981 0.026719154859704372 0.028808418713587899 0.052996079499181462 -0.05741623511443953 -0.0055235288152641858 -0.045539370472514606 -0.022488216235681369 0.013075022043575468 -0.038532943759469279 0.038784605188805221 0.022773561584277166 0.12956076368937447 -0.015779983120287614 -0.00043270252868260473 0.029067067194653008 -0.014403944811094081 -0.0041579244315797948
leaf_weight=38.787088711978868 824.85251676663756 374.7264809878543 48.215574476867914 377.52801846945658 331.81733389431611 3023.9626953648403 354.00869514420629 102.62895469274372 867.85523428488523 262.62733478844166 1073.4166901879944 1281.5254351682961 1201.442699264735 4321.0496738401707 271.91172036342323 114.32285892311484 53.024257118813694 154.05842912942171 4478.1475986456499 142.59265372343361 1202.1331376906019 389.21827399823815 103.60472957952879 78.008507965132594 347.34059613756835 31.496187329292297 41.632713165134192 6442.7786552878097 38.507974287495017 232.76412899419665 4017.2944248740096
leaf_count=696 3571 2228 375 2585 2101 14243 1624 504 3873 960 6822 6881 5636 27300 1066 753 244 1063 23700 997 19614 4961 3639 304 1395 192 395 27414 279 1438 22121
internal_value=0 6.58138e-05 -0.011374 -0.0273207 -0.00176501 0.000477651 -0.000254639 0.000427256 -0.0154379 0.0268191 -9.85952e-06 0.00276677 0.0123566 0.000866817 -0.00294681 -0.00282007 0.000457538 -0.00358026 -0.00867227 -0.00675839 -0.0125152 -0.0153025 0.00222563 -0.00010996 -0.00028017 0.00140043 0.0406946 0.000754387 0.0742811 -0.0315343 -0.00341338
internal_weight=0 32584.5 1132.29 425.744 706.544 31452.2 28428.2 27206.4 1221.86 443.265 26763.1 13757 2274.86 11482.2 13006.1 7161.12 5351.84 12734.2 5007.56 4620.74 1809.28 1694.96 492.823 180.637 7726.61 6901.76 111.637 6790.12 70.0042 386.823 4070.32
internal_count=188974 188278 7289 2960 4329 180989 166746 161249 5497 1768 159481 97971 12458 85513 61510 58213 29246 60444 27198 24697 28967 28214 8600 808 33246 29675 866 28809 471 2501 22365
is_linear=0
shrinkage=0.1


Tree=62
num_leaves=32
num_cat=0
split_feature=3 60 4 34 18 4 77 82 20 58 81 16 5 88 89 17 58 46 81 10 72 28 69 86 35 17 84 53 72 63 25
split_gain=14.546 37.8735 18.5999 52.1678 28.693 39.974 33.5282 21.7715 29.763 21.152 20.822 23.2948 23.7946 24.4641 20.7258 20.1524 20.417 20.0546 20.0374 19.7682 18.8632 17.9961 17.4151 20.0368 18.5565 16.979 22.6024 19.0546 16.4166 17.8336 16.0282
threshold=52.250000000000007 16.500000000000004 3.5000000000000004 2.0000000000000004 2.5000000000000004 2.0000000000000004 0.96281045881499805 27.500000000000004 2.0000000000000004 33.850000000000001 -174.99999999999997 38.850000000000001 1.0000000180025095e-35 103.50000000000001 -14.999999999999998 11.125000000000002 39.95000000000001 8.5000000000000018 205.00000000000003 2.5000000000000004 34.550000000000004 477.00000000000006 1.7500000000000002 20.500000000000004 -0.42118629676070979 2.8750000000000004 14.500000000000002 9.5000000000000018 34.95000000000001 1.1348947114924011 8.5000000000000018
decision_type=2 8 2 8 10 2 8 10 10 8 10 10 2 8 8 10 10 8 8 2 10 10 10 8 8 10 8 10 8 10 10
left_child=1 25 4 14 5 18 7 8 30 -8 -11 12 13 -12 -4 -9 -17 -13 -2 -10 -21 28 23 -5 -25 -1 27 -27 -16 -30 -6
right_child=2 -3 3 22 6 -7 9 15 19 10 11 17 -14 -15 21 16 -18 -19 -20 20 -22 -23 -24 24 -26 26 -28 -29 29 -31 -32
leaf_value=0.023202690984193988 0.014841199481436375 -0.052969344794194795 -0.04586736476185458 -0.054013336204449917 -0.0038861531383874758 0.076387147866304558 0.051712746610573845 0.006238057973883303 0.026655322893319056 0.007373167291511518 -0.06344977770194514 -0.016150208265869645 0.00023385562421004849 -0.014944532640974381 0.00025852751563223194 0.032395762244697278 -0.031954825987685752 -0.061235213706225068 -0.023219190953420812 0.017214525965034966 -0.035651182653412238 -0.0029527137279413453 -0.0014947171799663105 0.041740702770341837 0.0070250540610920266 -0.0045446067565520836 0.0090253111677444323 -0.063820598770092996 -0.027348589781422294 -0.093550398866377726 0.011498261911660168
leaf_weight=670.1323561957106 1343.7861995138228 100.68894576421008 239.18995754793286 40.917281013913453 1553.5622065537609 99.471283294260502 55.947437929920852 3041.1427491465583 75.230703320354223 522.56155204819515 128.57709441147745 216.30076980451122 974.60955472220667 543.55003899219446 212.48387122713029 534.11169151961803 54.318877462297678 181.40804111328907 154.19513820670545 78.88020652346313 467.58766445447691 750.30932208988816 16132.417261361144 224.59403543686494 489.67855679988861 171.48848256841302 1580.153771375306 79.310874868184328 632.43253909423947 43.489254051819444 1200.5244889948517
leaf_count=2973 5956 3205 1256 301 7666 2737 312 13391 788 5223 852 2015 8206 8790 888 2619 355 5330 1108 988 6542 3318 77997 1434 4615 966 9426 500 3175 245 5797
internal_value=0 0.00716273 -0.00063201 -0.00255814 0.0025878 0.0149998 0.000528506 0.00413936 -0.00164119 -0.00911533 -0.0104411 -0.0149944 -0.0097486 -0.0242235 -0.0183695 0.00951573 0.0264555 -0.036715 0.0109234 -0.0214041 -0.0280203 -0.0143558 -0.000799921 0.0140424 0.017941 0.00958353 0.0045989 -0.0232896 -0.0239864 -0.0316081 0.00282001
internal_weight=0 2601.77 29991.3 18765.5 11225.8 1597.45 9628.31 7005.36 3375.79 2622.95 2567.01 2044.45 1646.74 672.127 1877.9 3629.57 588.431 397.709 1497.98 621.699 546.468 1638.71 16887.6 755.19 714.273 2501.09 1830.95 250.799 888.406 675.922 2754.09
internal_count=188974 17070 171904 93229 78675 9801 68874 38146 21781 30728 30416 25193 17848 9642 8882 16365 2974 7345 7064 8318 7530 7626 84347 6350 6049 13865 10892 1466 4308 3420 13463
is_linear=0
shrinkage=0.1


Tree=63
num_leaves=32
num_cat=0
split_feature=85 3 58 58 44 69 27 90 14 81 63 90 6 0 35 81 16 4 62 21 81 6 27 6 56 69 45 63 6 13 17
split_gain=14.4249 15.0014 16.6274 19.2528 17.206 15.8651 14.9615 14.5486 13.948 13.9921 53.6882 25.7497 25.2738 31.4552 29.1354 27.5218 27.0706 24.6739 22.378 18.6419 29.3918 25.8844 23.6236 19.0698 18.7716 18.2404 18.1524 19.9845 20.8805 19.1114 18.8321
threshold=505.00000000000006 50.500000000000007 34.750000000000007 35.350000000000001 36.850000000000001 16.150000000000002 163.25000000000003 10.500000000000002 389.00000000000006 -94.999999999999986 -0.54567277742095888 27.500000000000004 1650.0000000000002 12.500000000000002 1.0396991674580931 245.00000000000003 40.45000000000001 5.5000000000000009 5.5000000000000009 0.21223020777526211 -364.99999999999994 1650.0000000000002 81.950000000000017 1350.0000000000002 439.00000000000006 71.750000000000014 8.7083333333333339 -2.9328841124351421 2250.0000000000005 254.15000000000001 9.1250000000000018
decision_type=10 2 10 10 10 8 10 8 8 8 8 8 2 2 10 10 10 2 10 10 10 2 8 2 8 8 8 8 2 10 10
left_child=1 2 5 -4 -5 -1 -2 -3 -9 10 11 -10 15 14 16 -11 17 18 26 21 25 22 23 -12 -25 -21 29 -28 -29 30 -14
right_child=6 7 3 4 -6 -7 -8 8 9 12 19 -13 13 -15 -16 -17 -18 -19 -20 20 -22 -23 -24 24 -26 -27 27 28 -30 -31 -32
leaf_value=0.025927179789122585 -0.011232440514420565 -0.017748139210763663 0.090571998617580182 -0.018755587329819065 0.037986762274625233 -0.10763472179546225 -0.073442589375593767 -0.061994747316529319 -0.030759431328933242 -0.0036090759457272957 0.02405015203666571 -0.0038152642537628229 0.0018537163757287656 -0.010757718892257698 -0.030612833578706908 -0.037408027262525866 -0.017434272340645811 -0.0056502152091851415 0.038761979555733954 0.037396194639611427 0.012615734743193135 0.014256052001625968 -0.032162906726877931 -0.036717021895946576 0.00024808572689296232 0.11189820619985935 -0.044257582181439582 0.011717607775991503 0.037486187287705419 -0.061505871542570659 0.016949325794598343
leaf_weight=17.350036782212555 526.93366467021406 452.49806758016348 44.239427258260548 80.864890296943486 157.57260239589959 18.246886983048171 41.720174042973667 35.887147592380643 450.60787211358547 10589.16076586768 297.65983056742698 1666.1735624037683 4610.4265628780704 1626.6146908579394 235.90884029679 246.52721028681844 515.74351538252085 1530.9283608500846 232.00053170695901 161.2344844378531 2015.3537865681574 1532.1053474051878 244.83814293099567 154.34258249122649 1249.8459793347865 41.274870853871107 57.724452239926904 2319.4159060078673 363.77559445565566 44.130903049372137 1006.9000420775265
leaf_count=72 2684 2452 190 439 755 374 468 555 2347 66548 1667 7919 23788 10042 1616 1855 4889 7347 876 666 10098 7720 2998 805 6063 310 355 15729 1945 571 4831
internal_value=0 0.000271268 0.0218733 0.0299843 0.0187429 -0.0425363 -0.0157966 5.42501e-05 0.000312204 0.000383888 0.0040475 -0.00955098 -0.000840504 0.00221538 0.00414836 -0.00437805 0.00491612 0.00605008 0.00812462 0.00910046 0.0162649 0.00453287 -0.00311959 0.00105875 -0.00381497 0.052581 0.00727868 0.0139588 0.0152112 0.00404461 0.00455959
internal_weight=0 31999.4 318.274 282.677 238.437 35.5969 568.654 31681.1 31228.6 31192.7 7813.44 2116.78 23379.3 12543.6 10917 10835.7 10681 10165.3 8634.37 5696.66 2217.86 3478.79 1946.69 1701.85 1404.19 202.509 8402.37 2740.92 2683.19 5661.46 5617.33
internal_count=188974 185822 1830 1384 1194 446 3152 183992 181540 180985 40593 10266 140392 71989 61947 68403 60331 55442 48095 30327 11074 19253 11533 8535 6868 976 47219 18029 17674 29190 28619
is_linear=0
shrinkage=0.1


Tree=64
num_leaves=32
num_cat=0
split_feature=8 94 77 42 16 5 30 0 22 41 17 4 54 19 10 10 0 77 88 56 91 69 6 58 57 43 35 71 94 0 37
split_gain=13.6916 20.1176 25.9983 17.8021 17.7797 16.23 35.319 27.8076 24.9865 19.6112 18.8361 17.6817 22.9049 17.5769 17.1761 20.7261 22.386 17.7062 22.7499 17.6097 16.8421 16.85 15.8854 19.1654 17.429 15.8061 20.0979 16.2145 23.9278 18.0002 16.9397
threshold=1.0000000180025095e-35 0.10839103697898611 -0.64086832145526651 393.00000000000006 38.250000000000007 1.0000000180025095e-35 35.95000000000001 8.5000000000000018 1.0000000180025095e-35 2.7500000000000004 14.875000000000002 5.5000000000000009 56.250000000000007 2550.0000000000005 5.5000000000000009 8.5000000000000018 12.500000000000002 0.27447344810538676 70.500000000000014 477.00000000000006 54.183333333333337 23.450000000000003 3050.0000000000005 36.150000000000013 2.5000000000000004 14.500000000000002 -0.16122923420548449 -1.4999999999999998 0.38151126566688404 3.5000000000000004 1.0000000180025095e-35
decision_type=2 2 10 8 8 2 8 2 10 10 10 2 10 10 2 2 2 10 10 8 2 8 2 10 10 10 10 10 2 2 10
left_child=1 2 -1 -3 5 6 7 9 10 -5 11 -8 -13 14 17 16 -16 -9 -19 -17 -18 -22 23 24 -7 27 -27 28 30 -29 -6
right_child=-2 3 -4 4 25 22 8 13 -10 -11 -12 12 -14 -15 15 19 20 18 -20 -21 21 -23 -24 -25 -26 26 -28 29 -30 -31 -32
leaf_value=-0.049824541465432776 0.0029534492431416491 -0.068635935435606671 -0.0075196432034342706 0.028041366355787262 -0.010535124471041643 0.019066974104546511 -0.0035824586555033219 -0.0066517478424210534 -0.04488939693985565 0.00512233101990274 -0.06434036325673527 -0.037238229469532702 0.016474004348713982 -0.069440042718077119 -0.0089516773803326784 -0.0058834369335850102 -0.07300387444109066 0.022776383876588854 -0.028840537542829944 0.054783510414071049 -0.0095995014996335584 -0.078367617286088778 -0.022129522347908766 0.002044674566742944 -0.0044980979800418822 -0.0052939907442005347 0.086235220065593671 -0.01788088312739932 0.039819640901829483 0.00078936049751474459 -0.034417569656471012
leaf_weight=181.96804631594568 10544.693467496196 38.619520982028916 720.22853162535466 414.5921707234811 794.44299719040282 1482.1849061627872 2340.9731989263091 960.4815840437077 199.27675409661606 3752.8174237147905 58.669931603595614 352.23685357486829 102.49509695358574 42.432854830287397 533.46567364293151 157.15884374221787 115.19075648346916 547.78156093973666 101.15601075068116 68.788643900537863 157.51354049588554 46.047150875907391 213.43921938445419 4472.4278538748622 398.17312238924205 56.661795695312321 41.60521197412163 653.5453199762851 71.944223499856889 2460.5903141852468 474.31138117681257
leaf_count=3935 61631 398 5318 2310 8223 8053 14596 5561 1243 19500 767 1914 501 228 2927 826 813 2601 498 343 746 385 983 21299 1885 334 201 3606 354 12987 4008
internal_value=0 -0.00142886 -0.0160523 -0.000803859 -0.000679531 0.000845612 -0.00170071 0.00226331 -0.0106544 0.00740242 -0.00826432 -0.00708752 -0.0251317 -0.00558162 -0.0045734 -0.0143407 -0.0214798 0.00196978 0.0147304 0.0125863 -0.042447 -0.0251554 0.00470455 0.00560611 0.014077 -0.0062123 0.0334585 -0.00708738 -0.0162821 -0.00312885 -0.0194633
internal_weight=0 22011.2 902.197 21109 21070.4 16517.3 9951.08 6897.43 3053.65 4167.41 2854.38 2795.71 454.732 2730.02 2687.58 1078.16 852.217 1609.42 648.938 225.947 318.751 203.561 6566.23 6352.79 1880.36 4553.1 98.267 4454.83 1340.7 3114.14 1268.75
internal_count=188974 127343 9253 118090 117692 87979 55759 36738 19021 21810 17778 17011 2415 14928 14700 6040 4871 8660 3099 1169 1944 1131 32220 31237 9938 29713 535 29178 12585 16593 12231
is_linear=0
shrinkage=0.1


Tree=65
num_leaves=32
num_cat=0
split_feature=3 74 1 72 29 71 16 86 77 41 41 81 33 91 5 16 31 35 27 0 77 67 16 15 31 59 42 16 18 6 94
split_gain=13.6794 27.8372 20.0535 19.3329 22.8534 18.2022 18.0198 17.6166 17.3477 21.0322 19.698 18.7292 18.433 18.6285 17.2456 24.5766 17.1158 23.9141 21.7256 20.518 30.6656 20.3116 21.6978 19.5134 18.1176 17.9733 17.2301 17.1008 19.5202 17.5923 17.2514
threshold=54.250000000000007 15.500000000000002 1.0000000180025095e-35 39.95000000000001 8.5000000000000018 -1.4999999999999998 33.95000000000001 91.500000000000014 0.26715071394890139 43.650000000000013 57.650000000000013 -1.0000000180025095e-35 1175.0000000000002 53.81666666666667 1.0000000180025095e-35 35.45000000000001 4.416666666666667 -0.24544067700506447 175.35000000000005 12.500000000000002 -1.2303484210523272 12.500000000000002 38.45000000000001 7.5000000000000009 14.708333333333334 7.1250000000000009 479.00000000000006 37.050000000000004 1.5000000000000002 1650.0000000000002 0.095580478872678773
decision_type=2 8 2 10 10 10 10 10 8 10 10 10 8 2 2 10 8 10 10 2 8 10 8 10 10 10 10 10 10 2 2
left_child=1 6 3 16 5 -5 -1 14 9 -4 11 -11 13 -10 15 -8 -2 19 23 24 -21 22 -22 -19 -18 26 -24 -16 29 -29 -30
right_child=2 -3 8 4 -6 -7 7 -9 12 10 -12 -13 -14 -15 27 -17 17 18 -20 20 21 -23 25 -25 -26 -27 -28 28 30 -31 -32
leaf_value=0.022396109971464458 0.0058256238180797353 -0.01288392404427228 -0.0078195637545518774 -0.045185182657371453 0.036966118384714114 -0.010464981718334774 0.0056874984264689912 0.016893090327719584 -0.096039392478834973 -0.12074894542798698 -0.01872512917037104 -0.039059874831877874 0.0015924104215360936 -0.01575386419405873 0.015694872989572464 -0.0088763202515585587 0.0054274373029158602 -0.0075674499745790897 -0.041066157491383502 -0.08998689383995577 -0.0011379986983039122 0.041631760880287902 -0.072823502200124374 0.011187314024792871 0.046631742663484479 -0.10193175057662569 0.02604887097406379 -0.056846486159443405 0.036975163106832534 -0.0049396501161854088 0.0030729988258238572
leaf_weight=517.82620651880279 5142.3173118568957 1046.7263738524634 2319.6166967146564 197.73327694367617 80.971426976379007 638.78480632556602 2115.1718330248259 870.60451220907271 35.533920641057193 38.969018090516329 436.66803544876166 100.32160489214584 2391.002662928775 154.80828976072371 1368.2222115555778 2562.391339721391 3652.7892659704667 3973.9884129443672 172.783142515691 48.632590597495437 299.73461516899988 73.760945739690214 33.522690537385643 644.7772389810998 109.92404857790098 44.560218404978514 37.166739210952073 97.633793890476227 158.08489952422678 197.1221485985443 2970.0974654485472
leaf_count=2471 24506 19886 10846 1124 423 3526 11134 4144 236 269 3056 610 14216 904 6299 15474 20680 21565 2234 302 1662 468 522 3265 699 336 218 518 1106 854 15421
internal_value=0 0.00269043 -0.00156667 0.000307904 -0.0137618 -0.018672 0.00419193 0.00328021 -0.00675254 -0.0120664 -0.0291699 -0.0619138 -0.000791846 -0.0307419 0.00202857 -0.00229063 0.00121481 -0.00139312 -0.00625167 0.00402072 -0.0142577 -0.00672229 -0.0153169 -0.00494929 0.00663118 -0.0521927 -0.0208389 0.00624536 0.00246819 -0.0221331 0.00478627
internal_weight=0 11903.9 20628.4 15151.4 917.49 836.518 10857.2 10339.3 5476.92 2895.58 575.959 139.291 2581.34 190.342 9468.72 4677.56 14234 9091.64 4791.55 4300.09 537.378 488.745 414.984 4618.77 3762.71 115.25 70.6894 4791.16 3422.94 294.756 3128.18
internal_count=188974 77307 111667 81530 5073 4650 57421 54950 30137 14781 3935 879 15356 1140 50806 26608 76457 51951 27064 24887 3508 3206 2738 24830 21379 1076 740 24198 17899 1372 16527
is_linear=0
shrinkage=0.1


Tree=66
num_leaves=32
num_cat=0
split_feature=13 85 41 16 85 27 3 69 90 18 71 39 16 16 16 86 69 14 21 94 81 14 49 31 94 11 63 84 46 63 16
split_gain=12.6868 12.8305 13.6087 20.0068 13.0409 14.5702 12.6002 15.5496 12.6031 12.8403 22.2224 19.7912 15.5496 16.1348 15.3603 20.6539 17.0297 27.7858 25.7067 23.6056 19.4855 15.0389 20.2771 14.851 14.4458 13.8418 14.9044 13.8107 20.5673 16.6872 18.4813
threshold=1.7500000000000002 505.00000000000006 49.050000000000004 13.450000000000001 670.00000000000011 36.150000000000013 50.500000000000007 7.2500000000000009 10.500000000000002 14.500000000000002 17.500000000000004 1.5000000000000002 41.550000000000004 35.550000000000004 40.95000000000001 20.500000000000004 19.450000000000003 495.00000000000006 -0.54567277742095888 0.11994411780284971 -154.99999999999997 503.00000000000006 0.13534149913216717 3.5833333333333335 0.13794747856362388 13.500000000000002 1.1568629139618565 10.500000000000002 6.5000000000000009 -0.90082538401049217 35.150000000000013
decision_type=8 10 10 10 10 10 2 8 8 10 10 10 10 10 10 8 10 10 10 2 10 10 10 8 2 10 8 8 8 10 10
left_child=-1 6 -3 -4 5 -5 7 -2 -8 14 11 -11 13 25 27 -16 19 18 -18 -17 21 22 23 -21 -22 26 -13 28 -10 -30 -31
right_child=1 2 3 4 -6 -7 8 -9 9 10 -12 12 -14 -15 15 16 17 -19 -20 20 24 -23 -24 -25 -26 -27 -28 -29 29 30 -32
leaf_value=0.017365907914630798 0.055430703697795673 -0.0040415593737147338 0.033063307878000339 0.043908828751599321 -0.082000183254091932 -0.050460333392932183 -0.016811411190822155 0.00599672826050336 0.005018698444452338 -0.056638400868862397 0.093867657485104949 0.01843432099464366 0.028568130080301908 -0.0199581605394538 -0.053861585997519529 -0.12044001627273182 -0.039957434042106124 0.066848330253531096 0.03989810063065944 0.015214772629784646 0.054641266902849345 0.071249572235666678 0.055230116036263405 -0.084507235499731478 -0.045083801839749582 0.064164535711997511 -0.068753673606910898 0.0011216146341671994 0.040008649585951371 -0.094491033733329122 -0.027343950311770268
leaf_weight=414.89718978386372 88.708724240306765 369.07204939983785 33.606001988053322 22.64303195104003 75.209954711142927 58.969418446067721 448.41748235933483 225.08606287254952 298.6566598508507 94.387501489138231 19.818347029387951 79.865033821435645 100.49608997418545 651.22915745573118 111.08250128524378 22.451918369159102 101.64932286785915 69.532818317878991 66.806231610476971 26.750886916182935 15.983722908189518 34.896344837732613 34.915564280003309 33.807100556790829 159.21842852374539 43.263951212633401 25.986095528118312 28456.553067008499 29.777553357183933 49.189914878457785 245.8909884383902
leaf_count=1907 331 1753 132 105 571 567 2443 1485 1307 3047 111 609 861 5860 815 633 831 421 423 153 255 206 201 387 1897 270 250 159037 252 325 1529
internal_value=0 -0.000233391 -0.0152442 -0.0369561 -0.0519608 -0.024278 3.29386e-05 0.0199715 -0.000167462 7.50763e-05 -0.0109851 -0.0130731 -0.00850841 -0.013164 0.00045235 -0.014437 -0.00669978 0.0136643 -0.00828827 -0.0214744 -0.0142029 0.015071 -0.00546272 -0.040456 -0.0359859 0.0165083 -0.00297004 0.000799031 -0.0139233 -0.0313376 -0.0385374
internal_weight=0 32093.9 559.5 190.428 156.822 81.6125 31534.4 313.795 31220.6 30772.2 1015.05 995.228 900.84 800.344 29757.2 677.095 566.012 237.988 168.456 328.024 305.572 130.37 95.4736 60.558 175.202 149.115 105.851 29080.1 623.515 324.858 295.081
internal_count=188974 187067 3128 1375 1243 672 183939 1816 182123 179680 11008 10897 7850 6989 168672 6222 5407 1675 1254 3732 3099 947 741 540 2152 1129 859 162450 3413 2106 1854
is_linear=0
shrinkage=0.1


Tree=67
num_leaves=32
num_cat=0
split_feature=94 2 74 30 15 81 56 53 72 84 32 91 75 72 31 9 69 74 46 10 44 13 60 62 73 77 86 58 40 2 73
split_gain=12.5828 12.1122 14.8744 12.0732 11.862 17.0366 22.0757 16.1912 17.1251 15.9884 17.9199 17.5566 17.3506 15.8914 15.8556 16.0626 15.7814 15.6471 15.5826 17.2418 18.287 19.2552 18.7287 16.9988 22.8067 22.285 16.4178 24.1788 16.0719 15.4844 33.6198
threshold=0.039257993106733509 8.5000000000000018 6.5000000000000009 35.95000000000001 1.0000000180025095e-35 135.00000000000003 479.00000000000006 8.5000000000000018 39.650000000000013 103.50000000000001 13.500000000000002 56.875000000000007 2150.0000000000005 38.550000000000004 13.29166666666667 1.0000000180025095e-35 73.250000000000014 9.5000000000000018 8.5000000000000018 3.5000000000000004 38.850000000000001 72.950000000000017 8.5000000000000018 4.5000000000000009 2.8750000000000004 -0.35528168935234283 56.500000000000007 34.45000000000001 58.750000000000007 4.5000000000000009 15.583333333333334
decision_type=2 2 8 8 8 10 10 10 8 10 8 2 10 10 10 2 8 10 10 2 10 10 10 10 10 10 8 8 10 2 8
left_child=-1 4 -3 -4 5 6 -2 8 -8 10 14 -12 13 17 18 -16 -17 -11 19 20 21 22 -7 26 -25 -26 -20 -28 -21 -6 -31
right_child=1 2 3 -5 29 9 7 -9 -10 12 11 -13 -14 -15 15 16 -18 -19 23 28 -22 -23 -24 24 25 -27 27 -29 -30 30 -32
leaf_value=-0.058349681470151626 -0.0029961622544558896 0.0016711557045159119 -0.14131802505097768 -0.025611601198394819 0.0044620943149290097 0.020092553825465279 0.011683395715139138 -0.0015642207781319921 -0.0085536458300923737 -0.044992960753259786 -0.042205688450143101 0.051295833794278101 0.02930400292685921 -0.11116151592655131 -0.0019256502108302169 0.023260641544546087 0.10512911838899799 0.02991879749598533 -0.049085242877631302 -0.0049732265664657119 -0.045209859272965308 0.081424424497996237 -0.036120981435577064 0.055544914167787743 0.030431387189355369 -0.046063813030534542 0.067787038925853263 -0.02206063730533199 -0.065967181038396314 -0.0059915536077055328 0.036515356779772995
leaf_weight=36.927717707119882 9058.0127041349187 41.085854731034487 18.956023215781897 17.201001396635547 9819.8889724309556 446.63782500103116 3162.703925490845 2404.3578141098842 481.86611933610402 156.96100819064304 202.27469532703981 22.295338546857238 40.180859707295895 28.978714741766453 137.51244303584099 73.115250200033188 34.729979655239731 33.905691331252456 210.18183721322566 1952.8675623945892 49.732184845022857 44.180149164516479 68.33691287599504 65.074002868495882 64.37543068267405 93.251199534162879 32.859210265800357 338.49763327231631 44.178421098738909 3110.1140809473582 197.91052731336094
leaf_count=696 63777 222 196 201 49861 1860 15575 12756 3128 1064 2532 152 173 225 951 341 316 209 1509 9541 286 301 345 315 337 604 143 2421 212 16686 2039
internal_value=0 5.66846e-05 -0.0394951 -0.0862729 0.00015105 -0.0014298 0.000127702 0.00480556 0.00900776 -0.00711296 -0.00550423 -0.0329228 -0.0311183 -0.0421616 -0.00381983 0.0207332 0.0496252 -0.0316856 -0.00558639 -0.0018311 0.0129 0.0180684 0.012633 -0.0177544 0.0057389 -0.0148228 -0.0267512 -0.0141105 -0.00632253 0.00246876 -0.00344848
internal_weight=0 32452.2 77.2429 36.157 32375 19247.1 15106.9 6048.93 3644.57 4140.13 3880.1 224.57 260.026 219.845 3655.53 245.358 107.845 190.867 3410.17 2605.93 608.887 559.155 514.975 804.239 222.701 157.627 581.539 371.357 1997.05 13127.9 3308.02
internal_count=188974 188278 619 397 187659 119073 95236 31459 18703 23837 22166 2684 1671 1498 19482 1608 657 1273 17874 12545 2792 2506 2205 5329 1256 941 4073 2564 9753 68586 18725
is_linear=0
shrinkage=0.1


Tree=68
num_leaves=32
num_cat=0
split_feature=94 11 19 17 16 84 18 13 66 73 90 59 55 36 91 27 0 5 16 32 90 86 44 82 88 0 10 1 55 10 46
split_gain=11.8261 13.2751 26.894 19.7985 21.4339 22.0406 23.0613 21.3739 21.2036 20.9893 19.8585 16.2016 16.7925 15.8674 15.7163 15.3234 15.8636 19.5087 36.8976 27.8479 22.8379 21.1239 20.424 18.5865 21.5051 18.1258 24.8738 24.11 24.1992 19.2185 17.953
threshold=0.54698785742264011 12.500000000000002 1175.0000000000002 14.875000000000002 36.650000000000013 104.50000000000001 1.5000000000000002 87.450000000000017 1.5000000000000002 11.875000000000002 62.500000000000007 6.416666666666667 45.150000000000013 1.0000000180025095e-35 54.958333333333336 2.1500000000000008 1.5000000000000002 1.0000000180025095e-35 35.650000000000013 1.5000000000000002 12.500000000000002 280.50000000000006 39.750000000000007 154.50000000000003 24.500000000000004 8.5000000000000018 3.5000000000000004 1.0000000180025095e-35 66.450000000000017 8.5000000000000018 4.5000000000000009
decision_type=2 10 10 10 10 10 10 10 8 10 10 8 10 10 2 8 2 2 8 8 8 10 8 8 10 2 2 2 10 2 10
left_child=1 15 13 4 7 6 -6 -4 -8 -9 -10 -7 -13 -3 -15 -1 -17 18 20 -19 -18 23 25 -21 -25 30 27 -27 -29 -28 -22
right_child=-2 2 3 -5 5 11 8 9 10 -11 -12 12 -14 14 -16 16 17 19 -20 21 22 -23 -24 24 -26 26 29 28 -30 -31 -32
leaf_value=0.012306147627499535 0.015720387041479329 -0.077160744248254406 0.01075014735530324 -0.023452460876554251 -0.031125209358607575 -0.0072714059801327726 0.011054696774062581 0.027084367351641589 -0.0065114827678214061 0.099682985853575934 -0.07751724563751225 -0.086720442040292944 0.009013227133856952 0.022234292587577944 -0.061486884625311711 -0.010468432678724809 -0.052013579856761472 -0.014729416501120449 -0.01085930805209212 0.0042366167479013167 0.012467779051827823 -0.051398931597090171 0.032198649236057614 -0.0012015683538877941 -0.041448109084099738 -0.012784080657187447 -0.016433358426230695 0.013818596030473028 0.077063358717248689 0.013050144524424321 -0.0018578252156283626
leaf_weight=821.12043899996206 470.98519910825416 59.763679591706023 1995.0860682884231 224.21577748539858 176.13999948743731 144.02317065466195 1818.376401237445 189.48644829145633 356.14737929799594 50.420397243229672 44.285297099500895 67.768563610967249 25.112048945389688 56.165277266642079 37.321741642896086 1859.4384321752004 80.480547389015555 955.04774922225624 4568.900071783457 11490.16816633055 1729.1009574164636 70.959780179895461 210.77587219118141 436.6545586923603 190.76853318605572 300.99873326020315 1550.9157989216037 393.64041968109086 71.486495620105416 257.84242286393419 1770.6013292903081
leaf_count=3618 2381 379 9655 2153 836 748 9936 1819 3878 374 261 516 202 304 228 11297 477 4643 31601 59242 8087 446 1915 9510 1134 1508 8320 1776 380 1246 10104
internal_value=0 -0.000241704 0.00435887 0.00560132 0.00693983 0.000824307 0.00370249 0.0141413 0.00646729 0.0423422 -0.0143643 -0.0282724 -0.060837 -0.0369161 -0.0111887 -0.00114334 -0.00156912 -0.000881871 -0.00400258 0.00171439 0.000918634 0.00300286 0.0015964 0.00332143 -0.0134386 0.000534565 -0.00583379 0.00926813 0.0235388 -0.0122304 0.00522004
internal_weight=0 32003.2 5244.31 5091.06 4866.85 2631.85 2394.95 2234.99 2218.81 239.907 400.433 236.904 92.8806 153.251 93.487 26758.9 25937.8 24078.3 10934.7 13143.6 6365.84 12188.6 6285.36 12117.6 627.423 6074.59 2574.88 766.126 465.127 1808.76 3499.7
internal_count=188974 186593 31289 30378 28225 16377 14911 11848 14075 2193 4139 1466 718 911 532 155304 151686 140389 65414 74975 33813 70332 33336 69886 10644 31421 13230 3664 2156 9566 18191
is_linear=0
shrinkage=0.1


Tree=69
num_leaves=32
num_cat=0
split_feature=88 70 48 56 84 72 46 84 33 84 16 35 59 82 13 9 48 56 82 58 46 77 17 44 82 13 13 84 82 63 19
split_gain=11.1628 32.3611 29.0616 29.7946 29.0784 22.4355 19.3975 22.2342 19.7407 24.6265 18.6938 18.0039 17.8931 24.4638 21.5216 22.4207 17.7205 22.2771 20.8524 18.1026 17.8606 18.5427 17.8137 17.0951 20.2885 19.4998 17.6002 39.1883 20.5468 20.7798 19.5663
threshold=110.50000000000001 579.00000000000011 2.0000000000000004 471.00000000000006 58.500000000000007 33.350000000000001 6.5000000000000009 8.5000000000000018 1175.0000000000002 20.500000000000004 42.150000000000013 -0.65551378976823726 10.875000000000002 41.500000000000007 21.650000000000002 1.0000000180025095e-35 3.5000000000000004 469.00000000000006 162.50000000000003 37.550000000000004 3.5000000000000004 1.0909583065534896 2.7083333333333335 38.95000000000001 294.50000000000006 87.450000000000017 25.250000000000004 148.50000000000003 42.500000000000007 1.1715083822748271 1350.0000000000002
decision_type=8 8 8 10 8 8 10 10 10 10 10 10 8 10 10 2 8 8 10 10 8 10 8 10 10 8 10 10 10 10 10
left_child=1 6 4 5 -2 -4 23 11 9 -9 16 -8 -6 -14 -15 -16 17 -7 -19 20 21 -18 -22 24 26 -25 -1 28 29 30 -28
right_child=2 -3 3 -5 12 10 7 8 -10 -11 -12 -13 13 14 15 -17 19 18 -20 -21 22 -23 -24 25 -26 -27 27 -29 -30 -31 -32
leaf_value=0.00078142901330478071 0.0019695790943313266 -0.052556276442476159 0.056905967731110431 0.0059556723055410685 0.016124987682500497 -0.0059243451684912974 0.024833589063066892 -0.080542467590508537 -0.0030768475201786473 -0.0125323889834476 -0.059512418826619562 -0.045536130173916611 0.02449017425883002 0.031711306296325806 0.062376121642322271 0.1782543957874248 0.035852105016951845 -0.035304524743342926 0.063897337645471577 -0.017307783089025371 0.028206905941058694 -0.026281535065055112 -0.0032064340265806155 -0.0077201666413369875 -0.050532132624917542 -0.069293946599776168 -0.030191366169153862 -0.038518932394689669 0.025242010085966101 0.045305921957371834 0.0069145048399210478
leaf_weight=8329.603333260864 1079.445686367806 123.45650364924222 58.83152680285275 4947.3404195064213 634.25123644713312 3305.4510777574033 43.654501053504646 72.174640769138932 7156.602560095489 202.96990858390927 62.595803102478385 217.50953872129321 208.45233966317028 49.428929943591356 34.327944745775312 32.510593990795314 316.66557533945888 406.92058241041377 22.353291812352836 370.24402228719555 214.22989093698561 56.618350598961115 1147.2128720635083 965.25145356543362 71.515935730189085 54.327289627864957 168.91393827646971 150.9730501063168 940.31351181492209 117.70137931779027 895.5446373578161
leaf_count=33324 5623 1654 272 28273 4148 22644 241 453 38251 1171 1526 1418 2602 222 300 246 1408 6427 202 2405 1887 298 16987 4199 403 448 992 943 4880 570 4557
internal_value=0 -0.00152029 0.00226699 0.000218933 0.013227 -0.00454218 -0.00119529 -0.00509522 -0.00408741 -0.0303725 -0.00515467 -0.0337736 0.0258988 0.0449892 0.0817413 0.11874 -0.00457201 -0.00870759 -0.0301389 0.00276551 0.00704976 0.0264279 0.00173661 0.00137025 0.00255189 -0.0110011 0.00290993 0.0107085 0.0142101 0.00543503 0.00102635
internal_weight=0 19510.5 12946.9 10908.5 2038.42 5961.12 19387.1 7692.91 7431.75 275.145 5902.29 261.164 958.971 324.72 116.267 66.8385 5839.7 3734.72 429.274 2104.97 1734.73 373.284 1361.44 11694.1 10674.6 1019.58 10603 2273.45 2122.47 1182.16 1064.46
internal_count=188974 93504 95470 82329 13141 54056 91850 41534 39875 1624 53784 1659 7518 3370 768 546 52258 29273 6629 22985 20580 1706 18874 50316 45669 4647 45266 11942 10999 6119 5549
is_linear=0
shrinkage=0.1


Tree=70
num_leaves=32
num_cat=0
split_feature=4 20 48 2 0 73 93 90 82 13 63 70 91 46 53 44 42 16 67 60 14 82 60 82 82 18 15 45 79 84 81
split_gain=12.198 38.9823 23.4754 23.3758 19.1699 17.2976 18.6274 16.9446 16.6825 17.9106 16.1902 16.0947 16.5476 15.5821 15.4331 16.7274 23.7667 20.661 19.2303 17.2519 18.2786 15.0515 23.9882 93.4921 21.6846 101.101 24.2984 22.551 26.5745 19.0992 23.5501
threshold=5.5000000000000009 5.5000000000000009 5.5000000000000009 2.5000000000000004 14.500000000000002 3.8750000000000004 0.062118366133567908 28.500000000000004 42.500000000000007 9.4500000000000011 0.9994241295974241 515.00000000000011 54.183333333333337 10.500000000000002 2.5000000000000004 34.45000000000001 513.00000000000011 37.95000000000001 15.500000000000002 9.5000000000000018 469.00000000000006 91.500000000000014 3.5000000000000004 91.500000000000014 532.50000000000011 3.5000000000000004 -1.0000000180025095e-35 10.583333333333334 1.0000000180025095e-35 280.50000000000006 235.00000000000003
decision_type=2 10 8 2 2 10 2 8 10 10 10 10 2 10 10 10 10 10 10 10 10 8 8 10 8 10 10 10 10 8 10
left_child=1 21 4 -3 7 8 -7 -2 -4 -10 -5 12 -11 -9 -8 -16 17 18 19 -17 -21 -1 23 -23 27 26 -26 28 -24 30 -30
right_child=2 3 5 10 -6 6 14 13 9 11 -12 -13 -14 -15 15 16 -18 -19 -20 20 -22 22 24 -25 25 -27 -28 -29 29 -31 -32
leaf_value=0.0012838142200834821 -0.027984298503005003 -0.027363908141935359 -0.00283509010442895 0.043177364424337471 -0.05011370680383255 -0.069577417417917092 -0.023899474278399266 -0.0028714315373857009 0.00035152402431453794 -0.0021120697132018165 -0.014195424334004262 -0.029859754752779639 0.049576631131992233 -0.062260405585699889 0.014565065384213949 -0.0030826872577254302 0.025433303855575462 -0.0484743353955642 0.046406384979908302 0.0067775351053695242 -0.053536273687142581 0.1011455020224663 -0.022664337978499441 -0.0022698524018671356 -0.00041767475144800911 -0.098341871628539024 0.10131804672294153 0.013042618602261254 0.0022427567656653192 0.047033209595409589 -0.069822962800602614
leaf_weight=22797.450773049146 424.51221359148622 66.587606725282967 576.94862684025429 397.77712004911155 132.5107247158885 43.450200513470918 319.41975822392851 1251.580673834309 276.28406977839768 77.565302194096148 56.125893731601536 37.034887963905931 307.37708817375824 45.795365137048066 552.90407466609031 809.6768657322973 207.44104243628681 132.38917162269354 64.292182370554656 74.118610545061529 156.00953937787563 95.220934654586017 1058.3079666048288 1066.8954396508634 135.2250920496881 140.77493826625869 28.408247957937419 421.86269506206736 553.31644465588033 84.763545908033848 49.393517028540373
leaf_count=116926 1936 327 3438 1511 651 423 1710 5129 1084 441 268 203 1512 265 2591 3945 1018 844 282 448 1025 4355 7446 4633 1642 18248 479 2781 2771 328 314
internal_value=0 0.000864727 -0.00430705 0.0279662 -0.0134628 0.000363867 -0.00470731 -0.0106422 0.00974778 0.0201446 0.0360831 0.0331038 0.0391614 -0.00496777 -0.00349042 -0.000225719 -0.00588936 -0.0111443 -0.00666811 -0.00994976 -0.0341107 0.000331046 -0.00564575 0.00620375 -0.0112162 -0.0362089 0.0172446 -0.00770643 -0.0127204 0.00258752 -0.0036632
internal_weight=0 26952.1 5489.31 520.491 1854.4 3634.91 2359.7 1721.89 1275.21 698.261 453.903 421.977 384.942 1297.38 2316.25 1996.83 1443.93 1236.49 1104.1 1039.81 230.128 26431.6 3634.17 1162.12 2472.05 304.408 163.633 2167.64 1745.78 687.474 602.71
internal_count=188974 162029 26945 2106 7981 18964 12286 7330 6678 3240 1779 2156 1953 5394 11863 10153 7562 6544 5700 5418 1473 159923 42997 8988 34009 20369 2121 13640 10859 3413 3085
is_linear=0
shrinkage=0.1


Tree=71
num_leaves=32
num_cat=0
split_feature=6 47 81 21 41 86 85 91 16 56 31 16 21 61 0 58 88 4 20 34 41 90 73 21 90 90 25 76 3 35 32
split_gain=11.2437 38.9072 36.5738 19.5953 18.241 22.0425 19.242 17.1109 16.7477 16.4853 15.8065 17.3323 17.336 19.3278 16.4274 15.381 15.2955 15.0303 36.3234 30.4296 18.443 18.147 17.8968 14.6554 14.5885 18.1674 17.7928 17.8645 15.4833 14.6023 14.564
threshold=1250.0000000000002 1350.0000000000002 -194.99999999999997 1.0287150662233651 12.450000000000001 119.50000000000001 -214.99999999999997 52.81666666666667 39.150000000000013 459.00000000000006 14.708333333333334 39.850000000000001 -0.42118629676070979 2050.0000000000005 8.5000000000000018 40.350000000000001 160.50000000000003 5.5000000000000009 5.5000000000000009 2.0000000000000004 3.8500000000000001 30.500000000000004 3.291666666666667 0.26348934687065867 19.500000000000004 69.500000000000014 5.5000000000000009 2.0000000000000004 54.250000000000007 0.72482159872922813 10.500000000000002
decision_type=2 8 8 8 10 10 10 2 10 10 10 10 10 10 2 8 10 2 10 8 8 10 10 10 8 10 10 10 2 10 10
left_child=2 30 4 15 5 -1 9 -8 -5 -6 17 12 13 -12 -14 -4 24 18 20 23 -3 -20 -21 -19 -9 26 27 -26 -27 -30 -2
right_child=1 10 3 8 6 -7 7 16 -10 -11 11 -13 14 -15 -16 -17 -18 19 21 22 -22 -23 -24 -25 25 28 -28 -29 29 -31 -32
leaf_value=0.0066609145668834573 -0.010182443899505985 0.0089045098758907346 -0.013897309939712124 0.00013012454907456366 -0.080721659305542981 -0.069968406523026341 0.063443899307650847 -0.017420622524097162 0.054365145568022459 0.0094484975916610797 0.051840634825496161 -0.052302840805515338 -0.012917755304625758 -0.02888331120420326 0.028995425788352753 -0.069049528680856245 0.085739689634482238 -0.074479234770069805 0.018353798549548304 0.0054570579894823151 -0.00095658622097397582 0.067616840256963323 -0.0091660413352432669 -0.0016625596113413266 0.088432878902409071 0.034334386430826737 0.017277461588638802 0.033135063362202628 -0.093232553730368747 -0.003906658897793765 -0.031863901630151618
leaf_weight=873.38997829752043 1708.6332049309276 2160.5088066288736 396.59731220686808 4975.6492923593614 31.92956597590819 39.223798034712672 106.17976440070197 98.45418244227767 57.596346941310912 55.549810791388154 207.09584133699536 35.687177780317143 207.36439575417899 34.618591839913279 170.31818397948518 57.955420231679454 35.76128457300365 93.603369785472751 288.4712375793606 1257.5077803954482 15528.115656957962 100.94184951111674 2502.5003679790534 39.221302881836891 78.849064987618476 42.697909101843834 545.05793555406854 225.50706693902612 31.320805178955197 44.023581890389323 378.43366364226677
leaf_count=4555 9054 10172 2992 27742 269 213 660 602 343 330 1264 523 1718 201 1446 1828 174 482 1178 6071 95513 342 12150 164 554 223 3171 1069 234 256 3481
internal_value=0 -0.00104946 0.00332775 -0.001045 0.0141961 0.00336742 0.0218254 0.0251054 0.000750746 -0.0234632 0.000155621 0.0154626 0.019367 0.0402793 0.00598324 -0.0209292 0.0214104 -0.000300773 0.000912942 -0.00593718 0.000247859 0.0311235 -0.00427545 -0.0529775 0.0192521 0.0229841 0.0280926 0.047461 -0.0137755 -0.0410396 -0.0141138
internal_weight=0 24713 7695.74 5487.8 2207.94 912.614 1295.33 1207.85 5033.25 87.4794 22626 655.084 619.397 241.714 377.683 454.553 1101.67 21970.9 18078 3892.83 17688.6 389.413 3760.01 132.825 1065.91 967.456 849.414 304.356 118.042 75.3444 2087.07
internal_count=188974 143759 45215 32905 12310 4768 7542 6943 28085 599 131224 5152 4629 1465 3164 4820 6283 126072 107205 18867 105685 1520 18221 646 6109 5507 4794 1623 713 490 12535
is_linear=0
shrinkage=0.1


Tree=72
num_leaves=32
num_cat=0
split_feature=2 49 63 65 31 57 37 30 76 4 27 48 82 79 84 77 90 73 15 13 17 9 39 33 28 16 84 88 45 82 93
split_gain=10.8003 13.8322 18.8 16.0094 14.8477 17.3617 13.9866 13.1511 13.1223 19.9415 19.6811 17.627 17.4778 17.8828 23.7397 19.2606 17.0314 18.6304 20.9442 17.8125 17.5837 24.1358 16.7414 16.6275 16.8824 16.4934 16.1669 15.666 15.4807 15.7714 15.4693
threshold=6.5000000000000009 0.17927790407107866 0.23785977732296051 1.0000000180025095e-35 7.1250000000000009 1.0000000180025095e-35 1.0000000180025095e-35 35.250000000000007 5.5000000000000009 6.5000000000000009 58.650000000000013 6.5000000000000009 29.500000000000004 1.0000000180025095e-35 35.500000000000007 -0.50905910663853271 97.500000000000014 8.5833333333333339 11.500000000000002 317.25000000000006 14.875000000000002 1.5000000000000002 12.500000000000002 2450.0000000000005 495.00000000000006 39.95000000000001 62.500000000000007 57.500000000000007 11.29166666666667 85.500000000000014 0.093439438484691259
decision_type=2 10 8 8 10 10 10 10 10 2 10 10 8 8 8 8 8 10 10 10 10 2 10 10 10 10 10 10 10 10 2
left_child=8 3 -3 -2 5 7 -7 -4 9 11 12 16 27 14 -14 -15 19 20 23 22 -18 -22 28 24 25 26 -19 -11 29 -1 -30
right_child=1 2 4 -5 -6 6 -8 -9 -10 10 -12 -13 13 15 -16 -17 17 18 -20 -21 21 -23 -24 -25 -26 -27 -28 -29 30 -31 -32
leaf_value=-0.0010311319765910641 -0.015301263954519731 -0.083970551239029675 0.025830248280938134 0.014916324972209927 -0.034301209334909641 0.00097376481389184304 0.083908313035271354 -0.056548241345753807 0.0066090610817928072 -0.02149982968642308 -0.07583276095131114 0.020621468338965897 -0.049996940832770391 -0.040341987896839133 -0.00047511866363969356 0.020824153572599771 0.00065723745769039814 0.0025761800265292813 0.041419734143314103 -0.055236857812961664 -0.048336806932083497 0.07661988485284775 0.0055888053213967318 -0.046429155374999087 0.022142952506615767 -0.023177877517967408 0.022918786652676389 -0.086450260098632659 -0.032607832002555105 -0.012877244264641059 -0.0076800287499091931
leaf_weight=8060.9454413037747 372.21680156607181 46.484519033692777 30.618314280640334 331.46255045942962 208.31354887364432 44.976983332075179 37.115433930419385 52.793649272993207 3013.452796658501 277.26857697218657 47.653812516946346 417.44196175131947 145.11337489634752 60.156430453062057 290.76224092394114 356.97480016131885 9984.9362225048244 2075.6072193267755 183.30837856652215 64.235395202413201 132.85291010141373 17.49291859799996 2155.8803391875699 57.84524235362187 649.55556097324006 203.46054257429205 481.25656672846526 42.878961265087128 343.41680557467043 1305.9602717403322 904.94358781259507
leaf_count=36975 2232 377 172 2111 1621 268 170 362 14257 1230 360 1686 674 271 1159 1622 74294 13035 937 1005 2903 358 9969 318 3449 1498 2245 217 2335 6523 4341
internal_value=0 -0.00964103 -0.023995 -0.00106751 -0.016537 0.00582209 0.0384699 -0.0263093 0.000336124 -0.000332781 -0.0128344 0.000231664 -0.0102754 -0.00279775 -0.0169621 0.0120031 -8.80591e-05 0.00235249 0.00847736 -0.00270942 0.000146132 -0.0337979 -0.00244523 0.00673598 0.00763788 0.00422457 0.00640509 -0.030199 -0.00407688 -0.00268275 -0.0145375
internal_weight=0 1123.98 420.302 703.679 373.818 165.504 82.0924 83.412 31273.4 28259.9 1220.81 27039.1 1173.15 853.007 435.876 417.131 26621.7 13786.3 3651.03 12835.4 10135.3 150.346 12771.1 3467.73 3409.88 2760.32 2556.86 320.148 10615.3 9366.91 1248.36
internal_count=188974 7313 2970 4343 2593 972 438 534 181661 167404 5533 161871 5173 3726 1833 1893 160185 99037 21482 61148 77555 3261 60143 20545 20227 16778 15280 1447 50174 43498 6676
is_linear=0
shrinkage=0.1


Tree=73
num_leaves=32
num_cat=0
split_feature=32 82 86 2 55 44 54 84 13 13 73 11 32 17 88 15 3 28 39 94 91 55 69 49 28 75 21 56 15 92 42
split_gain=10.8522 31.4915 21.9882 33.5831 25.621 20.881 19.4914 20.5346 24.1575 19.7975 18.8516 16.3597 18.5758 23.4498 20.0203 17.4014 15.8232 27.8139 20.8599 19.6819 16.9908 16.411 24.8858 19.2922 15.0731 14.7615 14.7445 15.0475 24.1255 18.3843 26.2252
threshold=10.500000000000002 504.50000000000006 7.5000000000000009 2.5000000000000004 240.15000000000001 35.350000000000001 52.250000000000007 168.50000000000003 28.650000000000002 117.55000000000001 2.8750000000000004 9.5000000000000018 15.500000000000002 14.875000000000002 33.500000000000007 7.5000000000000009 54.250000000000007 483.00000000000006 2.5000000000000004 0.13391678409849436 54.633333333333333 20.350000000000005 118.35000000000001 -0.48342953709083436 461.00000000000006 1550.0000000000002 1.5522905584120588 465.00000000000006 1.5000000000000002 0.036710557322964507 453.00000000000006
decision_type=10 8 10 2 8 10 10 8 10 10 8 10 10 10 10 10 2 10 10 2 2 10 10 10 10 10 10 10 10 2 10
left_child=-1 2 3 -2 10 24 7 -7 -9 -10 -4 15 13 16 -14 26 17 21 -18 -20 -21 -13 23 -23 25 -5 27 28 29 30 -12
right_child=1 -3 4 5 -6 6 -8 8 9 -11 11 12 14 -15 -16 -17 18 -19 19 20 -22 22 -24 -25 -26 -27 -28 -29 -30 -31 -32
leaf_value=0.00078455484512687129 -0.018589873416057064 -0.10319155710046075 0.0062436237013057533 -0.09348379532142409 -0.053942234234716294 0.025349566435340178 0.018875703879489121 0.016369743992835178 0.21678804446106109 0.046742210953544382 -0.050502016891682724 0.054905206850635928 -0.0072264995916855521 -0.075815063806060956 0.078815326368527588 -0.039185336125529033 0.034458044566083521 -0.047112338533118858 -0.075490850898479567 -0.05613099134268669 -0.0028388161868385642 0.061100543620232539 0.091096396497966345 -0.038679326087787562 0.0095613401263714252 0.0096218584240724825 0.054549970300102529 -0.0052260812750363622 0.00043927760443813677 -0.055910543153901565 0.059494880322311663
leaf_weight=27248.702803344582 337.33256856212392 31.954704308416694 960.71602888964117 36.579835077747703 114.1384311276488 59.173139029182494 603.061398322694 16.946838095784187 22.069815047085289 9.9259656942449492 50.219717022962868 132.80080227646977 50.23947689216584 44.024628208018839 58.569417634047568 269.91035173926502 84.761835535056889 56.831126371398568 55.269055587239563 72.260985320433974 347.6415452696383 25.162457486614585 27.227305782958865 84.282926539890468 98.672648099716753 22.381738157942891 32.942824464291334 918.58432607725263 212.75335725024343 256.80508404877037 38.133455419912934
leaf_count=146979 3030 5769 4958 1294 2088 873 3599 172 301 329 524 612 344 412 318 1746 468 394 563 462 1880 167 222 677 1563 132 191 5522 1359 1738 288
internal_value=0 -0.00422856 -0.00360843 0.00818914 -0.00726333 0.0185866 0.0258854 0.0649846 0.112905 0.164035 -0.00585352 -0.00997708 -7.1402e-06 -0.00457992 0.0390879 -0.0157991 -0.00104126 0.0164624 -0.0112416 -0.0193936 -0.0120099 0.0298701 0.00554421 -0.0157391 -0.0143422 -0.054345 -0.0116173 -0.0130936 -0.0260473 -0.0423735 -0.00302707
internal_weight=0 5131.37 5099.42 1206.14 3893.28 868.811 711.177 108.116 48.9426 31.9958 3779.14 2818.42 1039.07 930.263 108.809 1779.35 886.238 326.305 559.933 475.172 419.903 269.473 136.673 109.445 157.634 58.9616 1509.44 1476.5 557.912 345.158 88.3532
internal_count=188974 41995 36226 11293 24933 8263 5274 1675 802 630 22845 17887 6519 5857 662 11368 5445 2072 3373 2905 2342 1678 1066 844 2989 1426 9622 9431 3909 2550 812
is_linear=0
shrinkage=0.1


Tree=74
num_leaves=32
num_cat=0
split_feature=8 42 94 63 87 31 43 88 41 82 67 86 93 56 69 60 77 13 85 82 29 45 73 44 47 71 56 90 94 31 84
split_gain=10.4702 15.3633 14.8341 21.3911 22.6472 14.8465 13.1031 16.7165 15.4124 15.287 31.1549 13.5046 16.2302 15.8788 15.6515 14.636 13.9298 13.283 13.05 13.6788 13.0207 20.7748 13.0044 14.1141 12.7541 14.4999 15.7846 12.7474 14.8527 13.4987 12.4968
threshold=1.0000000180025095e-35 393.00000000000006 0.10839103697898611 -0.67748199223769279 -154.99999999999997 8.1250000000000018 -1.4999999999999998 16.500000000000004 213.45000000000002 153.50000000000003 7.5000000000000009 29.500000000000004 0.094477004294917663 445.00000000000006 98.65000000000002 12.500000000000002 -0.6189001189858111 39.650000000000013 -34.999999999999993 12.500000000000002 14.500000000000002 4.8750000000000009 8.8750000000000018 35.95000000000001 1350.0000000000002 1.0000000180025095e-35 431.00000000000006 31.500000000000004 0.15643947737022215 6.291666666666667 8.5000000000000018
decision_type=2 8 2 10 10 10 8 10 10 10 10 10 2 10 8 8 8 10 10 8 10 10 8 10 10 8 10 8 2 10 10
left_child=1 -1 3 -3 5 -5 9 -8 24 11 -11 13 16 14 -2 -14 -13 -10 -15 -20 -4 22 23 -22 25 26 -9 29 -29 -23 -26
right_child=6 2 20 4 -6 -7 7 8 17 10 -12 12 15 18 -16 -17 -18 -19 19 -21 21 27 -24 -25 30 -27 -28 28 -30 -31 -32
leaf_value=-0.062595462818539685 0.0236863444412936 -0.049023275580831575 -0.00098361180829112447 0.070234996747470871 -0.013461329723693825 -0.014745777840632524 0.0045820194724418822 -0.058596692817217168 0.0015443479220993762 0.016309674842349652 -0.085803698818215743 -0.034355966883863456 -0.00051877854092914134 0.03092153085211561 0.078296165339562671 -0.046003730734786349 0.029630523807912673 -0.082451363551179935 0.054459430307988881 0.0035858210135348068 0.014670856391643042 0.043446152135953431 0.040997890744720544 -0.050589964013662142 -0.05349088864142585 -0.033225568926739592 0.0016537628102310685 0.10155979541280612 0.032971071892294652 -0.036174199065874484 0.0004802769818924595
leaf_weight=40.759515458950773 216.84438293427229 144.49292812217027 20485.732102799811 57.984129515476525 650.03950079716742 31.850654741283506 4025.0124268668005 48.49188406765461 31.396626055240631 70.983968055807054 51.59674552641809 38.694953195750713 1006.3350212685764 264.4695479972288 69.240965589880943 76.092925677075982 281.7629165565595 47.026734095066786 55.68239713460207 1039.8482627836056 54.371810896787792 39.295983795076609 37.850368519779295 84.865538304671645 43.675741381943226 283.08088942989707 420.91063125897199 39.218401880469173 161.92781782895327 46.47922101803124 2420.9185613449663
leaf_count=461 1058 3208 115299 331 5352 299 29895 294 143 373 319 236 4479 1158 603 447 1645 538 250 5292 236 160 270 477 246 1511 2011 234 749 267 11133
internal_value=0 -0.00125845 -0.00114395 -0.0138303 -0.00695732 0.0401053 0.00258415 0.000258084 -0.00502302 0.00795314 -0.0266719 0.0093452 0.00213614 0.0154892 0.0369035 -0.0037163 0.0219042 -0.0488239 0.0109845 0.00617157 -0.00060841 0.0159565 -0.0109769 -0.0251058 -0.00395528 -0.0153504 -0.00457044 0.0325799 0.0463441 0.000302077 -0.000476161
internal_weight=0 21874.9 21834.1 884.367 739.874 89.8348 10492.1 7320.51 3295.5 3171.55 122.581 3048.97 1402.89 1646.09 286.085 1082.43 320.458 78.4234 1360 1095.53 20949.7 464.009 177.088 139.237 3217.08 752.483 469.403 286.921 201.146 85.7752 2464.59
internal_count=188974 127343 126882 9190 5982 630 61631 45771 15876 15860 692 15168 6807 8361 1661 4926 1881 681 6700 5542 117692 2393 983 713 15195 3816 2305 1410 983 427 11379
is_linear=0
shrinkage=0.1


Tree=75
num_leaves=32
num_cat=0
split_feature=30 31 25 68 41 3 21 11 84 0 44 94 28 15 71 86 56 88 23 27 88 56 49 35 63 31 52 82 35 70 25
split_gain=10.4333 14.2347 10.2364 16.312 16.663 14.4943 14.4359 15.3245 14.283 21.9793 15.0821 19.6408 17.489 14.8088 15.0787 17.615 19.3861 14.5657 16.1109 14.0215 15.7822 19.4786 13.9116 15.6285 14.6014 16.8845 21.0381 14.1068 13.8324 14.4318 15.4111
threshold=44.750000000000007 6.1250000000000009 9.5000000000000018 52.250000000000007 53.250000000000007 50.500000000000007 -0.28571571486573327 3.5000000000000004 13.500000000000002 1.5000000000000002 36.650000000000013 0.10839103697898611 521.00000000000011 -12.499999999999998 -3.4999999999999996 13.500000000000002 563.00000000000011 28.500000000000004 1.5000000000000002 17.650000000000002 19.500000000000004 497.00000000000006 0.61864195346019246 0.9994241295974241 -0.88251854861927914 11.125000000000002 1.0000000180025095e-35 55.500000000000007 1.1641856481183417 435.00000000000006 10.500000000000002
decision_type=10 10 8 8 10 2 10 10 10 2 10 2 10 10 10 10 8 10 10 10 10 10 10 10 10 10 10 10 10 10 10
left_child=2 -2 5 4 6 -1 -4 -8 10 17 11 -5 -13 -11 15 -15 19 18 -10 20 -17 -22 24 -24 25 26 27 -12 29 -21 -31
right_child=1 -3 3 8 -6 -7 7 -9 9 13 22 12 -14 14 -16 16 -18 -19 -20 28 21 -23 23 -25 -26 -27 -28 -29 -30 30 -32
leaf_value=0.024564419728228395 0.0049323215469615584 -0.11710241475105483 0.022993298177702716 -0.054910649313693986 -0.039420786308722054 -0.001527290261042888 -0.055948039510703998 -0.0043835869656570058 -0.035017960337208262 -0.026693230938313252 0.0015595762637854833 0.0036079949236092683 0.072201533243142643 0.019755202536064439 0.0094621363745914788 -0.042907291662313149 -0.081056257755063657 0.0051821746063751631 0.030939350642385389 -0.034082022644784882 0.0026174199851087356 -0.045278191444506906 -0.075550928215412538 -0.018161831054293 -0.012297054920817089 0.11503336763576306 -0.067756589414881538 0.12901454198873916 0.053714690710100765 0.046089524959998823 -1.3718314478473559e-05
leaf_weight=215.11481224023737 20.448977668536827 17.947171812877059 148.18545187124982 55.722296310937963 170.87337239366025 20759.885105781723 70.287474799901247 320.17289348621853 298.17080738767982 131.16847309609875 20.624145447043702 1137.4428217967506 38.426250243326649 321.40214584814385 6176.3409106140025 147.95021109096706 33.824958217330277 244.10927051492035 42.285496465396136 91.917266508098692 460.42169677652419 104.1119995675981 68.097456504590809 156.52169210882857 549.73229573247954 19.32314289920032 22.82060488476418 14.999593085609375 57.211405141279101 91.223568120971322 353.36415740475059
leaf_count=1189 162 256 667 1899 1366 117337 370 1575 1664 811 369 13698 313 2882 27984 738 671 1143 197 1035 1923 490 867 1390 4563 293 292 101 328 437 1964
internal_value=0 -0.0521093 4.92117e-05 0.0024688 -0.012212 -0.0012597 -0.00358061 -0.0136658 0.00344803 0.00525663 -0.00397616 0.00310052 0.00584956 0.00662957 0.00718724 -0.00126964 -0.00631241 -0.0134596 -0.0268259 -0.00437686 -0.0138347 -0.00621555 -0.0142043 -0.0355604 -0.00655968 0.0339974 0.00720488 0.0552253 0.00697298 0.00198857 0.00944606
internal_weight=0 38.3961 32321.7 11346.7 709.519 20975 538.646 390.46 10637.2 8553.5 2083.71 1231.59 1175.87 7968.94 7837.77 1661.43 1340.03 584.566 340.456 1306.2 712.484 564.534 852.119 224.619 627.5 77.7675 58.4443 35.6237 593.716 536.505 444.588
internal_count=188974 418 188556 70030 3978 118526 2612 1945 66052 42267 23785 15910 14011 39263 38452 10468 7586 3004 1861 6915 3151 2413 7875 2257 5618 1055 762 470 3764 3436 2401
is_linear=0
shrinkage=0.1


Tree=76
num_leaves=32
num_cat=0
split_feature=5 30 22 0 7 7 4 15 8 0 0 88 27 73 54 59 53 77 0 72 82 88 29 2 31 69 44 42 58 72 11
split_gain=10.1653 31.4293 22.6805 21.9183 42.4966 25.2223 21.3472 20.2501 20.9487 20.0738 19.898 18.2721 17.9177 19.3837 22.2116 17.8721 18.0398 17.1569 18.8011 16.9689 16.7827 24.236 16.5663 20.9427 16.8324 17.6271 20.4439 16.5175 16.4603 24.8224 17.3244
threshold=1.0000000180025095e-35 35.95000000000001 1.0000000180025095e-35 8.5000000000000018 2.5000000000000004 2.5000000000000004 4.5000000000000009 1.0000000180025095e-35 2.5000000000000004 3.5000000000000004 13.500000000000002 36.500000000000007 32.45000000000001 14.125000000000002 54.500000000000007 7.8750000000000009 1.5000000000000002 0.076759625880285315 7.5000000000000009 42.050000000000004 153.50000000000003 12.500000000000002 10.500000000000002 6.5000000000000009 14.708333333333334 54.95000000000001 34.550000000000004 447.00000000000006 38.250000000000007 39.650000000000013 7.5000000000000009
decision_type=2 10 10 2 2 2 2 10 2 2 2 10 10 8 10 8 8 10 2 8 10 10 10 2 10 8 8 10 10 10 8
left_child=1 3 7 4 28 22 17 8 12 15 -7 -8 13 -3 -15 19 -17 18 -4 -2 -11 27 23 24 25 -5 -27 -22 30 -30 -1
right_child=9 2 6 5 -6 10 11 -9 -10 20 -12 -13 -14 14 -16 16 -18 -19 -20 -21 21 -23 -24 -25 -26 26 -28 -29 29 -31 -32
leaf_value=0.0020497930016557336 -0.0088074610823396515 -0.010101154881354317 -0.0107632430304104 -0.0041745264756006374 -0.077518826433079488 0.00055364861073642422 -0.031606572993680047 0.0030913748015695785 0.044912807468964588 0.0041185809153820073 0.092842873090639211 -0.10396677688559386 -0.025350697517127676 -0.0002402457574012043 0.080829029952941112 0.043312261206569419 0.00062917357994921551 -0.00065528533752831912 -0.058649251706069341 -0.056157103828354829 -0.051961837953639393 -0.027441771241859311 0.022168143527115922 -0.052158955876994019 0.027690888327258203 0.0098446429812956513 -0.034775635907839213 0.02553203073775815 -0.03550553636273638 0.043551677630687839 0.013272512342954982
leaf_weight=2954.9969380828552 2192.2837979586329 1592.6068214303814 183.28574476763606 2766.6203883187845 61.346348522463813 46.544321889057755 99.258127430453897 1713.2210708863568 65.39585596951656 13223.355208493536 46.904329095501453 53.818525094538927 749.67520593933295 98.843213647138327 51.3555804239586 106.96865676296875 1332.430950432783 359.86572995409369 148.35629868740216 78.393175793346018 32.29104538122192 398.10369702894241 201.62954814592376 101.09964242205024 142.31893580313772 136.39180630049668 415.47869621764403 185.57055233977735 193.61056327493861 49.965015344321728 2573.3542417627759
leaf_count=17971 10636 8273 1571 13422 381 244 654 9304 504 75294 185 408 8085 1314 319 653 9369 2083 1569 752 391 2278 961 812 1007 948 4790 943 1022 205 12626
internal_value=0 -0.00194195 -0.00828305 0.00140565 0.00527291 -0.00444316 -0.0232565 -0.00532214 -0.0109574 0.00161587 0.046876 -0.0570469 -0.0124232 -0.00686244 0.0274787 -0.00491618 0.00380116 -0.0157765 -0.0321845 -0.0104422 0.00336699 -0.0127679 -0.00571741 -0.00729593 -0.00598536 -0.00742962 -0.023748 0.014046 0.00615285 -0.0192884 0.00727378
internal_weight=0 14805.9 5115.68 9690.26 5833.27 3856.99 844.584 4271.1 2557.88 17549.4 93.4487 153.077 2492.48 1742.81 150.199 3710.08 1439.4 691.508 331.642 2270.68 13839.3 615.965 3763.54 3561.91 3460.81 3318.49 551.871 217.862 5771.93 243.576 5528.35
internal_count=188974 88658 34084 54574 32205 22369 6285 27799 18495 100316 429 1062 17991 9906 1633 21410 10022 5223 3140 11388 78906 3612 21940 20979 20167 19160 5738 1334 31824 1227 30597
is_linear=0
shrinkage=0.1


Tree=77
num_leaves=32
num_cat=0
split_feature=10 10 88 83 69 82 45 27 0 14 60 25 82 18 4 43 71 11 67 93 30 93 72 27 53 24 92 46 66 68 39
split_gain=10.5158 16.131 20.393 20.0167 18.1783 17.5546 15.7815 15.7297 15.6554 17.1819 20.7446 21.0938 18.6116 17.4061 17.023 17.8517 19.7896 17.0166 20.3596 16.091 17.1168 16.3954 15.7859 15.0204 19.2489 16.6583 28.331 20.0635 20.354 19.5195 17.5917
threshold=2.5000000000000004 1.5000000000000002 253.50000000000003 -154.99999999999997 186.75000000000003 75.500000000000014 2.7083333333333335 15.550000000000002 1.5000000000000002 453.00000000000006 12.500000000000002 10.500000000000002 155.50000000000003 10.500000000000002 6.5000000000000009 -1.4999999999999998 11.500000000000002 16.500000000000004 11.500000000000002 0.061418436379225554 34.750000000000007 0.11841089237233791 38.550000000000004 21.250000000000004 15.500000000000002 1.5000000000000002 0.056594408301387254 12.500000000000002 1.0000000180025095e-35 55.250000000000007 8.5000000000000018
decision_type=2 2 8 10 10 10 10 10 2 10 8 10 10 10 2 10 10 10 10 2 10 2 10 10 10 10 2 8 10 8 10
left_child=1 2 4 -4 -1 -3 7 -7 23 10 12 22 14 -14 15 -10 17 18 -17 -20 21 -21 -12 -2 25 26 27 30 -29 -27 -25
right_child=8 5 3 -5 -6 6 -8 -9 9 -11 11 -13 13 -15 -16 16 -18 -19 19 20 -22 -23 -24 24 -26 29 -28 28 -30 -31 -32
leaf_value=-0.0069589335342582978 -0.0027786056837123367 0.015909737441960319 -0.023754338201993089 0.021870522146327037 0.038773587417169221 -0.0041831559792515271 -0.015594857601265262 0.063956097508501314 0.0093178029340124993 0.0012953522473999493 -0.017326252826689217 -0.051858841442337614 -0.058970418239760715 0.022783961399937366 -0.024248795384496265 -0.0089245575431818585 0.043756171332148229 -0.071938430641040746 0.066776094153822393 0.08466123197038733 -0.0019673331609914176 0.012451291249009819 0.039171528122311471 -0.048183213119753245 0.059101545096158309 0.043898966501313447 -0.010479938511512257 -0.04291962701079164 0.088899088324538994 -0.046570906586774846 -0.10891312936747025
leaf_weight=2205.6206592051312 1220.7212846786715 1619.2773472256958 115.12653452344239 583.64859550120309 90.482231929898262 83.148612280376256 384.91873492952436 57.173728979658335 1383.8409681655467 19432.069994018879 451.30979198194109 169.80427323968615 105.16426168568432 34.614012151025236 314.68092064280063 2486.8755592722446 83.877092939801514 38.031619932036847 47.019150804495439 48.14157030172646 527.89784021722153 90.651296241674572 55.540636970661581 139.32743638800457 28.695140763185918 67.950740491971374 305.53776211384684 36.433236093493178 17.264445032458752 36.744714699685574 72.528033658396453
leaf_count=10217 6192 9168 883 3915 537 455 2217 409 7054 108400 8413 2967 607 259 1571 15426 381 286 314 210 2866 458 394 1293 149 361 1812 631 127 364 638
internal_value=0 0.00413625 -0.000604533 0.0143536 -0.00515676 0.0107569 -0.00512901 0.0235799 -0.000796098 -0.000133837 -0.00489141 -0.0213547 -0.00273284 -0.0387252 -0.00173086 -0.000225238 -0.00419998 -0.005442 -0.00465184 0.0102362 0.00624862 0.037498 -0.0111352 -0.0094887 -0.0211159 -0.0245221 -0.0312445 -0.0551355 -0.000538338 0.012147 -0.0689739
internal_weight=0 5139.4 2994.88 698.775 2296.1 2144.52 525.241 140.322 27194.7 25269.5 5837.45 676.655 5160.79 139.778 5021.02 4706.34 3322.49 3238.62 3200.59 713.71 666.691 138.793 506.85 1925.2 704.482 675.786 571.091 265.553 53.6977 104.695 211.855
internal_count=188974 27801 15552 4798 10754 12249 3081 864 161173 149606 41206 11774 29432 866 28566 26995 19941 19560 19274 3848 3534 668 8807 11567 5375 5226 4501 2689 758 725 1931
is_linear=0
shrinkage=0.1


Tree=78
num_leaves=32
num_cat=0
split_feature=3 63 2 31 84 69 42 42 28 10 32 14 12 9 14 25 13 67 76 4 84 17 86 72 86 6 88 67 69 21 30
split_gain=10.3719 17.0497 17.4985 17.7797 20.3105 26.3935 18.8839 17.7924 17.2334 22.1347 17.1731 18.6431 16.0381 22.9851 21.263 16.729 16.0094 15.2521 15.178 23.4468 18.7802 16.5841 15.1388 14.5503 18.6289 15.9322 17.015 15.8086 14.8169 14.4584 14.9727
threshold=54.250000000000007 1.0433605345363357 2.5000000000000004 12.41666666666667 106.50000000000001 105.35000000000001 439.00000000000006 451.00000000000006 481.00000000000006 4.5000000000000009 10.500000000000002 455.00000000000006 52.250000000000007 1.0000000180025095e-35 477.00000000000006 5.5000000000000009 33.650000000000013 10.500000000000002 6.5000000000000009 6.5000000000000009 20.500000000000004 3.7083333333333335 28.500000000000004 38.050000000000004 27.500000000000004 1350.0000000000002 34.500000000000007 10.500000000000002 52.350000000000001 1.5815814950379998 33.750000000000007
decision_type=2 8 2 10 8 8 10 10 10 2 10 10 8 2 10 10 10 8 10 2 10 10 10 8 10 2 10 8 10 10 10
left_child=1 2 10 18 6 -6 -5 -7 9 -8 11 -1 13 14 15 -2 -15 -17 19 -4 -20 22 -21 25 -25 29 28 -26 -27 30 -3
right_child=12 23 3 4 5 7 8 -9 -10 -11 -12 -13 -14 16 -16 17 -18 -19 20 21 -22 -23 -24 24 27 26 -28 -29 -30 -31 -32
leaf_value=-0.016314514338310319 -0.11076430909117013 -0.061048940123753517 0.0049421980535567737 -0.018347725374185768 0.027114187429164618 0.18085025442114722 0.059048342068594308 0.054552421574997803 -0.0080591671757144403 0.0087279959797419617 -0.033807896854545286 0.0094137836979949537 -0.00096998812218738236 0.029032796655405271 -0.0038934371239617046 -0.013477756022271935 -0.03433952828477272 -0.10114082163308141 -0.02874758018903923 -0.098242616863439436 0.034998297554586832 -0.0062613219910944012 -0.022968192803528908 -0.0078207619818200392 -0.014425059385023822 0.0036654790662023051 -0.048520360482999042 -0.074584161512861319 -0.045450171176442983 0.041485467188432962 0.0045536850209443001
leaf_weight=487.39261730969884 51.398287241812795 35.733383366838098 6188.5899841163773 151.94625399261713 116.53133931546472 22.258731318870559 174.28605223353952 22.358610602328554 136.7578202271834 175.37811033148319 191.13969617313705 667.15946531877853 20095.234721490182 113.32553580543026 94.152902963105589 65.956859698519111 61.49503177870065 28.389919168781489 54.826224613469094 45.820560029242188 294.29931730777025 206.35781834926456 64.084476970136166 649.08729313861113 87.066695898771286 340.6210062764585 115.90810206159949 87.65822545113042 74.933277992531657 104.16292413324118 1317.9808816020377
leaf_count=3927 376 216 31283 1014 731 261 837 259 784 1010 2465 4954 109108 473 532 382 543 253 364 248 1241 933 290 14091 449 1587 732 1259 577 475 7320
internal_value=0 0.00234818 0.00447233 0.00632135 0.0204334 0.052156 0.0124254 0.11756 0.0220382 0.0338096 -0.00604381 -0.00144738 -0.00137171 -0.0208372 -0.0409341 -0.0648628 0.00674089 -0.0398565 0.00467518 0.00358497 0.0249877 -0.022973 -0.0543509 -0.00444693 -0.0156228 0.000181135 -0.0146409 -0.0446064 -0.00519112 0.00558444 0.002822
internal_weight=0 11812.3 8999.19 7653.5 799.517 161.149 638.368 44.6173 486.422 349.664 1345.69 1154.55 20510 414.719 239.898 145.745 174.821 94.3468 6853.98 6504.85 349.126 316.263 109.905 2813.15 823.812 1989.34 531.462 174.725 415.554 1457.88 1353.71
internal_count=188974 77307 50601 39255 4896 1251 3645 520 2631 1847 11346 8881 111667 2559 1543 1011 1016 635 34359 32754 1605 1471 538 26706 15799 10907 2896 1708 2164 8011 7536
is_linear=0
shrinkage=0.1


Tree=79
num_leaves=32
num_cat=0
split_feature=4 20 18 3 20 44 84 77 77 18 23 90 63 29 18 82 55 66 82 18 93 32 59 82 30 5 89 60 82 19 13
split_gain=9.82614 39.3147 31.2332 22.671 22.2009 43.5621 33.8696 28.3763 23.1061 22.8308 22.1206 21.3043 21.2609 20.3474 20.3015 19.6115 19.3144 18.9223 22.6558 26.7715 20.9768 22.9655 24.9737 18.8186 29.4071 18.7359 17.98 17.2713 17.1083 16.8941 16.4969
threshold=3.5000000000000004 2.0000000000000004 1.5000000000000002 53.500000000000007 2.0000000000000004 33.550000000000004 245.50000000000003 0.96281045881499805 1.2044606859790108 1.5000000000000002 1.0000000180025095e-35 20.500000000000004 0.23053704316647525 -9.4999999999999982 13.500000000000002 7.5000000000000009 2.1500000000000008 1.5000000000000002 111.50000000000001 3.5000000000000004 0.080378006872852223 6.5000000000000009 15.125000000000002 24.500000000000004 37.45000000000001 1.0000000180025095e-35 -104.99999999999999 4.5000000000000009 141.50000000000003 2150.0000000000005 56.250000000000007
decision_type=2 10 10 2 10 8 8 8 10 10 10 10 10 10 10 8 10 10 8 10 2 10 8 8 10 2 10 8 10 10 10
left_child=4 2 3 -2 6 -6 7 11 14 -7 23 13 -13 -1 -9 -3 -17 18 20 -20 21 -8 -23 24 -11 27 -4 -25 -21 -18 -31
right_child=1 15 26 -5 5 9 17 8 -10 10 -12 12 -14 -15 -16 16 29 -19 19 28 -22 22 -24 25 -26 -27 -28 -29 -30 30 -32
leaf_value=0.03973178402186843 0.015787739918535871 0.022678693168956404 -0.098541216488311059 -0.017969684627198636 0.084962228302319309 0.09473715618507017 0.019870762738778792 -0.0074259592248806508 0.033225416435700802 -0.015502802776867329 0.0026147686103631922 -0.0078277522234905025 0.015117444516677953 0.0083461386939510888 -0.051745050578402757 0.012849524985044453 -0.0023295196518686107 -0.024334571309484472 0.021857204018954544 -0.10158246815671941 0.031340110509731706 0.081348132702132439 0.22983816128679227 0.0036116406382813086 -0.063805808241578776 0.006683968785167283 -0.034867496435409033 -0.038975975745432601 0.056624685039043957 0.004386390993671445 0.033934071088252069
leaf_weight=216.97898583672941 260.07324741408229 368.48284403979778 55.14376562461257 846.41112152114511 51.336122566834092 21.38838279619813 33.418728191405535 1952.2405791427009 133.04481610935181 398.8333843848668 971.61653052922338 1642.5924862548709 535.47651698626578 4301.7765113534406 109.13638966716826 1006.4056506641209 16004.674559963634 70.371646599611267 122.38846535701305 34.264911794452928 415.24937290372327 38.367655133828521 16.070369525346905 152.41624838858843 184.272303707432 446.445555551094 226.51223743893206 253.78711832733825 8.5385566931217891 1209.6760138487443 223.93297659838572
leaf_count=935 1020 1945 604 3800 381 1122 437 14309 592 2374 10811 7602 2415 19455 2539 6381 79280 731 1841 3724 2747 222 431 1806 1308 5822 1433 6153 62 5188 1504
internal_value=0 -0.00136255 -0.0176031 -0.0100352 0.00223998 -0.00619707 0.00441286 0.00270349 -0.00716547 -0.00812388 -0.00903775 0.00593735 -0.00218669 0.0098532 -0.00977236 -0.000164225 -0.000620574 0.0249883 0.030182 -0.00195017 0.0407324 0.0851247 0.125183 -0.0169234 -0.0307675 -0.00745571 -0.0473338 -0.0229962 -0.0700229 -0.00139797 0.00900181
internal_weight=0 20201.3 1388.14 1106.48 12110 2480.1 9629.92 8891.25 2194.42 2428.76 2407.37 6696.82 2178.07 4518.76 2061.38 18813.2 18444.7 738.67 668.298 165.192 503.106 87.8568 54.438 1435.75 583.106 852.649 281.656 406.203 42.8035 17438.3 1433.61
internal_count=188974 101155 6857 4820 87819 29777 58042 47847 17440 29396 28274 30407 10017 20390 16848 94298 92353 10195 9464 5627 3837 1090 653 17463 3682 13781 2037 7959 3786 85972 6692
is_linear=0
shrinkage=0.1


Tree=80
num_leaves=32
num_cat=0
split_feature=6 81 6 0 55 94 73 81 30 56 83 21 0 50 8 17 27 86 32 45 41 0 9 68 90 14 21 11 21 73 40
split_gain=9.94061 30.8996 28.3052 27.5722 19.7995 19.6117 18.5378 23.5129 18.6868 18.3928 17.9666 17.3825 17.0635 34.262 17.2891 17.026 16.9942 24.0166 16.7832 16.7486 16.2753 16.2216 18.4313 16.8923 15.4275 16.9124 15.1893 16.9897 15.148 15.1072 16.1825
threshold=1250.0000000000002 -194.99999999999997 1650.0000000000002 10.500000000000002 63.050000000000004 0.48643432105805723 6.1250000000000009 245.00000000000003 35.550000000000004 453.00000000000006 25.000000000000004 -1.5928237617983461 11.500000000000002 1.0000000180025095e-35 2.5000000000000004 11.875000000000002 31.450000000000003 30.500000000000004 10.500000000000002 7.416666666666667 227.95000000000002 1.5000000000000002 1.0000000180025095e-35 53.500000000000007 20.500000000000004 451.00000000000006 -0.37724989182179863 6.5000000000000009 1.0287150662233651 10.708333333333334 54.500000000000007
decision_type=2 8 2 2 10 2 8 10 10 10 8 8 2 10 2 10 10 10 10 10 10 2 2 8 10 10 8 10 8 10 10
left_child=1 16 6 5 11 10 7 8 9 -2 21 -5 14 18 15 -10 -1 29 -14 26 24 22 -4 -24 25 -21 27 -12 -3 30 -18
right_child=2 28 3 4 -6 -7 -8 -9 12 -11 19 -13 13 -15 -16 -17 17 -19 -20 20 -22 -23 23 -25 -26 -27 -28 -29 -30 -31 -32
leaf_value=0.0066274928068101677 -0.0082547174441535438 -0.018464913290609168 -0.026084335787864583 -0.024895133203291231 -0.022511624424045421 0.024311892505538054 -0.010711713459984992 -0.044345540128614386 -0.01520502833761957 0.016046126703484907 -0.0035137489190174803 -0.00051115189273211853 -0.03845256362081878 0.024300334605007648 0.028811225692850009 0.021317436211064279 0.0614336720234408 0.001101548441987153 0.021715328999723314 0.001506910424428782 -0.034185283615356436 0.0018541929478386732 -0.06189987144838352 0.010780676769504026 0.007995963393906862 0.036281796037484874 -0.014343832974723709 0.016665171203943504 0.00068003039943302515 -9.6621682806376783e-05 0.021179728947977729
leaf_weight=1422.1489124256186 439.73506120732054 450.36761908698827 464.99824366206303 323.66423991811462 606.24443446332589 445.13958435645327 3962.2556737395935 122.53441193979234 1638.4155854627024 1067.7264981975313 789.4254866008414 3021.6347143531311 174.64258373295888 458.41577855916694 108.20948337670416 138.42538988031447 256.10226423316635 273.24764909036458 63.114168975269422 181.56039237277582 60.591386611107737 7575.6572843719041 35.359591036569327 334.38141554873437 711.59030130133033 608.82315380359069 409.03767733369023 885.00747517682612 5018.9392793717561 86.782711747102439 163.70751893334091
leaf_count=6676 2311 4820 2849 1674 4516 2274 30170 743 8703 4914 4047 17056 977 2140 519 690 2035 1944 397 1081 605 42628 212 1849 3397 2855 2785 4367 28085 590 1065
internal_value=0 0.00313057 -0.000991899 0.00139762 -0.00588371 0.00369913 -0.00580198 -0.0011825 0.000111063 0.00895743 0.00293808 -0.00287035 -0.00505531 0.00832372 -0.00999635 -0.0123597 0.0131329 0.0249964 -0.0224806 0.00880109 0.0166273 0.000396374 -0.012834 0.00382999 0.0186772 0.0282936 0.00293155 0.00715165 -0.000896451 0.0378849 0.0457364
internal_weight=0 7671.3 24626.6 16453.1 3951.54 12501.6 8173.47 4211.22 4088.68 1507.46 12056.4 3345.3 2581.22 696.173 1885.05 1776.84 2201.99 779.84 237.757 3646.04 1562.57 8410.4 834.739 369.741 1501.97 790.384 2083.47 1674.43 5469.31 506.592 419.81
internal_count=188974 45215 143759 92195 23246 68949 51564 21394 20651 7225 66675 18730 13426 3514 9912 9393 12310 5634 1374 19137 7938 47538 4910 2061 7333 3936 11199 8414 32905 3690 3100
is_linear=0
shrinkage=0.1


Tree=81
num_leaves=32
num_cat=0
split_feature=82 16 29 40 65 39 3 19 53 32 27 94 73 71 13 59 31 21 77 59 41 14 44 4 20 71 21 1 40 90 88
split_gain=9.6855 17.5213 20.5756 20.6285 18.2444 17.9692 15.5432 25.6779 21.7288 19.5521 17.3556 16.9008 22.0385 21.619 15.6705 16.6835 17.111 16.4724 15.8678 15.2221 18.5194 22.691 15.7316 15.2004 32.3172 22.8625 18.7081 18.0372 19.5487 32.459 20.3108
threshold=18.500000000000004 38.45000000000001 -1.4999999999999998 56.250000000000007 1.5000000000000002 7.5000000000000009 52.250000000000007 1175.0000000000002 15.500000000000002 10.500000000000002 52.250000000000007 0.05962948479812296 12.708333333333334 -3.4999999999999996 60.150000000000013 1.8750000000000002 8.1250000000000018 1.5669360267250296 1.1641856481183417 4.8750000000000009 69.850000000000009 519.00000000000011 36.850000000000001 3.5000000000000004 2.0000000000000004 24.500000000000004 0.72116023165098553 1.0000000180025095e-35 56.750000000000007 14.500000000000002 61.500000000000007
decision_type=8 10 8 8 10 10 2 8 8 10 10 2 10 8 10 8 8 10 8 8 10 10 10 2 10 8 10 2 10 8 10
left_child=1 5 3 4 -3 -1 8 14 -2 10 -10 12 13 -9 15 17 -17 -8 -16 -4 21 -21 -22 -13 -25 27 -27 28 -26 30 -30
right_child=6 2 19 -5 -6 -7 7 11 9 -11 -12 23 -14 -15 18 16 -18 -19 -20 20 22 -23 -24 24 25 26 -28 -29 29 -31 -32
leaf_value=-0.0070560229126912502 0.012117837335009353 -0.017800430242402434 0.010262198709363093 -0.096621675438010549 -0.097069590233169328 0.0057258204917206863 -0.091889940159176953 0.052129365408472211 -0.028741556994243557 -0.09616244030391892 0.063175438767445177 0.0041364794196293497 0.075621525234817161 -0.093003734867080801 -0.10559627207079765 0.0026482122513028245 -0.045879382303685011 -0.0065814602885586951 -0.0037527059302588299 -0.03605352796204641 -0.046666695437400561 0.042608710367084884 0.031691610072355166 -0.018366888728138738 0.0059794109949367477 0.035662691779657522 -0.020044634094835992 -0.0049660987154748811 -0.059841892590338855 -0.00076131731089268645 -0.0052426999326459457
leaf_weight=2216.4280443238094 1885.464810181642 342.09465264435858 369.04588046111166 44.404123532120138 31.727831482887268 2183.2932342705317 50.422621969599277 12.518627827521412 93.478060677880421 32.342595569672994 26.327940083341673 8586.1824710391229 12.865235146367921 56.980241318582557 39.939398114103824 371.16234342381358 90.347302053589374 41.071529703214765 24.796665210509673 344.43032980617136 33.065370162948966 41.040411430876702 113.80827845865861 1014.6375511731021 5372.7154809681233 299.79478031001054 75.45787320798263 5552.8661601152271 160.28372405096889 2649.5352003134321 118.50724570266902
leaf_count=11606 10660 2053 1719 372 211 10603 302 119 1496 1218 530 63866 108 1130 421 1850 621 187 440 2383 282 223 973 4972 24253 2977 1080 27484 958 13259 618
internal_value=0 -0.00374448 -0.013851 -0.0321826 -0.0245283 -0.000713232 0.000792061 9.49472e-05 0.00918437 -0.027168 -0.00854236 0.00061497 -0.0446056 -0.0668613 -0.0200348 -0.0145854 -0.00685178 -0.0535951 -0.0665859 -0.00534542 -0.0161654 -0.0276785 0.014051 0.000771267 -0.00112421 0.000105308 0.0244608 -0.000554394 0.00239675 -0.00417649 -0.0366331
internal_weight=0 5719.34 1319.62 418.227 373.822 4399.72 26567.7 24530.1 2037.61 152.149 119.806 23912.3 82.3641 69.4989 617.74 553.004 461.51 91.4942 64.7361 901.39 532.344 385.471 146.874 23830 15243.8 14229.2 375.253 13853.9 8301.04 2928.33 278.791
internal_count=188974 30425 8216 2636 2264 22209 158549 144645 13904 3244 2026 140824 1357 1249 3821 2960 2471 489 861 5580 3861 2606 1255 139467 75601 70629 4057 66572 39088 14835 1576
is_linear=0
shrinkage=0.1


Tree=82
num_leaves=32
num_cat=0
split_feature=13 72 0 10 74 10 2 91 29 43 76 44 88 44 74 59 82 67 84 30 5 16 17 11 30 94 0 82 90 59 21
split_gain=9.36947 12.5081 9.78547 12.3643 17.9589 10.1885 13.9718 13.781 15.6397 17.7554 14.2615 19.7488 15.3982 14.129 13.636 12.4345 12.2388 19.7387 15.8143 15.058 11.8307 29.7029 22.1788 24.923 23.4591 22.3447 21.647 20.456 19.7814 18.9297 18.2358
threshold=1.7500000000000002 39.350000000000001 16.500000000000004 4.5000000000000009 8.5000000000000018 8.5000000000000018 8.5000000000000018 52.083333333333336 -3.4999999999999996 10.500000000000002 2.0000000000000004 41.150000000000013 112.50000000000001 39.850000000000001 4.5000000000000009 1.8750000000000002 90.500000000000014 5.5000000000000009 27.500000000000004 35.550000000000004 1.0000000180025095e-35 35.45000000000001 7.291666666666667 9.5000000000000018 35.45000000000001 0.10839103697898611 3.5000000000000004 42.500000000000007 12.500000000000002 9.1250000000000018 -0.42850903091719511
decision_type=8 8 2 2 10 2 2 2 8 8 8 10 10 10 10 8 8 8 8 10 2 10 10 10 10 2 2 10 8 8 10
left_child=1 -1 5 4 -4 6 20 14 9 15 13 12 16 -10 -7 -9 -12 19 -19 -18 21 28 23 25 -25 -23 29 -24 -2 -22 -29
right_child=2 -3 3 -5 -6 7 -8 8 10 -11 11 -13 -14 -15 -16 -17 17 18 -20 -21 26 22 27 24 -26 -27 -28 30 -30 -31 -32
leaf_value=0.021056681579620564 -0.049013784895471924 -0.036324886727008947 -0.019258327268087839 -0.03609859788616774 0.063358822699494236 0.073940910398277035 -0.048381329400749511 -0.052248706216541964 -0.00058976432034318947 -0.068194193030667663 0.013034243701429077 0.087132852385245679 0.053119335561260222 -0.058903320021947918 0.0049800519320428501 -0.00022235221846017854 0.078577777011732131 -0.08121971165651265 -0.010516379139550213 -0.013500879677146175 -0.010788272065153178 -0.059279860844651561 -0.026538555910352042 0.025659938547229557 -0.0024452002378197398 -0.007617103313264673 0.0032135468355168569 0.010586588738907297 0.0022594292082135331 0.0055345846092930782 -0.019000185551741464
leaf_weight=364.21289169974625 76.088494125753641 42.411568695679307 88.340949260513298 168.20673087937757 37.471359926974401 57.652817089576274 61.064906083978713 50.365770223084837 511.11862808838487 47.863718062872067 1206.0061784381978 35.444644719129428 84.360218424350023 45.226750751957297 57.044787168037146 522.65525001264177 33.523993750568479 48.214037396945059 91.999597570043989 37.769954910967499 2335.4145120705944 86.489159276126884 1020.4640110137407 462.56825370131992 829.67299666337203 2613.0534206158482 12615.473603772349 384.02591641503386 6784.0985000275541 1021.1224782731151 455.30239354819059
leaf_count=1658 443 249 609 1188 209 514 547 286 2394 328 6208 208 361 275 373 2859 224 343 1644 380 11926 939 10136 2089 5413 14948 72459 2358 36198 7675 3533
internal_value=0 0.0150717 -0.000204454 -0.0183634 0.00534798 -3.53571e-05 -0.000598923 0.00569041 0.0042558 -0.00968261 0.0083893 0.0133543 0.0116131 -0.00533022 0.0396433 -0.00479522 0.00914295 -0.013045 -0.0348285 0.0297965 -0.000497199 -0.00277368 -0.00800761 -0.00380537 0.00761526 -0.0092723 0.0013146 -0.0170271 0.00169074 -0.00582255 -0.00546307
internal_weight=0 406.624 31868.1 294.019 125.812 31574.1 28744.8 2829.25 2714.55 620.885 2093.66 1537.32 1501.87 556.345 114.698 573.021 1417.51 211.508 140.214 71.2939 28683.8 12711.8 5851.58 3991.78 1292.24 2699.54 15972 1859.79 6860.19 3356.54 839.328
internal_count=188974 1907 187067 2006 818 185061 168664 16397 15510 3473 12037 9368 9160 2669 887 3145 8799 2591 1987 604 168117 76057 39416 23389 7502 15887 92060 16027 36641 19601 5891
is_linear=0
shrinkage=0.1


Tree=83
num_leaves=32
num_cat=0
split_feature=84 18 21 77 55 90 67 58 30 90 45 18 45 91 15 6 0 5 0 82 73 32 16 53 33 13 70 90 43 77 18
split_gain=8.92276 32.4792 12.989 11.9671 13.9648 13.2793 15.9406 11.2449 13.0208 13.1995 10.3443 10.1116 17.4563 14.6572 9.6794 12.8215 26.5469 22.8657 19.2189 19.1341 17.3575 14.919 25.3947 14.5144 14.336 25.3 14.2218 13.8155 13.5459 14.0681 13.3302
threshold=175.50000000000003 8.5000000000000018 -0.7983071058196991 1.1348947114924011 19.150000000000002 140.50000000000003 9.5000000000000018 36.150000000000013 38.150000000000013 51.500000000000007 2.8750000000000004 2.5000000000000004 6.7083333333333348 54.958333333333336 1.0000000180025095e-35 1075.0000000000002 13.500000000000002 1.0000000180025095e-35 10.500000000000002 61.500000000000007 4.8750000000000009 13.500000000000002 38.750000000000007 6.5000000000000009 1075.0000000000002 29.150000000000002 479.00000000000006 7.5000000000000009 -1.4999999999999998 0.091405094193256015 5.5000000000000009
decision_type=10 10 10 8 10 8 10 8 10 8 10 10 8 2 8 2 2 2 2 10 10 10 10 10 8 10 8 8 8 8 10
left_child=14 7 -3 5 -5 10 -7 11 -9 -10 -4 -2 13 -13 15 16 17 18 20 -19 -1 24 -23 -21 25 26 30 -26 29 -24 -17
right_child=1 2 3 4 -6 6 -8 8 9 -11 -12 12 -14 -15 -16 21 -18 19 -20 23 -22 22 28 -25 27 -27 -28 -29 -30 -31 -32
leaf_value=-0.10964009352910181 0.019134097862536115 0.014986895331944831 -0.025049532008136699 -0.039527643293113486 0.072113954085958026 -0.055960790396050467 0.03331860080045472 0.03315897190429741 -0.049719710631769158 0.019842271553210524 -0.084730330688166863 -0.012071555705176594 0.011040441740016668 -0.093489411209380494 0.0024199598061157564 -0.015923444659719389 0.076047655078114132 0.0033966076700823796 0.030553698513502738 0.091771055978979554 -0.014962559271773255 -0.0054489496983977335 0.043418398350579618 0.018232888608402255 -0.030706093857682887 -0.078428913306030412 -0.048384828098625127 -0.00035437368531889143 -0.061494149685948143 -0.063758381606747072 0.054373443690122314
leaf_weight=37.669682428007945 74.045752599835396 45.160253680776805 39.004826365038753 29.391809722874314 18.106515438295901 49.3611880838871 33.619722735136747 195.78436964191496 47.327068366110325 64.391583697870374 113.70634226687253 41.732312630861998 72.062574129551649 47.028454879298806 12532.126386630931 59.812302619218826 61.197324263630435 260.06066030077636 32.587888636626303 51.638108293060213 39.847027702257037 740.20004866225645 29.352591259405017 55.887453692033887 151.30268470384181 65.372647376265377 50.579182544723153 17007.066602029838 145.03976857324596 21.015696757938713 49.135098464787006
leaf_count=306 282 283 245 348 171 311 169 780 227 281 918 177 313 243 66158 246 263 1400 165 259 242 6823 212 260 843 564 261 103292 2480 257 195
internal_value=0 -0.00999657 -0.0348189 -0.0427614 0.0030305 -0.0519897 -0.0197892 0.00503079 0.0176148 -0.00962608 -0.0694869 -0.0114448 -0.0255239 -0.0552095 0.000265879 -0.00116564 0.0140372 0.00609297 -0.0338827 0.018067 -0.0609716 -0.00161286 -0.0139138 0.0535489 -0.000950794 -0.0260345 -0.00456374 -0.000622015 -0.0459786 -0.00130011 0.0157803
internal_weight=0 870.723 328.351 283.19 47.4983 235.692 82.9809 542.372 307.503 111.719 152.711 234.869 160.823 88.7608 31389.9 18857.8 538.888 477.691 110.105 367.586 77.5167 18318.9 935.608 107.526 17383.3 224.899 159.527 17158.4 195.408 50.3683 108.947
internal_count=188974 4748 2445 2162 519 1643 480 2303 1288 508 1163 1015 733 420 184226 118068 2895 2632 713 1919 548 115173 9772 519 105401 1266 702 104135 2949 469 441
is_linear=0
shrinkage=0.1


Tree=84
num_leaves=32
num_cat=0
split_feature=10 2 88 86 83 11 44 83 4 73 56 39 27 88 12 67 72 89 28 14 88 0 77 49 94 81 17 13 72 58 31
split_gain=8.66354 16.1542 18.2456 22.6337 21.555 21.2588 19.2491 17.4273 17.1549 20.0449 17.361 23.5159 22.0577 17.3119 16.1766 16.0137 15.768 15.4255 14.9499 14.9345 15.1304 23.6643 22.5162 22.0792 20.2088 18.9889 18.0511 17.6616 17.415 16.0032 20.4631
threshold=3.5000000000000004 5.5000000000000009 119.50000000000001 21.500000000000004 -494.99999999999994 12.500000000000002 36.45000000000001 695.00000000000011 6.5000000000000009 3.291666666666667 479.00000000000006 13.500000000000002 3.9500000000000006 232.50000000000003 53.500000000000007 2.5000000000000004 40.050000000000004 255.00000000000003 475.00000000000006 547.00000000000011 27.500000000000004 14.500000000000002 0.74678980119868388 0.036484588019616758 0.10942247142628432 -124.99999999999999 5.1250000000000009 151.25000000000003 36.850000000000001 40.350000000000001 7.5833333333333348
decision_type=2 2 8 10 10 10 10 10 2 8 10 10 10 10 10 8 10 8 10 10 10 2 10 10 2 8 8 10 8 10 10
left_child=19 8 3 5 -5 17 -4 14 10 -10 11 12 -2 -14 -6 -8 18 -3 -12 20 24 23 -23 27 26 -26 -1 -22 -29 -27 -31
right_child=1 2 6 4 7 -7 15 -9 9 -11 16 -13 13 -15 -16 -17 -18 -19 -20 -21 21 22 -24 -25 25 29 -28 28 -30 30 -32
leaf_value=-0.047750949204683209 0.0077817380872296062 -0.052577692802136804 -0.0099557723154247643 -0.084824006012178529 -0.059304340060904293 0.015769734708970966 -0.04213493946356147 0.05504538499218297 0.0045233602328811342 -0.017022355222260002 0.033247453843337292 0.010542791631981893 -0.0048030528362160941 -0.067602039858478749 -0.005523678755781641 0.033628612255348203 -0.010958195947943325 0.021798605516870278 0.0051079130482831851 -0.060064224325151377 0.0016001711921074001 0.0012314155017912074 0.064103642630259153 -0.012522945093492211 0.020452245841739158 0.0034699009835663791 0.000535576610589967 0.096950829264201607 0.0012027037710539527 0.058579440189741427 -0.019815524516571009
leaf_weight=122.47179529746063 1555.9362964297179 297.84485939517617 348.18565369094722 35.475800038781017 58.637749917805195 68.113591805100441 31.392792884260416 45.401824709028006 674.87118245102465 1198.8566699817311 194.30197064764798 1407.61823927355 8985.6687686609803 44.112995527684689 1210.6094346451573 250.58366386732087 603.26440012850799 30.765289288014174 6668.5379091696814 37.719287896063179 1624.4958212319762 129.1857134103775 101.88358846306801 1614.0377321047708 1003.6574895926751 3456.5142053044401 210.46144626941532 39.490020584315062 36.603520479984581 114.13469749083742 47.010444457642734
leaf_count=970 11055 1985 2699 263 512 428 232 191 2863 5753 846 8415 60458 276 6793 1624 3429 181 33613 233 7218 630 405 8100 5070 20721 2497 267 381 523 343
internal_value=0 -0.00099484 -0.0088145 -0.0140766 -0.00790633 -0.0350753 0.00577247 -0.0058307 -0.000123548 -0.00926211 0.000756394 -0.00160028 -0.00321498 -0.00510984 -0.00800828 0.0251938 0.00454208 -0.0456144 0.0059046 0.00272018 0.00299879 -0.00198839 0.0289532 -0.00414539 0.00656806 0.00828232 -0.017227 0.00380579 0.0508928 0.00490598 0.0357095
internal_weight=0 23710.2 2377.01 1746.85 1350.12 396.724 630.162 1314.65 21333.2 1873.73 19459.4 11993.3 10585.7 9029.78 1269.25 281.976 7466.1 328.61 6862.84 8537.67 8499.95 3545.7 231.069 3314.63 4954.25 4621.32 332.933 1700.59 76.0935 3617.66 161.145
internal_count=188974 141616 14908 10353 7759 2594 4555 7496 126708 8616 118092 80204 71789 60734 7305 1856 37888 2166 34459 47358 47125 17001 1035 15966 30124 26657 3467 7866 648 21587 866
is_linear=0
shrinkage=0.1


Tree=85
num_leaves=32
num_cat=0
split_feature=30 31 94 66 9 17 93 88 91 31 16 22 5 13 78 94 44 31 28 41 45 0 84 91 82 63 23 2 32 59 25
split_gain=8.44982 11.8839 8.36785 10.4764 8.18656 19.7405 17.6221 20.6265 19.9242 17.8736 15.6351 18.7783 26.7523 26.0098 24.2503 20.7475 25.1208 20.6484 18.9999 23.8645 27.1019 25.7043 17.4869 17.4905 17.4868 16.493 16.4638 21.9951 17.5914 16.634 16.3505
threshold=44.750000000000007 6.1250000000000009 0.039257993106733509 1.0000000180025095e-35 1.0000000180025095e-35 16.416666666666668 0.066245237784397712 19.500000000000004 56.875000000000007 4.416666666666667 37.650000000000013 1.0000000180025095e-35 1.0000000180025095e-35 8.0500000000000025 1.0000000180025095e-35 0.14556405564354477 36.750000000000007 9.2916666666666696 467.00000000000006 113.95000000000002 9.8750000000000018 8.5000000000000018 25.500000000000004 53.083333333333336 14.500000000000002 1.0543446357710635 1.0000000180025095e-35 5.5000000000000009 8.5000000000000018 8.8750000000000018 9.5000000000000018
decision_type=10 10 2 10 2 10 2 8 2 8 10 10 2 10 10 2 8 8 10 10 10 2 8 2 10 8 10 2 10 10 8
left_child=2 -2 3 -1 5 10 7 -6 -9 -8 11 15 13 -13 25 16 18 -18 22 20 24 -22 -4 -24 -20 -14 -16 28 -28 -29 -17
right_child=1 -3 4 -5 6 -7 9 8 -10 -11 -12 12 14 -15 26 30 17 -19 19 -21 21 -23 23 -25 -26 -27 27 29 -30 -31 -32
leaf_value=-0.093744635516887109 0.0040562648270930568 -0.10900336627979049 -0.019110619064523104 0.020034124017840112 -0.023584169016740583 -0.050689223601107974 0.0059802588680941569 0.026673891944447681 -0.043253332912100068 -0.0018820393327226232 -0.0051476285326402266 -0.099953562695221335 0.033328754977265014 -0.0082266618013071627 0.010445829816326238 -0.0030218135931102332 -0.02072736490945044 -0.076626322527104718 0.025448018130846756 -0.10158542920513741 0.068664605465959205 -0.038516883665994255 -0.02943610086170792 0.02691402645189335 -0.047858744732959091 0.0016412189509940524 0.0083575493992738958 -0.054295180089664399 -0.021177213291367507 -0.00030439856005932102 0.0069703383941676581
leaf_weight=20.811088115442544 20.402478276984766 17.080158888013102 194.98533861339092 13.241851386381311 112.83793914690614 80.360804988536984 4626.2925521323923 670.62570863997098 43.382143147056922 7710.4832085645758 6181.4619886897271 43.680071752518415 548.48810495343059 105.76485338620842 1829.9104270767421 4872.4425932299346 206.08989897451829 97.270234765601344 39.725495984777808 35.604778084903955 60.58534689527005 35.477560985367745 66.152301769470796 329.15890834131278 179.91089153848588 234.474227914121 892.7928062081337 137.43983160704374 260.51136495172977 97.575297825038433 2466.6665851490106
leaf_count=534 162 256 1244 161 812 881 22882 6190 407 46270 40288 226 2378 728 8755 25770 1806 1887 359 503 322 273 637 2381 1063 1775 3627 731 1368 552 13746
internal_value=0 -0.047463 4.44438e-05 -0.0495005 9.69048e-05 -0.00123123 0.00201355 0.0161464 0.0224252 0.00106632 -0.00102112 0.000981898 0.00650424 -0.0350368 0.0080558 -0.00168831 -0.0136249 -0.038651 -0.00556211 -0.0239756 -0.0152227 0.0290808 0.00539633 0.0174843 -0.0345998 0.0238393 0.00421585 -0.00399574 0.00168616 -0.0318789 0.000336538
internal_weight=0 37.4826 32194.2 34.0529 32160.2 18996.5 13163.6 826.846 714.008 12336.8 18916.2 12734.7 4150.64 149.445 4001.19 8584.07 1244.96 303.36 941.601 351.304 315.699 96.0629 590.297 395.311 219.636 782.962 3218.23 1388.32 1153.3 235.015 7339.11
internal_count=188974 418 188556 695 187861 111300 76561 7409 6597 69152 110419 70131 20140 954 19186 49991 10475 3693 6782 2520 2017 595 4262 3018 1422 4153 15033 6278 4995 1283 39516
is_linear=0
shrinkage=0.1


Tree=86
num_leaves=32
num_cat=0
split_feature=41 69 35 86 45 16 19 17 83 55 13 66 92 53 67 27 81 58 69 90 73 32 82 81 10 84 10 41 94 55 63
split_gain=8.2368 11.4745 8.25395 23.6557 18.1341 13.5936 13.4459 19.0542 26.6897 19.7274 17.6136 17.2284 17.3802 15.6878 14.7992 13.7099 17.9403 13.0243 12.9469 17.1776 13.309 16.3445 13.1517 12.5995 23.9099 23.439 21.6936 25.7903 14.1013 14.6815 13.9992
threshold=475.75000000000006 305.05000000000007 -1.7466011790845359 19.500000000000004 8.1250000000000018 39.550000000000004 2150.0000000000005 10.875000000000002 505.00000000000006 90.15000000000002 84.250000000000014 1.0000000180025095e-35 0.061862244897959155 12.500000000000002 8.5000000000000018 9.2500000000000018 -84.999999999999986 35.550000000000004 7.0500000000000007 132.50000000000003 12.875000000000002 10.500000000000002 42.500000000000007 -394.99999999999994 5.5000000000000009 13.500000000000002 8.5000000000000018 10.15 0.16226664809139033 12.450000000000001 0.14266423328865252
decision_type=10 8 8 8 10 10 10 10 8 10 10 10 2 8 8 10 10 8 8 10 10 10 10 8 2 10 2 8 2 10 10
left_child=2 -2 3 4 17 18 23 9 -9 10 11 12 13 -8 -12 -13 -17 -1 22 20 21 -20 -5 24 25 28 27 -26 29 -4 -27
right_child=1 -3 6 5 -6 -7 7 8 -10 -11 14 15 -14 -15 -16 16 -18 -19 19 -21 -22 -23 -24 -25 26 30 -28 -29 -30 -31 -32
leaf_value=-0.033621105388058167 -0.087541593353747726 0.025741625003883935 0.15467175444840209 0.030346231954818254 0.0026937112104703826 0.039805449542937937 0.0218259991658807 0.055581319634009502 -0.024214688875273775 -0.032559475382117474 0.07611254352863206 0.0089865029465904835 0.0018915157776401071 0.084353234021252041 -0.0055207981519046793 -0.066324945694824694 -0.0021936006085031528 -0.10607192663000004 -0.0071577106670318389 -0.068452414647928603 0.029165439849341498 -0.052663799296611281 -0.0084941675078065697 -0.00052603886053848286 0.013136032494922109 -0.0054096488640565828 0.033390566970094182 -0.037392958361834261 0.029722052386601628 0.057100758786093053 0.027333623466323564
leaf_weight=49.839131530374289 24.495638178661466 14.081270149559712 23.181600999552757 178.61468008486554 53.141141167841852 70.511859793681651 265.64161833655089 171.6818327002693 55.455546236829832 127.89919430669397 66.688677920028567 133.65185489039868 564.83652528421953 47.265371541958302 33.295005223015323 85.408836875110865 89.152617367915809 49.412437785416842 788.16010313946754 49.411104805767536 87.602505585644394 87.711986445821822 170.30237197317183 27739.063815304777 171.98949507530779 245.09685173095204 109.97522084973752 244.77093453891575 89.898131183348596 46.069146292284131 279.45012960676104
leaf_count=240 282 250 337 730 291 389 1162 855 410 840 359 544 2442 249 324 464 399 305 3812 271 397 687 713 164996 725 1654 656 1922 471 319 1479
internal_value=0 -0.0461912 4.43607e-05 -0.00699266 -0.0444495 -0.00300741 0.000408906 0.00921476 0.0360991 0.0048957 0.00862098 0.00522282 0.012365 0.0312709 0.0489283 -0.0151169 -0.0335716 -0.0696908 -0.00522418 -0.010947 -0.00799783 -0.0117148 0.0113887 -9.02456e-05 0.00989669 0.0222329 -0.00611562 -0.0165406 0.0558476 0.0897625 0.0120342
internal_weight=0 38.5769 32175.2 1584.71 152.393 1432.31 30590.5 1640.98 227.137 1413.84 1285.94 1185.96 877.744 312.907 99.9837 308.213 174.561 99.2516 1361.8 1012.89 963.475 875.872 348.917 28949.5 1210.43 683.696 526.736 416.76 159.149 69.2507 524.547
internal_count=188974 532 188442 7835 836 6999 180607 8048 1265 6783 5943 5260 3853 1411 683 1407 863 545 6610 5167 4896 4499 1443 172559 7563 4260 3303 2647 1127 656 3133
is_linear=0
shrinkage=0.1


Tree=87
num_leaves=32
num_cat=0
split_feature=0 49 57 55 23 11 19 37 18 56 14 32 45 88 17 18 74 57 63 23 53 32 58 37 39 84 70 73 82 35 92
split_gain=8.167 13.0187 15.0069 15.6429 11.2198 8.81996 23.832 11.7401 15.5143 11.7278 11.3789 11.1496 11.3631 16.7418 13.4957 13.372 20.5081 18.1976 13.3571 16.9924 12.6054 12.0526 12.2919 11.679 10.772 14.2843 14.2108 14.3312 13.4896 12.2799 10.9316
threshold=16.500000000000004 1.0909583065534896 1.5000000000000002 32.95000000000001 1.0000000180025095e-35 14.500000000000002 1175.0000000000002 2.5000000000000004 8.5000000000000018 413.00000000000006 395.00000000000006 15.500000000000002 9.7083333333333339 35.500000000000007 13.29166666666667 12.500000000000002 10.500000000000002 1.5000000000000002 0.77241937074638212 2.5000000000000004 9.5000000000000018 11.500000000000002 36.350000000000001 1.0000000180025095e-35 8.5000000000000018 20.500000000000004 503.00000000000006 4.1250000000000009 56.500000000000007 -0.53102730910798812 0.15028454781640482
decision_type=2 8 10 8 10 8 8 10 10 8 10 10 10 10 10 10 8 8 10 10 10 10 10 10 10 8 8 8 8 10 2
left_child=5 2 3 4 -2 10 -7 9 -9 -8 -1 12 14 15 18 16 -14 -17 19 24 -15 22 -20 -16 25 -11 28 -28 29 -26 -27
right_child=1 -3 -4 -5 -6 6 7 8 -10 11 -12 -13 13 20 23 17 -18 -19 21 -21 -22 -23 -24 -25 26 30 27 -29 -30 -31 -32
leaf_value=-0.039558887354120872 -0.032772824370359284 -0.056369991006663955 0.030796781237362087 -0.079714224798020816 0.028719024846175153 -0.054278223172009803 0.055675423716805651 0.0079997940572296752 0.073946886605253129 0.046522579123842098 -0.00023924964002520699 0.050836735944944915 0.035981449683832038 0.0092109262201310656 -0.058269940530554433 0.029270591228346906 -0.023376737758680773 0.14873192605295132 0.011120739806555447 0.055395623182994513 -0.051381052295757061 -0.069291198589950198 -0.029655704231623795 0.010395338911403186 -0.061929705621539904 0.0012019718660598241 -0.11146115186799735 -0.019059542388029212 0.025328782105498861 -0.0033405590436488761 0.047117369452210095
leaf_weight=73.785616689827293 67.219013176392764 64.204991400823928 76.518127889372408 37.344937610672787 53.121072826907039 64.117692177416757 46.007703556446359 87.811340323649347 60.080410798545927 101.97125116363168 29377.010579704074 51.085753977880813 221.04778309911489 104.2243641782552 71.337292189826258 33.846166820032522 79.01023190561682 20.459491020184942 149.69312581559643 68.024511525174603 51.200947648845613 37.367018033284694 146.05666531994939 37.946562716038898 43.494491968303919 509.84631341323256 23.499295392073691 58.747154316632077 138.22789958654903 201.52381169423461 57.722960171755403
leaf_count=978 367 571 357 464 265 380 288 410 399 437 170439 490 1042 531 679 305 714 237 688 287 305 264 807 264 235 4018 156 578 900 900 219
internal_value=0 -0.0164775 -0.00554127 -0.0231746 -0.00562881 0.00014312 0.00589 0.00749728 0.0347905 0.00570517 -0.000337761 0.00466316 0.00356871 0.0166138 -0.000472867 0.0286155 0.0203515 0.0742773 0.00194266 0.00684937 -0.0107496 -0.015778 -0.00901679 -0.0344273 0.00393991 0.0120628 -0.00774365 -0.0454604 0.000350535 -0.013741 0.00587166
internal_weight=0 298.408 234.203 157.685 120.34 31915.1 2464.35 2400.23 147.892 2252.34 29450.8 2206.33 2155.25 509.789 1645.46 354.364 300.058 54.3057 1536.17 1203.06 155.425 333.117 295.75 109.284 1135.03 669.541 465.493 82.2464 383.246 245.018 567.569
internal_count=188974 2024 1453 1096 632 186950 15533 15153 809 14344 171417 14056 13566 3134 10432 2298 1756 542 9489 7730 836 1759 1495 943 7443 4674 2769 734 2035 1135 4237
is_linear=0
shrinkage=0.1


Tree=88
num_leaves=32
num_cat=0
split_feature=18 68 72 13 17 27 73 84 16 57 60 71 68 29 33 93 67 16 28 86 49 31 72 84 56 82 72 6 69 44 92
split_gain=8.05675 17.6701 15.8184 17.9877 19.8058 15.9571 15.9186 17.1591 15.4649 13.2055 15.7444 24.1074 13.0081 13.5861 13.8787 18.5878 12.7854 11.5634 19.951 22.2833 19.1487 20.6242 14.5296 14.4826 14.353 13.5468 13.0818 15.6361 12.1788 11.5521 14.6241
threshold=14.500000000000002 57.250000000000007 35.45000000000001 27.350000000000005 10.29166666666667 32.95000000000001 9.1250000000000018 167.50000000000003 41.550000000000004 -1.4999999999999998 2.5000000000000004 3.5000000000000004 54.500000000000007 10.500000000000002 1850.0000000000002 0.12389937106918236 9.5000000000000018 40.850000000000001 519.00000000000011 16.500000000000004 -0.60059328359459807 3.5833333333333335 38.650000000000013 7.5000000000000009 487.00000000000006 27.500000000000004 41.850000000000001 1250.0000000000002 20.350000000000005 41.150000000000013 0.12583333333333332
decision_type=10 10 8 10 10 10 8 10 10 10 10 10 8 10 8 2 10 10 10 8 10 10 8 10 10 10 8 2 8 10 2
left_child=17 2 3 16 5 -5 7 8 9 10 -4 -12 -8 14 -14 -16 -2 29 19 25 21 22 -21 -22 -23 -19 -24 -28 -20 -1 -31
right_child=1 -3 6 4 -6 -7 12 -9 -10 -11 11 -13 13 -15 15 -17 -18 18 28 20 23 24 26 -25 -26 -27 27 -29 -30 30 -32
leaf_value=0.00031040695061369713 -0.053007441239192023 0.085669379892881148 0.074163222336418533 0.085693265348960102 -0.01278757245741835 0.0037271963997870246 -0.0070812319261428355 -0.076864612863004389 0.040889470729773766 -0.023166991235939703 0.026292999414581793 -0.07764579990660006 -0.083070959557216287 0.058724399066478673 -0.07734598656995964 0.067283041848801337 0.020232886332210209 -0.019025723085802655 -0.0057138636894222151 0.063821624409642827 0.044644937110294922 -0.09316607446535001 -0.11881188823788387 -0.0063781996219811708 -0.015649209658110921 -0.094576680475372196 0.13842550862269729 -0.041028701036315229 0.078410266339152629 0.018572519714694136 -0.044053737622410612
leaf_weight=29800.020762837725 59.294739842182025 19.488173776306212 33.549333639442921 68.063370398245752 66.273648710455745 36.481954279355705 79.577754849335179 34.067140715196729 67.724219602299854 279.93422978231683 75.778184071648866 31.628822492435575 105.57923074136488 9.497949051903559 19.374999119201675 16.414748830255121 39.855959430569783 42.223564106039703 32.064368359278888 26.08668895997107 65.305648526875302 67.558667069650255 12.120219058357177 375.49064909759909 36.951022988418117 54.196132290642709 6.6976888254284885 17.651474420097657 37.146184535929933 555.94057235727087 39.96736885048449
leaf_count=167188 322 124 148 309 573 318 831 281 407 2012 515 250 3375 174 1290 365 180 317 172 110 636 1395 101 2505 319 444 127 617 342 3042 185
internal_value=0 -0.0086577 -0.0104545 0.0103138 0.0299795 0.0570905 -0.0178991 -0.00824568 -0.00346144 -0.0105978 0.0143641 -0.00431452 -0.0397946 -0.05705 -0.0648283 -0.0110128 -0.0235668 0.000278831 -0.0117954 -0.01683 -0.00974569 -0.0385755 0.00683839 0.00118107 -0.0657588 -0.0614918 -0.0339219 0.00833351 0.0394366 0.000586086 0.0143722
internal_weight=0 1042.58 1023.1 269.97 170.819 104.545 753.127 522.682 488.615 420.891 140.956 107.407 230.445 150.867 141.369 35.7897 99.1507 31169.4 773.492 704.282 607.862 167.066 62.5561 440.796 104.51 96.4197 36.4694 24.3492 69.2106 30395.9 595.908
internal_count=188974 11474 11350 1702 1200 627 9648 3613 3332 2925 913 765 6035 5204 5030 1655 502 177500 7085 6571 5810 2669 955 3141 1714 761 845 744 514 170415 3227
is_linear=0
shrinkage=0.1


Tree=89
num_leaves=32
num_cat=0
split_feature=6 47 81 27 92 85 45 25 46 11 71 30 42 84 27 86 32 77 67 87 84 25 32 21 60 32 38 23 93 10 0
split_gain=7.73993 24.6945 19.8188 14.85 17.5118 18.354 15.0468 13.3225 15.1451 14.7199 17.2005 12.8824 14.15 12.7953 16.6077 19.0067 23.4453 13.7805 13.2406 12.5953 19.611 13.6274 15.6268 20.2995 14.1424 13.0619 12.4831 16.883 16.9673 12.4106 12.2836
threshold=1250.0000000000002 1350.0000000000002 -194.99999999999997 60.650000000000013 0.025703786746387604 -194.99999999999997 2.5833333333333335 11.500000000000002 1.5000000000000002 11.500000000000002 1.0000000180025095e-35 34.350000000000001 431.00000000000006 15.500000000000002 67.15000000000002 54.500000000000007 5.5000000000000009 -0.41386356260422469 2.5000000000000004 55.000000000000007 84.500000000000014 5.5000000000000009 3.5000000000000004 0.71017613041625782 8.5000000000000018 7.5000000000000009 2.5000000000000004 1.0000000180025095e-35 0.12226144585469477 6.5000000000000009 12.500000000000002
decision_type=2 8 8 10 2 8 10 8 10 10 8 10 10 8 10 8 10 10 8 8 10 10 10 10 10 10 10 10 2 2 2
left_child=2 -2 3 7 -5 -6 -7 8 29 11 -11 -10 -13 14 18 -16 -17 26 -4 20 21 -14 -23 24 -24 -21 27 -15 -29 -1 -3
right_child=1 30 13 4 5 6 -8 -9 9 10 -12 12 19 17 15 16 -18 -19 -20 25 -22 22 23 -25 -26 -27 -28 28 -30 -31 -32
leaf_value=-0.0010252002437632949 -0.011343673917180027 0.0010638813929258564 -0.038493276735033111 -0.048637292779078911 -0.018198388935451323 0.083843910804300911 0.031001057387945608 -0.0084450939036265216 -0.034447228607514625 0.051481469852386164 -0.0014548909506875204 -0.026298286425221681 0.032956348449218846 -0.0054265250409585748 -0.089467726144986479 0.057314221067214934 -0.061381041851849276 0.0033842611537190275 -0.0010915600510260071 0.016384381305891198 -0.039709876913513992 0.039477422379684352 -0.058925069234271543 0.035128926476008869 0.0064549088593689992 0.080493071062104141 0.063957546790292585 -0.018765291322345848 -0.096753761201844091 -0.070286323835316813 -0.0054890884328424499
leaf_weight=87.045853695832193 2064.826774542802 19119.374951696605 108.69177139177918 28.771501275477931 62.262487925123423 65.78538649296388 297.88840992376208 441.00266245217063 63.837058424949646 196.17823278345168 89.33068582881242 85.786426350008696 270.43842591159046 217.87798017798923 54.311680226121098 29.308941999450326 38.503217594698071 4139.9493733854033 732.68277115747333 71.040515337139368 68.700216857716441 77.907405100762844 87.242482414469123 60.550097715109587 53.297340702265501 57.509545188397169 17.932136071147397 63.504218826186843 49.752021777676418 36.812089692801237 3363.825249311165
leaf_count=482 12535 110175 521 477 524 568 2189 2436 314 752 478 468 1113 3732 467 122 377 21870 3304 320 361 293 454 239 255 331 232 1552 728 256 21049
internal_value=0 -0.000877721 0.00276445 0.0107729 0.0268703 0.0319707 0.0405599 0.0065823 0.0116579 0.0151445 0.0349186 0.00884574 0.0121656 -0.000468864 -0.0109251 -0.0453858 -0.01008 0.00177542 -0.00592325 0.0165847 0.0106619 0.0169602 0.00145487 -0.0132761 -0.0341308 0.0450647 -0.0173056 -0.0217063 -0.0530246 -0.0216104 8.34584e-05
internal_weight=0 24548 7653.9 2201.39 454.708 425.936 363.674 1746.68 1305.68 1181.82 285.509 896.31 832.472 5452.51 963.498 122.124 67.8122 4489.02 841.375 746.686 618.136 549.436 278.997 201.09 140.54 128.55 349.066 331.134 113.256 123.858 22483.2
internal_count=188974 143759 45215 12310 3758 3281 2757 8552 6116 5378 1230 4148 3834 32905 4791 966 499 28114 3825 3366 2715 2354 1241 948 709 651 6244 6012 2280 738 131224
is_linear=0
shrinkage=0.1


Tree=90
num_leaves=32
num_cat=0
split_feature=3 16 63 59 14 19 21 86 39 8 82 57 0 91 15 13 44 11 12 53 18 21 86 43 88 60 29 5 48 77 85
split_gain=7.66068 14.5362 14.0143 13.0483 16.3768 18.1934 20.9344 14.7028 14.6101 15.8398 13.286 12.9229 13.6466 12.785 12.7111 19.0075 14.5471 25.6601 19.9614 14.9883 17.9422 12.5415 12.6274 15.9564 12.3517 14.4905 13.4064 12.7579 18.8913 21.5242 19.9674
threshold=54.250000000000007 33.95000000000001 1.1861538505877973 16.416666666666668 435.00000000000006 1850.0000000000002 -0.57496371404689961 35.500000000000007 14.500000000000002 2.5000000000000004 181.50000000000003 -9.4999999999999982 14.500000000000002 52.541666666666679 6.5000000000000009 92.550000000000011 36.050000000000004 7.5000000000000009 55.750000000000007 5.5000000000000009 6.5000000000000009 1.5815814950379998 99.500000000000014 -12.499999999999998 97.500000000000014 10.500000000000002 -14.499999999999998 1.0000000180025095e-35 2.0000000000000004 1.0140695979103949 -214.99999999999997
decision_type=2 8 10 8 8 10 8 10 10 2 10 10 2 2 8 10 8 10 10 8 8 10 10 10 10 10 10 2 10 10 10
left_child=1 2 -1 11 10 6 -6 8 9 -8 -5 12 13 -3 -2 -16 17 -17 -18 -20 -21 22 23 -13 26 -26 -25 28 29 -28 -30
right_child=14 3 -4 4 5 -7 7 -9 -10 -11 -12 21 -14 -15 15 16 18 -19 19 20 -22 -23 -24 24 25 -27 27 -29 30 -31 -32
leaf_value=0.023921694528579205 -0.002178954909439024 -0.039637824830017189 -0.027282443187224212 -0.061566694063358685 -0.10816321394212534 0.045354418319623974 -0.013736723735766563 -0.084392031318433799 0.088088966826387366 0.077050639281091932 0.11282169877251472 -0.043715583662651505 0.076600142723880799 0.020387497196865001 0.0074887567326367274 -0.058309657630477678 -0.087719929795774365 0.062700989855882058 0.036146212727665987 0.034805246372533204 -0.081560611704684927 0.037820991932107251 0.014180245211266696 0.057247246521295016 0.023686577868432049 -0.015426535549779739 0.010071142350771486 0.0030259270153668539 0.033015344100505044 -0.02371273729144133 -0.010771430489365274
leaf_weight=473.6580956147518 17620.353490306879 39.949603007175028 60.25106240157038 86.362632676726207 22.317490934976377 59.365145301446319 287.64556756371167 23.646627916954458 16.800925739575177 20.593418439151719 4.6015366807114324 82.560631356202066 38.146816327236593 317.42583472887054 2590.3659586489666 29.261350926710293 55.972207409446128 43.682188280625269 38.135496670380235 19.59183859732002 40.935555096366443 93.316230413038284 677.97464155498892 40.078577248379588 426.68172670714557 121.74614675249904 1215.1045497192536 4488.8782662404701 108.12410377105698 223.23138193879277 2829.3708769422956
leaf_count=2383 96379 238 336 3898 963 1012 6648 426 271 462 86 478 165 1599 12859 306 696 337 310 103 677 429 3404 193 1920 755 6176 24603 536 1247 19079
internal_value=0 0.00202203 0.0181434 0.00125516 -0.0141935 -0.00604514 -0.0142697 -0.00826009 -0.0027215 -0.00767123 -0.052745 0.00200768 0.0197462 0.0136775 -0.00118165 0.00505442 -0.022654 0.0141575 -0.0400184 -0.012957 -0.0438947 0.00132699 0.000993565 5.6018e-05 0.000438302 0.0150038 -0.000458759 -0.000719655 -0.004562 0.00482785 -0.00915972
internal_weight=0 11757.8 533.909 11223.9 521.333 430.369 371.004 348.687 325.04 308.239 90.9642 10702.6 395.522 357.375 20438.3 2817.94 227.579 72.9435 154.635 98.6629 60.5274 10307.1 10213.8 9535.78 9453.22 548.428 8904.79 8864.71 4375.83 1438.34 2937.49
internal_count=188974 77307 2719 74588 13766 9782 8770 7807 7381 7110 3984 60822 2002 1837 111667 15288 2429 643 1786 1090 780 58820 58391 54987 54509 2675 51834 51641 27038 7423 19615
is_linear=0
shrinkage=0.1


Tree=91
num_leaves=32
num_cat=0
split_feature=25 71 63 83 70 24 28 56 19 14 9 90 68 17 94 90 27 27 46 59 28 1 73 86 2 90 30 55 68 13 6
split_gain=7.51898 20.6567 16.8077 17.4628 15.1561 16.4471 14.5559 16.8958 16.2264 14.9641 14.7169 17.24 14.3177 22.5842 16.9759 12.7646 13.2116 12.3842 11.7154 12.3716 12.8281 16.467 11.6939 11.4691 11.3416 12.7309 11.3202 14.1295 11.3356 12.8181 16.2418
threshold=3.5000000000000004 -5.4999999999999991 -0.72507976425484688 -589.99999999999989 453.00000000000006 1.0000000180025095e-35 419.00000000000006 403.00000000000006 2150.0000000000005 429.00000000000006 1.0000000180025095e-35 14.500000000000002 54.500000000000007 10.41666666666667 0.13409573641402886 20.500000000000004 16.450000000000003 210.55000000000004 10.500000000000002 3.5833333333333335 505.00000000000006 1.0000000180025095e-35 3.8750000000000004 125.50000000000001 8.5000000000000018 35.500000000000007 44.45000000000001 22.250000000000004 52.250000000000007 33.650000000000013 1175.0000000000002
decision_type=8 8 10 10 8 10 10 10 10 10 2 10 10 10 2 10 10 10 10 8 10 2 10 8 2 8 10 10 8 10 2
left_child=1 12 3 -3 5 -5 7 -4 9 10 11 -8 13 -1 -14 -16 -17 -11 -6 -20 21 -21 -10 -19 26 -26 28 -28 29 -2 -31
right_child=24 2 6 4 18 -7 8 -9 22 17 -12 -13 14 -15 15 16 -18 23 19 20 -22 -23 -24 -25 25 -27 27 -29 -30 30 -32
leaf_value=0.039453180736608598 -0.0011541966261065368 0.044342183878102508 -0.038125496576449806 -0.01337438329400626 -0.027592228341377208 0.048681774079106288 -0.032990617474420857 0.042113765161193646 -0.017464173321431048 -0.0027670297710835302 -0.00044206715757102804 -0.12855578318693758 -0.05799374248478454 -0.038592693610946527 0.031463129322603561 0.013494011423495151 -0.032248315349960595 -0.06527710973121692 -0.069429087532708308 -0.03694000992478743 0.093898935426690852 0.055982709136064769 0.03790303353612598 0.028092441141241778 0.013959756693835756 -0.083639536683984814 -0.1227339901629026 0.0078555274421772247 0.001526628990647462 0.037018401515796988 -0.026092014535640543
leaf_weight=273.76806159131229 1108.3072449159808 46.631419355981052 32.531942231347784 126.74413344729692 815.95648477959912 64.414911465253681 64.565298753557727 135.73671099892817 50.664013394154608 4456.8095039925538 71.929106899304315 26.676926678046584 43.862419209443033 42.885101653635502 143.35793281532824 150.28784569352865 108.89206660911441 57.414986807387322 18.106744003482163 44.825535517302342 19.168099039467052 33.192501342273317 154.39728737436235 17.066341705154628 22.375663267914206 33.188184203114361 16.589196909801103 16.552076042629778 23487.610094916541 44.789695071056485 455.34472928917967
leaf_count=1179 4932 247 259 667 6442 283 482 794 251 23365 448 189 335 273 659 589 614 612 110 523 152 497 654 227 162 326 255 140 139290 258 3760
internal_value=0 -0.00291146 -0.00481158 -0.0156201 -0.0181113 0.0075367 -0.00231827 0.0266008 -0.00331146 -0.00451423 -0.0342666 -0.0609315 0.0126192 0.0288832 0.00108231 0.00751952 -0.00572421 -0.00344285 -0.0233761 0.0064625 0.0206019 0.00259364 0.0242236 -0.0438828 0.000793548 -0.0443361 0.000893336 -0.0575124 0.000970465 -0.00715104 -0.0204401
internal_weight=0 6999.89 6236.83 1169.04 1122.41 191.159 5067.79 168.269 4899.52 4694.46 163.171 91.2422 763.053 316.653 446.4 402.538 259.18 4531.29 931.249 115.293 97.1861 78.018 205.061 74.4813 25184.8 55.5638 25129.2 33.1413 25096.1 1608.44 500.134
internal_count=188974 39851 36202 8921 8674 950 27281 1053 26228 25323 1119 671 3649 1452 2197 1862 1203 24204 7724 1282 1172 1020 905 839 149123 488 148635 395 148240 8950 4018
is_linear=0
shrinkage=0.1


Tree=92
num_leaves=32
num_cat=0
split_feature=4 48 18 4 82 77 83 84 86 4 82 71 83 13 18 19 63 59 77 43 59 49 41 86 21 59 11 18 30 76 2
split_gain=7.62071 36.3159 19.4897 33.4484 27.295 20.6426 24.0703 18.682 25.8321 18.6209 19.927 18.7207 18.3518 17.8594 16.7133 19.476 20.6037 16.6098 17.5129 18.0919 20.8831 17.3714 18.0669 20.1159 16.4184 15.9898 16.0266 17.3271 18.8147 15.642 24.8734
threshold=3.5000000000000004 3.5000000000000004 2.5000000000000004 2.0000000000000004 24.500000000000004 -1.6001464959548317 -609.99999999999989 35.500000000000007 28.500000000000004 4.5000000000000009 10.500000000000002 -6.4999999999999991 -244.99999999999997 50.150000000000013 1.5000000000000002 3105.0000000000005 -2.9328841124351421 9.8750000000000018 1.1824924835095547 1.0000000180025095e-35 9.4166666666666696 0.68454656086855936 7.5500000000000007 14.500000000000002 1.1568629139618565 11.41666666666667 13.500000000000002 2.5000000000000004 37.650000000000013 4.5000000000000009 5.5000000000000009
decision_type=2 8 10 2 10 10 8 10 8 2 8 8 8 10 10 10 8 10 10 10 10 10 10 10 8 10 10 10 10 8 2
left_child=2 13 3 14 5 6 -4 -7 -9 10 11 -3 -12 25 15 16 -1 18 19 20 24 -19 -23 -24 -14 26 27 28 -2 30 -11
right_child=1 9 4 -5 -6 7 -8 8 -10 29 12 -13 17 -15 -16 -17 -18 21 -20 -21 -22 22 23 -25 -26 -27 -28 -29 -30 -31 -32
leaf_value=-0.1122160449710983 0.0076901108044053583 0.097169967997138285 0.15096342112293537 0.069180758621713689 0.0049769292973150143 -0.0075238749927532189 -0.025782736429598503 -0.0060744648049748254 0.022039073567527007 -0.0057587011689361478 -0.01616134494115426 0.020879390707233953 0.013349147754752903 -0.027708882613489822 0.012042903618399724 0.046293436494721917 -0.017515403411850049 0.003474764197786247 0.029972920188514818 -0.00097499910598040918 0.062061655595233717 0.024953400214068628 0.0033277610096499122 -0.048200229554376119 -0.016137948507785414 0.013416005591344782 -0.03079681231183817 -0.014597056530138864 -0.016915483844752648 0.0010178436457184586 -0.050760000830915322
leaf_weight=29.884209143929183 1070.031012326479 36.419639699161053 7.8140255324542522 96.502436532173306 5747.9989131616894 2766.6366792777553 553.08063912711805 705.15836245007813 609.18992486037314 3042.1390332682058 425.41399736562744 275.30845198151655 1976.8979100025026 478.14591670362279 1398.6850767582655 33.357059428468347 99.356473424471915 828.05193986115046 341.87246680585667 1832.2423324505799 81.584236157126725 69.11395286815241 113.37172233266756 228.38185132388026 208.76955774100497 342.3693068344146 313.53980369633064 1515.262495000381 437.95685920864344 6383.0642259670421 127.99196215718985
leaf_count=157 4158 164 41 2891 35059 21473 14721 3423 2665 13164 2365 1463 10309 3521 6113 115 1161 4388 1564 9372 358 284 815 1469 1275 1405 1425 6780 1829 34251 796
internal_value=0 -0.00120235 0.00197753 0.0120467 0.000370916 -0.00533267 -0.0233204 -0.00286041 0.00695594 0.000964826 0.00513096 0.0297925 0.00387186 -0.00952772 0.00851523 -0.0218302 -0.0394129 0.0053722 0.00822822 0.00641484 0.0123868 -0.00486623 -0.0216765 -0.0311066 0.0105326 -0.00716489 -0.00927658 -0.00704472 0.000544039 -0.0018338 -0.0075756
internal_weight=0 20127.9 12047.7 1657.79 10389.9 4641.88 560.895 4080.98 1314.35 15970.6 6417.43 311.728 6105.7 4157.31 1561.28 162.598 129.241 5680.29 4441.37 4099.49 2267.25 1238.92 410.868 341.754 2185.67 3679.16 3336.79 3023.25 1507.99 9553.2 3170.13
internal_count=188974 101155 87819 10437 77382 42323 14762 27561 6088 82037 33826 1627 32199 19118 7546 1433 1318 29834 22878 21314 11942 6956 2568 2284 11584 15597 14192 12767 5987 48211 13960
is_linear=0
shrinkage=0.1


Tree=93
num_leaves=32
num_cat=0
split_feature=55 70 41 90 73 55 72 82 62 82 17 35 69 58 92 88 92 59 57 88 77 73 49 92 11 57 91 39 45 84 72
split_gain=7.60509 13.9878 12.4803 15.4103 16.0626 11.1495 10.5133 8.12302 15.2524 15.221 16.0855 16.861 22.125 18.5004 15.5615 18.4258 15.352 14.2186 14.1497 20.0348 18.3693 17.5005 16.8681 19.9096 16.7888 14.7831 14.6763 14.2678 13.8389 16.2806 16.246
threshold=447.55000000000007 449.00000000000006 404.50000000000006 34.500000000000007 11.125000000000002 384.15000000000003 38.350000000000001 18.500000000000004 2.0000000000000004 10.500000000000002 12.875000000000002 -0.54933414449920126 124.55000000000001 38.250000000000007 0.035569980320724261 15.500000000000002 0.044215935891600909 5.1250000000000009 -1.0000000180025095e-35 43.500000000000007 0.82733987692002131 1.4166666666666667 0.61131921930370714 0.044535649908192858 5.5000000000000009 3.5000000000000004 54.958333333333336 15.500000000000002 6.416666666666667 17.500000000000004 38.850000000000001
decision_type=10 8 10 8 10 10 8 8 10 10 10 10 10 10 2 8 2 10 10 8 8 8 10 2 10 10 2 10 10 8 8
left_child=2 -2 5 -4 6 7 -5 8 18 28 11 12 13 -11 -13 16 -16 -12 21 20 22 -1 23 -20 26 -26 -25 -23 30 -30 -10
right_child=1 -3 3 4 -6 -7 -8 -9 9 10 17 14 -14 -15 15 -17 -18 -19 19 -21 -22 27 -24 24 25 -27 -28 -29 29 -31 -32
leaf_value=-0.08927458800734861 0.10262613832361581 -0.0046243594045469816 -0.10873797109912893 -0.00143656109850087 0.060190721850750528 -0.055025376501736091 -0.13480921663423714 0.00081910496648413998 -0.014012516912935272 -0.0095258721462585204 -0.085051693768084149 0.022123915268037562 0.051754397521690143 -0.050138520949770643 -0.03094372021846676 -0.0042237461859464661 0.031086024390084344 -0.017092739077611992 0.01870858863025672 0.012101496609438203 -0.050551598692532507 -0.020933861070060514 0.036854522883372723 -0.023947077856742299 0.011194899038709068 -0.047594411717327423 -0.10573557662371494 0.044046785389036114 -0.026391562579587802 0.039630058217745567 0.044578098846201827
leaf_weight=35.936811178922653 20.42569334525615 30.05200522672385 23.376688506454229 12.853787281550469 19.197871262440458 36.757335448404774 10.940946785849517 26355.490739095665 213.4459313005209 397.75877433735877 36.496731458697468 370.02693156804889 45.23925188742578 156.2171232458204 46.779140808619559 1730.7809825157747 271.29165221657604 196.77946357149631 120.16026467829943 467.36144390515983 120.06831523356959 704.0489513434004 74.721024924889207 42.558585528284311 105.435880407691 71.969411142170429 45.285333622246981 35.493511231150478 43.699680746998638 257.07872580457479 60.806795971468091
leaf_count=196 193 301 292 126 163 372 284 157280 1055 1872 254 2092 277 879 271 8028 1127 1355 601 2153 647 5374 306 194 426 350 253 187 308 1415 343
internal_value=0 0.0387743 -7.1435e-05 -0.0433906 -0.00785884 1.82938e-05 -0.062762 8.15109e-05 -0.00335948 0.000227009 -0.00242539 -0.000469913 -0.0154872 -0.0209783 0.00325023 -0.000158392 0.0219632 -0.0277251 -0.0108872 -0.00330717 -0.0157191 -0.0211267 -0.00662983 -0.0150603 -0.030358 -0.0126546 -0.0661107 -0.0178152 0.0152244 0.0300379 -0.00102192
internal_weight=0 50.4777 32108.1 66.3693 42.9926 32041.7 23.7947 32004.9 5649.44 3826.4 3251.37 3018.09 599.215 553.976 2418.88 2048.85 318.071 233.276 1823.04 1047.56 580.199 775.479 460.131 385.409 265.249 177.405 87.8439 739.542 575.031 300.778 274.253
internal_count=188974 494 188480 865 573 187615 410 187243 29963 19276 16155 14546 3028 2751 11518 9426 1398 1609 10687 4930 2777 5757 2130 1824 1223 776 447 5561 3121 1723 1398
is_linear=0
shrinkage=0.1


Tree=94
num_leaves=32
num_cat=0
split_feature=15 13 72 10 91 89 90 94 27 17 28 92 25 86 74 73 29 69 58 58 5 16 0 6 44 18 88 44 92 82 35
split_gain=7.44546 7.33766 9.50894 7.60276 11.7114 14.3643 13.3191 15.9595 14.3962 14.2586 15.4156 15.1797 18.2713 15.8613 14.7885 13.4971 12.1459 12.1002 11.9823 11.1749 10.545 25.419 22.7977 27.2462 20.6554 19.4164 18.9384 33.9174 18.4513 18.1133 24.7626
threshold=27.000000000000004 1.7500000000000002 39.350000000000001 8.5000000000000018 52.366666666666674 325.00000000000006 18.500000000000004 0.15178529117183123 7.1500000000000012 9.2916666666666696 451.00000000000006 0.029829321114626006 8.5000000000000018 20.500000000000004 11.500000000000002 8.4166666666666696 -10.499999999999998 28.650000000000002 36.750000000000007 34.95000000000001 1.0000000180025095e-35 35.45000000000001 6.5000000000000009 1175.0000000000002 39.750000000000007 1.5000000000000002 223.50000000000003 37.95000000000001 0.029156040743889153 42.500000000000007 -0.71409566302011884
decision_type=10 8 8 2 2 10 8 2 10 10 10 2 8 10 8 10 8 10 10 10 2 8 2 2 8 8 10 10 2 10 10
left_child=1 2 -1 20 -5 6 7 15 -9 11 14 12 13 -8 18 -6 -13 -7 19 -11 21 24 -23 -24 -3 28 -27 -28 -22 -25 -31
right_child=-2 3 -4 4 5 17 9 8 -10 10 -12 16 -14 -15 -16 -17 -18 -19 -20 -21 25 22 23 29 -26 26 27 -29 -30 30 -32
leaf_value=0.018806927776761115 -0.044893058210265735 0.00039688518279164958 -0.031031331101853299 0.031239366950657949 -0.088209787246879306 0.060085047668170313 0.049698801418722113 -0.049758133227118542 0.0085187952624289527 -0.018358877933723081 0.029431374291421765 -0.056203414316089467 0.080303676400527199 -0.059596577333226188 -0.06702680513976042 -0.0019689254111654696 -0.0011654334241254557 -0.00097460059490569637 -0.042723656698777951 0.052195221368136896 -0.073989333698455201 -0.00085782668028798904 0.041389250351926019 -0.021698972137126543 0.031659187673295112 0.0025270074569169131 0.0018312287024222192 -0.10168795429083366 -0.0081629445443209062 0.015203675371173392 -0.014521544169100141
leaf_weight=358.28315737936646 36.916997600113973 6706.921293554944 42.863027333747596 158.04258159780875 49.764374099671841 79.390306480228901 27.091050415765494 54.934285402297974 185.61972895823419 35.718302742112428 380.23547218902968 41.144307276932523 50.107962803915143 26.041870635934174 33.054280340322293 28.563689870759845 1574.2753510585753 54.897551402449608 34.485090281348675 60.429680016823113 43.994237476028502 2763.7275710176909 88.76821262948215 1715.0871255645761 218.22116982610896 14433.277263658179 89.960064403712749 48.830475371330976 1326.6280609811656 385.5150286606513 1026.3647685432807
leaf_count=1657 281 34873 247 1129 349 298 211 252 856 207 2366 265 360 180 785 186 8474 284 232 318 243 18107 465 13983 1993 85307 456 346 5893 2107 6264
internal_value=0 4.16627e-05 0.0134816 -0.0001283 0.00477667 0.00323668 0.00157792 -0.0175554 -0.00478966 0.00427453 0.0183857 -0.000191384 0.0369838 -0.0038698 -0.00727276 -0.0567606 -0.00256724 0.0351236 0.00784689 0.0259849 -0.000616938 -0.00274204 -0.00751832 -0.0132426 0.00138201 0.0011032 0.00217349 -0.0345898 -0.0102758 -0.0147935 -0.00640505
internal_weight=0 32122.2 401.146 31721.1 2873.8 2715.75 2581.47 318.882 240.554 2262.58 543.923 1718.66 103.241 53.1329 163.687 78.3281 1615.42 134.288 130.633 96.148 28847.3 12904.6 5979.46 3215.74 6925.14 15942.7 14572.1 138.791 1370.62 3126.97 1411.88
internal_count=188974 188693 1904 186789 16752 15623 15041 1643 1108 13398 3908 9490 751 391 1542 535 8739 582 757 525 170037 77792 40926 22819 36866 92245 86109 802 6136 22354 8371
is_linear=0
shrinkage=0.1


Tree=95
num_leaves=32
num_cat=0
split_feature=44 46 88 17 77 88 63 21 88 73 53 40 63 45 4 83 15 55 71 90 92 59 6 46 68 55 91 72 92 46 55
split_gain=6.94499 16.8368 14.652 12.5591 17.3959 15.0306 14.727 16.8436 15.1902 13.9881 15.0381 15.6535 22.1279 13.8777 13.1454 13.1233 20.8542 17.1572 16.2799 21.0564 19.4844 14.6117 12.8213 13.8175 12.7241 12.6611 14.857 12.3786 12.1622 12.0653 12.0538
threshold=38.750000000000007 2.5000000000000004 230.50000000000003 4.5833333333333348 -0.57496371404689961 111.50000000000001 -0.73606386548957459 -0.26374751239627753 110.50000000000001 12.875000000000002 2.5000000000000004 55.750000000000007 -0.61157738482932578 8.4166666666666696 2.0000000000000004 95.000000000000014 -7.4999999999999991 86.450000000000017 1.5000000000000002 14.500000000000002 0.026448819858970355 9.2916666666666696 1250.0000000000002 7.5000000000000009 54.500000000000007 8.8500000000000032 55.458333333333336 36.150000000000013 0.030787141475990955 8.5000000000000018 55.850000000000001
decision_type=10 10 10 10 10 10 10 10 8 10 10 10 10 10 2 10 10 8 10 8 2 8 2 10 8 10 2 10 2 10 10
left_child=-1 -2 3 4 6 -6 7 14 -8 15 -11 12 -12 -14 -3 18 24 27 20 -20 21 -5 -21 25 -17 -24 -27 -18 -22 -10 -29
right_child=1 2 -4 9 5 -7 8 -9 29 10 11 -13 13 -15 -16 16 17 -19 19 22 28 -23 23 -25 -26 26 -28 30 -30 -31 -32
leaf_value=0.00063466968175506866 -0.022503125268539252 0.054478800808332589 -0.060398391993706793 0.062190707576415205 0.0075502583238065664 0.047744622721367314 -0.049011287397340696 -0.043965224999123219 -0.028662075326471043 0.067592055344973548 0.049686666868737787 0.039406845502659077 0.0041795622306485727 -0.07782085924766502 -0.0028305148283014332 -0.00035034845325186052 -0.020767047194317684 -0.029828643966159432 -0.05002035125706026 -0.031697095551692089 -0.058536585947933255 -0.031167641768981298 0.029382843904065981 0.032542752427910167 -0.096135201730294439 -0.07419667474214757 0.0048357472768464221 0.020772342408893307 -0.018028100188482252 0.025958044905057959 0.076577764967475939
leaf_weight=26972.477032911032 422.13807402178645 77.296870111953467 42.098536536097527 51.123447091784328 1414.3602159901056 99.585241261869669 141.90342677105218 45.789764892542735 90.69786427100189 47.520841441350058 34.705128429224715 79.709943379275501 34.464246420189738 51.448756901780143 83.003298904048279 25.624030400067568 61.609043888747692 80.844039198476821 65.385491928085685 61.97758065816015 78.940570318722166 24.94453402957879 63.603018469177186 237.43625962245278 30.23012971598655 40.612047962844372 57.410483285784721 305.3586053205654 1213.1397328184685 72.987113518174738 44.323576940223575
leaf_count=156844 2156 429 281 408 6697 407 820 482 664 276 223 509 196 469 526 162 446 912 406 379 982 516 264 1352 281 262 293 1468 9129 514 221
internal_value=0 -0.00336301 -0.00166492 -0.00114062 0.00480668 0.0101942 -0.0111338 0.00952468 -0.0250659 -0.00561837 0.0170176 0.00502056 -0.0177035 -0.0449262 0.0248041 -0.00791526 0.00571389 0.0122859 -0.0118574 0.00308666 -0.0176074 0.0315762 0.0106184 0.0171903 -0.0521923 -0.00536313 -0.0279084 0.020564 -0.020503 -0.00430697 0.0278459
internal_weight=0 5180.27 4758.13 4716.04 2025.62 1513.95 511.678 206.09 305.588 2690.41 247.849 200.328 120.618 85.913 160.3 2442.56 547.989 492.135 1894.57 526.425 1368.15 76.068 461.039 399.062 55.8542 161.626 98.0225 411.291 1292.08 163.685 349.682
internal_count=188974 32130 29974 29693 10539 7104 3435 1437 1998 19154 1673 1397 888 665 955 17481 3490 3047 13991 2956 11035 924 2550 2171 443 819 555 2135 10111 1178 1689
is_linear=0
shrinkage=0.1


Tree=96
num_leaves=32
num_cat=0
split_feature=10 20 91 81 69 58 16 15 58 13 40 74 27 53 45 92 75 17 70 42 84 32 31 37 13 67 68 36 41 1 26
split_gain=6.93141 14.6981 17.0507 16.6806 16.4506 14.2922 14.129 16.9228 23.0606 22.3657 18.2089 18.191 14.3692 13.7265 17.2259 20.1938 18.0598 17.789 13.698 13.6571 13.4383 15.5575 12.6822 13.4197 12.4923 15.8435 12.4898 12.2297 12.0522 11.2015 16.6887
threshold=2.5000000000000004 5.5000000000000009 54.408333333333339 -144.99999999999997 18.050000000000004 39.250000000000007 13.450000000000001 -1.4999999999999998 40.550000000000004 10.050000000000002 55.750000000000007 14.500000000000002 72.15000000000002 7.5000000000000009 3.1250000000000004 0.045127451092139358 1175.0000000000002 2.416666666666667 473.00000000000006 467.00000000000006 14.500000000000002 1.5000000000000002 7.1250000000000009 1.0000000180025095e-35 44.650000000000013 8.5000000000000018 53.500000000000007 1.0000000180025095e-35 24.150000000000002 1.0000000180025095e-35 56.750000000000007
decision_type=2 8 2 8 8 8 10 8 8 10 10 8 10 8 10 2 8 10 10 10 8 10 10 10 10 10 8 10 8 2 8
left_child=1 2 13 4 -3 19 -4 11 12 -10 -11 -8 18 20 15 26 -16 -18 -9 -5 -1 -22 27 -24 25 -17 -15 -14 -28 30 -2
right_child=29 3 6 5 -6 -7 7 8 9 10 -12 -13 22 14 16 24 17 -19 -20 -21 21 -23 23 -25 -26 -27 28 -29 -30 -31 -32
leaf_value=-0.0083558398568999905 0.0031617978876512416 0.021716025565801239 0.03897460431797526 0.029727481426331904 0.094869013467028154 0.065487721746819549 -0.01251837288536076 0.011182476014590621 -0.029211627126059334 0.010859685226299258 0.10767424264328024 -0.071500761446046598 -0.11815210056242312 -0.0085874551260361545 0.065843425043741008 -0.040229639280835082 0.026216870207884747 -0.019806053105301202 -0.010316102635829449 -0.011315557502550483 -0.029849864066705208 0.024469960932589706 0.021186099572626779 -0.055462369205623155 0.056944132466814602 0.016069300547661067 0.093638364947169789 -0.02416689754742854 0.021204364533708695 -0.002997006047008679 -0.004168435584817688
leaf_weight=187.78154083434492 11128.840908859798 78.32152247428894 73.715359324589372 123.31312382640317 50.602347544394433 40.375067992601544 866.79645149968565 642.18304229690693 30.107081464026123 31.059261451591738 51.870593261905015 55.645924473647028 26.763975619105622 28.449722056742758 30.500080451834947 90.399119718000293 98.879651930183172 557.54829316819087 550.37540833931416 236.68307194905356 56.254115286283195 840.63648437219672 57.279788303654641 37.99291958892718 33.366904941736721 111.81334588024765 61.658327555283904 28.683080746093765 36.610293365898542 11594.727177185938 4308.2829161089612
leaf_count=921 63474 306 295 532 233 310 4161 2979 189 508 310 575 224 147 167 605 437 3755 2516 1168 336 4454 396 317 352 489 251 194 674 73457 24242
internal_value=0 0.003366 0.00154507 0.0191445 0.0504284 0.00907073 -0.00414244 -0.00547859 0.00123419 0.0446132 0.0714148 -0.0160765 -0.00241616 0.00808167 -7.30313e-05 0.0175702 -0.0093784 -0.0128735 0.00126071 0.00274333 0.0159699 0.021063 -0.0315091 -0.00937983 0.000255064 -0.00909915 0.0497605 -0.069533 0.0666528 -0.000648166 0.00111603
internal_weight=0 5115.67 4586.37 529.295 128.924 400.371 2452.47 2378.76 1456.32 113.037 82.9299 922.442 1343.28 2133.9 1049.23 362.298 686.928 656.428 1192.56 359.996 1084.67 896.891 150.72 95.2727 235.579 202.212 126.718 55.4471 98.2686 27031.9 15437.1
internal_count=188974 27801 25252 2549 539 2010 12664 12369 7633 1007 818 4736 6626 12588 6877 2518 4359 4192 5495 1700 5711 4790 1131 713 1446 1094 1072 418 925 161173 87716
is_linear=0
shrinkage=0.1


Tree=97
num_leaves=32
num_cat=0
split_feature=94 40 27 23 55 70 55 41 55 21 39 63 17 84 73 15 17 46 42 82 3 32 27 55 28 81 86 18 70 41 41
split_gain=6.96819 12.0098 13.0822 11.2871 6.89241 11.6087 10.1669 9.09881 15.705 8.21253 7.42578 16.6866 27.5999 16.128 15.8587 14.2223 12.8526 12.8111 11.2864 10.9911 10.4477 10.1517 12.2892 19.158 14.2158 12.4138 8.65718 8.58933 20.7942 22.7316 24.4496
threshold=0.053963118731801957 54.500000000000007 83.550000000000011 1.0000000180025095e-35 447.55000000000007 449.00000000000006 384.15000000000003 404.50000000000006 131.25000000000003 -0.15756786712724183 15.500000000000002 -0.13193829757954342 12.125000000000002 21.500000000000004 3.1250000000000004 9.5000000000000018 7.8750000000000009 13.500000000000002 483.00000000000006 28.500000000000004 55.750000000000007 4.5000000000000009 17.650000000000002 75.450000000000017 457.00000000000006 95.000000000000014 13.500000000000002 14.500000000000002 439.00000000000006 143.45000000000002 166.15000000000001
decision_type=2 8 10 10 10 8 10 10 8 10 10 10 10 10 10 10 10 10 10 10 2 10 10 10 10 10 10 10 10 10 10
left_child=1 2 -1 -3 6 -6 7 10 -9 -8 27 12 13 14 -12 17 -16 21 19 -19 -14 -13 25 24 -24 -23 -25 -2 -29 -30 -31
right_child=4 3 -4 -5 5 -7 9 8 -10 -11 11 15 20 -15 16 -17 -18 18 -20 -21 -22 22 23 26 -26 -27 -28 28 29 30 -32
leaf_value=0.042506662447736279 0.00014324369789439395 -0.11266934024642167 -0.070589826419332702 -0.010716869876510769 0.094251046894903198 -0.0031360317018752195 -0.090961000048071547 0.018153483358552585 -0.088550318330120573 -0.002670993664887373 0.088190436336253439 -0.015535912968391428 0.045666285521406599 -0.004215855642973762 -0.012612139795807442 0.042678771491369935 0.060019507219588555 -0.06769854819494607 -0.098171672670436 0.02069261086906702 0.12987238512107971 0.040932547404756353 0.0084782037528388001 0.071926470983768392 -0.056766538933971891 -0.017102985279118299 -0.00353503003571525 -0.040561767118760222 -0.0071098531427099126 0.160594606698653 0.014928829775450443
leaf_weight=32.714657576056197 29715.477977547154 23.454763243091293 14.879848249023778 20.220565024355892 20.811098668025807 29.719506943365559 22.174553935416043 25.174846197478473 30.510897502768785 20.071969668148085 45.349273984902538 256.17406168347225 29.671288516838104 209.1752015016973 59.767851585056633 69.511369713116437 41.12889798427932 24.755457193474285 24.834601486800238 32.584167648106813 29.269414452835917 155.48500144551508 58.555560079170391 34.288615949917585 77.718418222619221 48.307563783600926 27.31279928330332 175.66432996321237 734.18842013063841 16.72796881548129 37.030781000852585
leaf_count=285 168528 510 375 321 182 293 240 213 498 225 351 1239 242 1042 326 329 210 237 190 210 144 656 372 278 505 224 204 5077 4855 123 490
internal_value=0 -0.0276007 0.00714841 -0.0654679 6.96251e-05 0.036973 1.13534e-05 7.61593e-05 -0.0403108 -0.0490131 0.000146654 0.00778511 0.0241058 0.0135959 0.0390719 -0.000568736 0.016995 -0.00463107 -0.0418588 -0.0174688 0.0874823 1.92199e-05 0.00993991 -0.00781124 -0.0287315 0.0271756 0.0384684 -0.000158069 -0.00944985 -0.00251378 0.0602553
internal_weight=0 91.2698 47.5945 43.6753 32051.4 50.5306 32000.9 31958.7 55.6857 42.2465 31903 1223.89 414.362 355.421 146.246 809.528 100.897 740.016 82.1742 57.3396 58.9407 657.842 401.668 197.875 136.274 203.793 61.6014 30679.1 963.611 787.947 53.7587
internal_count=188974 1491 660 831 187483 475 187008 186543 711 465 185832 6759 2315 1929 887 4444 536 4115 637 447 386 3478 2239 1359 877 880 482 179073 10545 5468 613
is_linear=0
shrinkage=0.1


Tree=98
num_leaves=32
num_cat=0
split_feature=29 45 84 77 14 10 43 27 68 27 17 59 43 35 86 16 19 45 82 55 16 21 18 77 30 43 0 89 21 71 6
split_gain=6.75674 14.9154 16.344 14.2424 12.0501 11.2754 13.8006 12.4263 11.8825 10.066 8.87318 7.82639 7.91742 7.61075 18.5031 16.6198 12.1248 17.4936 15.0361 17.4106 17.3602 16.6983 25.4889 19.5806 14.2347 11.8376 15.098 13.5576 11.6379 12.3208 14.9676
threshold=14.500000000000002 4.291666666666667 19.500000000000004 0.23785977732296051 469.00000000000006 6.5000000000000009 -1.0000000180025095e-35 37.350000000000001 55.250000000000007 13.050000000000002 7.416666666666667 8.5833333333333339 -6.4999999999999991 -1.9150240646836967 19.500000000000004 39.550000000000004 2150.0000000000005 13.708333333333334 55.500000000000007 88.15000000000002 13.550000000000002 -1.5928237617983461 6.5000000000000009 -0.77267753627200075 35.550000000000004 -5.4999999999999991 11.500000000000002 -124.99999999999999 -2.1090765198305541 3.5000000000000004 2550.0000000000005
decision_type=10 10 10 8 10 2 10 10 8 10 10 8 10 8 8 10 10 8 10 8 10 10 10 8 10 8 2 10 10 10 2
left_child=13 2 3 -2 -4 6 11 9 10 -7 -8 12 -3 14 -1 25 -15 18 19 20 -18 -20 23 -23 -24 -16 27 -27 -22 30 -30
right_child=1 5 4 -5 -6 7 8 -9 -10 -11 -12 -13 -14 16 15 -17 17 -19 21 -21 28 22 24 -25 -26 26 -28 -29 29 -31 -32
leaf_value=-0.042642835695342905 -0.099838551264921485 0.052840488085250659 -0.036391773096457129 -0.010055817496895238 0.021789553922431312 0.0038418464363344272 0.051440486789363818 0.035712608034079628 0.077360643923782196 -0.063257594736839437 -0.0097681816869323087 -0.029429165650431629 -0.0034517366755387373 -0.00038379250769354171 0.015211802630513086 0.047514324914060074 0.063471220809747125 0.042595629196867754 0.0024600436738178178 -0.038516056631835438 -0.02422070298926389 -0.042880842390087784 0.026879044049366654 0.035638110376781329 0.094113545723288006 0.016943022267660486 -0.044618343965655942 -0.012969631394952301 -0.0099359732042082517 0.027517034491224342 0.044673632805280111
leaf_weight=134.88139105169103 32.150656828191131 46.188313245773315 48.812915558926761 39.224253225373104 131.48862569313496 51.262377036269754 55.991024351213127 52.416819548700005 81.395295732654631 39.650142656639218 41.046256497036666 41.033511965535581 54.428229901939631 28325.232789526752 211.90531614562497 60.384649187326431 44.488083250820637 136.9107714695856 315.91522851632908 116.750556075247 166.93778297305107 51.153330691158772 51.891995696350932 83.770964823663235 80.090167572721839 194.78068422013894 116.66503811022267 682.23706875112839 408.05609870469198 181.21211763517931 57.228414364159107
leaf_count=738 237 204 271 370 587 230 235 338 480 229 241 258 259 169827 949 314 153 883 1497 882 792 233 229 306 347 988 679 3235 1973 789 221
internal_value=0 0.00960203 -0.00999544 -0.0504982 0.00603816 0.0202453 0.0306834 -0.00306489 0.0491841 -0.0254226 0.0255495 0.00737846 0.0223894 -0.000228458 -0.00743312 -0.00368175 0.000107744 0.00832473 0.00531216 -0.00228571 0.0026447 0.0180183 0.0364334 0.00586952 0.0676787 -0.00624602 -0.010822 -0.0063262 -0.000682002 0.00539614 -0.00321918
internal_weight=0 715.088 251.676 71.3749 180.302 463.412 320.083 143.329 178.433 90.9125 97.0373 141.65 100.617 31420.5 1400.85 1265.97 30019.6 1694.41 1557.49 974.673 857.922 582.822 266.906 134.924 131.982 1205.59 993.683 877.018 813.434 646.497 465.285
internal_count=188974 3939 1465 607 858 2474 1677 797 956 459 476 721 463 185035 6903 6165 178132 8305 7422 4810 3928 2612 1115 539 576 5851 4902 4223 3775 2983 2194
is_linear=0
shrinkage=0.1


Tree=99
num_leaves=32
num_cat=0
split_feature=4 20 88 10 20 18 45 90 18 41 58 89 16 58 84 43 12 91 17 73 69 48 57 66 56 17 57 88 3 84 55
split_gain=6.69771 22.6859 18.3542 14.4354 14.7473 21.0319 16.0289 14.4515 14.227 14.9356 14.538 14.1444 13.9007 16.6225 15.1614 14.2497 13.773 13.6641 13.5502 14.4397 13.3308 15.6075 13.2505 19.0092 13.1914 12.8498 12.6102 15.9542 12.257 16.8322 12.5254
threshold=5.5000000000000009 5.5000000000000009 14.500000000000002 8.5000000000000018 4.5000000000000009 1.5000000000000002 1.5833333333333337 29.500000000000004 6.5000000000000009 5.7500000000000009 35.45000000000001 -244.99999999999997 37.95000000000001 34.95000000000001 34.500000000000007 -1.0000000180025095e-35 56.750000000000007 53.775000000000006 8.5833333333333339 8.8750000000000018 14.550000000000002 5.5000000000000009 11.500000000000002 1.0000000180025095e-35 475.00000000000006 3.8750000000000004 5.5000000000000009 70.500000000000014 56.250000000000007 56.500000000000007 12.450000000000001
decision_type=2 10 10 2 8 10 10 8 10 10 10 8 10 10 8 10 10 2 10 10 10 10 10 10 8 10 8 8 2 10 8
left_child=1 -1 -3 4 5 -2 8 -5 9 -6 -11 18 13 15 25 -13 17 -10 -8 -20 21 -19 -15 -24 -7 -14 -16 -28 29 30 -9
right_child=3 2 -4 7 6 24 11 28 16 10 -12 12 14 22 26 -17 -18 20 19 -21 -22 -23 23 -25 -26 -27 27 -29 -30 -31 -32
leaf_value=0.00023728959513838552 -0.009887260794265041 -0.00079955886415870913 0.037631872878526623 -0.017022291438574508 0.020529044597828401 -0.093103612839881153 0.035889722515627297 0.00118753158026921 0.07011121692037374 0.015343154257696147 -0.051660007962946092 -0.028090667834391375 0.036850770349792658 0.0030609294481273408 -0.052600506083314937 -0.0059163625064483014 0.067512649273844025 -0.033070047580954332 -0.048320034570566987 0.031452248639579829 -0.054886644905211585 0.056021514949129596 -0.061476783240773741 0.015345603752804466 -0.02217228485381352 -0.022518531955966797 0.037356570928968595 -0.058317739412617565 0.071444801321271748 -0.039244483992217888 0.071956916489300624
leaf_weight=26166.04459638783 363.66825859248638 213.93840678501874 296.48864951357245 79.423309503123164 154.327054371126 57.184397984296083 159.34971891669556 47.194090832956135 34.787766475696117 53.78408320620656 81.381798224523664 427.10025559039786 60.820850191637874 2079.5555094429292 182.73991915443912 901.53157466091216 75.775644657434896 32.847942219348624 50.346762521192431 41.308382032439113 33.174512119498104 48.989552827551961 77.483557819388807 55.125590428244323 48.419174271635711 91.004485787823796 41.268530087545514 30.172624358907342 59.468026697635651 38.279451627284288 53.20263693924062
leaf_count=159923 1519 977 1129 405 714 337 663 206 188 217 392 2225 277 9914 1146 4376 427 315 295 219 216 218 434 266 239 535 205 244 237 200 316
internal_value=0 0.000644587 0.0215239 -0.00319966 -0.00438969 -0.0212954 -0.00270635 0.0190181 0.0139426 -0.0007281 -0.0249987 -0.00474917 -0.00621303 -0.00420342 -0.0237389 -0.0130445 0.0327703 0.015196 0.0182686 -0.0123672 -0.00141422 0.0202619 0.00110655 -0.0295417 -0.0605816 0.00126466 -0.0386738 -0.00305074 0.0334643 0.0171773 0.0386899
internal_weight=0 26676.5 510.427 5459.72 5182.15 469.272 4712.88 277.568 515.068 289.493 135.166 4197.81 3946.8 3540.8 406.006 1328.63 225.575 149.8 251.005 91.6551 115.012 81.8375 2212.16 132.609 105.604 151.825 254.181 71.4412 198.144 138.676 100.397
internal_count=188974 162029 2106 26945 25581 2095 23486 1364 2687 1323 609 20799 19622 17215 2407 6601 1364 937 1177 514 749 533 10614 700 576 812 1595 449 959 722 522
is_linear=0
shrinkage=0.1


end of trees

feature_importances:
日付差=237
着順1=178
オッズ1=157
複勝率=138
クラス=107
上がり1=107
オッズ2=86
距離差=72
馬番=70
齢=70
着順2=65
オッズ5=57
日付差2=55
オッズ4=53
日付差3=51
場id=49
走破時間1=49
日付差1=49
通過順1=48
オッズ3=48
日付差4=47
芝・ダート=45
走破時間5=45
距離=44
連対率=43
体重1=42
通過順5=40
上がり5=38
勝率=38
走破時間4=37
体重5=36
上がり3=34
体重4=32
上がり4=31
クラス1=30
着順3=29
馬番1=26
上がり2=25
通過順2=25
走破時間2=25
通過順4=25
通過順3=24
クラス3=24
斤量=23
体重2=23
体重3=23
クラス5=23
体重変化1=22
斤量5=22
体重変化5=21
平均斤量=21
着順4=20
距離1=19
クラス2=19
馬番5=19
走破時間3=17
体重変化3=16
馬番4=16
着順5=16
回り=14
体重変化4=14
距離差4=13
馬番2=12
馬番3=12
クラス4=12
馬場=11
体重変化2=11
距離差1=11
天気=10
芝・ダート2=10
距離5=10
斤量1=9
距離差2=9
性=8
天気1=8
斤量3=8
斤量4=8
距離2=7
芝・ダート1=6
馬場4=6
距離差3=6
天気2=5
距離3=5
距離4=4
天気5=4
馬場1=3
斤量2=3
天気4=3
馬場3=2
芝・ダート5=2
馬場2=1
芝・ダート3=1
芝・ダート4=1

parameters:
[boosting: gbdt]
[objective: binary]
[metric: binary_logloss]
[tree_learner: serial]
[device_type: cpu]
[data_sample_strategy: bagging]
[data: ]
[valid: ]
[num_iterations: 100]
[learning_rate: 0.1]
[num_leaves: 32]
[num_threads: 8]
[seed: 42]
[deterministic: 0]
[force_col_wise: 0]
[force_row_wise: 0]
[histogram_pool_size: -1]
[max_depth: -1]
[min_data_in_leaf: 190]
[min_sum_hessian_in_leaf: 0.001]
[bagging_fraction: 1]
[pos_bagging_fraction: 1]
[neg_bagging_fraction: 1]
[bagging_freq: 0]
[bagging_seed: 400]
[feature_fraction: 1]
[feature_fraction_bynode: 1]
[feature_fraction_seed: 30056]
[extra_trees: 0]
[extra_seed: 12879]
[early_stopping_round: 0]
[first_metric_only: 0]
[max_delta_step: 0]
[lambda_l1: 0]
[lambda_l2: 0]
[linear_lambda: 0]
[min_gain_to_split: 0]
[drop_rate: 0.1]
[max_drop: 50]
[skip_drop: 0.5]
[xgboost_dart_mode: 0]
[uniform_drop: 0]
[drop_seed: 17869]
[top_rate: 0.2]
[other_rate: 0.1]
[min_data_per_group: 100]
[max_cat_threshold: 32]
[cat_l2: 10]
[cat_smooth: 10]
[max_cat_to_onehot: 4]
[top_k: 20]
[monotone_constraints: ]
[monotone_constraints_method: basic]
[monotone_penalty: 0]
[feature_contri: ]
[forcedsplits_filename: ]
[refit_decay_rate: 0.9]
[cegb_tradeoff: 1]
[cegb_penalty_split: 0]
[cegb_penalty_feature_lazy: ]
[cegb_penalty_feature_coupled: ]
[path_smooth: 0]
[interaction_constraints: ]
[verbosity: 1]
[saved_feature_importance_type: 0]
[use_quantized_grad: 0]
[num_grad_quant_bins: 4]
[quant_train_renew_leaf: 0]
[stochastic_rounding: 1]
[linear_tree: 0]
[max_bin: 255]
[max_bin_by_feature: ]
[min_data_in_bin: 3]
[bin_construct_sample_cnt: 200000]
[data_random_seed: 175]
[is_enable_sparse: 1]
[enable_bundle: 1]
[use_missing: 1]
[zero_as_missing: 0]
[feature_pre_filter: 1]
[pre_partition: 0]
[two_round: 0]
[header: 0]
[label_column: ]
[weight_column: ]
[group_column: ]
[ignore_column: ]
[categorical_feature: ]
[forcedbins_filename: ]
[precise_float_parser: 0]
[parser_config_file: ]
[objective_seed: 16083]
[num_class: 1]
[is_unbalance: 0]
[scale_pos_weight: 1]
[sigmoid: 1]
[boost_from_average: 1]
[reg_sqrt: 0]
[alpha: 0.9]
[fair_c: 1]
[poisson_max_delta_step: 0.7]
[tweedie_variance_power: 1.5]
[lambdarank_truncation_level: 30]
[lambdarank_norm: 1]
[label_gain: ]
[lambdarank_position_bias_regularization: 0]
[eval_at: ]
[multi_error_top_k: 1]
[auc_mu_weights: ]
[num_machines: 1]
[local_listen_port: 12400]
[time_out: 120]
[machine_list_filename: ]
[machines: ]
[gpu_platform_id: -1]
[gpu_device_id: -1]
[gpu_use_dp: 0]
[num_gpu: 1]

end of parameters

pandas_categorical:[]
