tree
version=v4
num_class=1
num_tree_per_iteration=1
label_index=0
max_feature_idx=94
objective=binary sigmoid:1
feature_names=馬番 性 齢 斤量 クラス 芝・ダート 距離 回り 馬場 天気 場id 馬番1 斤量1 オッズ1 体重1 体重変化1 上がり1 通過順1 着順1 距離1 クラス1 走破時間1 芝・ダート1 天気1 馬場1 馬番2 斤量2 オッズ2 体重2 体重変化2 上がり2 通過順2 着順2 距離2 クラス2 走破時間2 芝・ダート2 天気2 馬場2 馬番3 斤量3 オッズ3 体重3 体重変化3 上がり3 通過順3 着順3 距離3 クラス3 走破時間3 芝・ダート3 天気3 馬場3 馬番4 斤量4 オッズ4 体重4 体重変化4 上がり4 通過順4 着順4 距離4 クラス4 走破時間4 芝・ダート4 天気4 馬場4 馬番5 斤量5 オッズ5 体重5 体重変化5 上がり5 通過順5 着順5 距離5 クラス5 走破時間5 芝・ダート5 天気5 馬場5 距離差 日付差 距離差1 日付差1 距離差2 日付差2 距離差3 日付差3 距離差4 日付差4 平均斤量 勝率 連対率 複勝率
feature_infos=[1:18] [0:2] [1:9] [48:64] [0:7] [0:2] [1000:4250] [0:3] [0:3] [0:4] [0:9] [1:18] [48:64] [1.1000000000000001:999.89999999999998] [340:630] [-42:66] [12.800000000000001:90.799999999999997] [1:18] [1:18] [1000:4250] [0:7] [-3.2035892051973622:1.762819165411009] [0:2] [0:4] [0:3] [1:18] [48:64] [1.1000000000000001:999.89999999999998] [340:626] [-42:66] [12.800000000000001:77.400000000000006] [1:18] [1:18] [1000:4250] [0:7] [-3.2035892051973622:1.762819165411009] [0:2] [0:4] [0:3] [1:18] [48:64] [1.1000000000000001:999.89999999999998] [340:618] [-41:66] [12.800000000000001:77.400000000000006] [1:18] [1:18] [1000:4250] [0:7] [-3.2035892051973622:1.751835064176281] [0:2] [0:4] [0:3] [1:18] [48:64] [1.1000000000000001:999.89999999999998] [340:618] [-41:66] [12.800000000000001:77.400000000000006] [1:18] [1:18] [1000:4250] [0:7] [-3.2035892051973622:1.751835064176281] [0:2] [0:4] [0:3] [1:18] [48:63] [1.1000000000000001:999.89999999999998] [340:602] [-41:66] [12.800000000000001:77.400000000000006] [1:18] [1:18] [1000:4250] [0:7] [-3.2035892051973622:1.751835064176281] [0:2] [0:4] [0:3] [-2250:2100] [5:1205] [-2250:2100] [5:1205] [-2250:2100] [5:974] [-2250:2100] [5:974] [-2170:2100] [5:974] [49:62.5] [0:0.5] [0:1] [0:1]
tree_sizes=3603 3607 3600 3592 3617 3591 3595 3604 3615 3605 3629 3629 3611 3617 3617 3633 3624 3605 3627 3618 3633 3623 3643 3614 3629 3630 3631 3608 3619 3630 3614 3628 3639 3649 3621 3623 3616 3624 3613 3610 3635 3627 3625 3632 3635 3627 3645 3628 3636 3622 3609 3624 3596 3608 3607 3626 3601 3600 3612 3608 3635 3602 3572 3578 3610 3566 3601 3607 3595 3598 3573 3587 3560 3579 3572 3563 3592 3584 3594 3573 3597 3581 3581 3575 3568 3599 3575 3587 3572 3572 3574 3559 3581 3593 3597 3571 3568 3582 3571 3576

Tree=0
num_leaves=32
num_cat=0
split_feature=18 13 32 82 82 69 82 13 70 18 13 92 92 92 13 18 82 82 13 69 92 76 92 4 18 86 13 93 18 2 27
split_gain=26427.4 7721.88 2947.8 3840.62 2859.04 2084.17 1966.93 1632.77 1083.54 1047.04 907.034 681.104 517.436 442.599 389.011 384.606 302.802 297.748 305.282 256.361 251.005 199.87 199.822 187.007 161.107 151.691 143.998 142.788 141.248 141.231 130.516
threshold=4.5000000000000009 21.650000000000002 1.5000000000000002 545.50000000000011 401.00000000000006 82.15000000000002 1.0000000180025095e-35 9.6500000000000004 401.00000000000006 1.5000000000000002 6.1500000000000012 0.073006128056281164 0.095952112029591377 0.069905956222667168 27.350000000000005 1.5000000000000002 384.50000000000006 384.50000000000006 63.350000000000001 268.15000000000003 0.11637185344395827 3.5000000000000004 0.10495045921015402 4.5000000000000009 2.5000000000000004 12.500000000000002 35.95000000000001 0.29424376098960425 1.5000000000000002 3.5000000000000004 20.950000000000003
decision_type=8 8 8 8 8 8 10 10 10 10 10 2 2 2 10 10 8 8 10 8 2 8 2 2 10 10 10 2 10 2 10
left_child=2 4 6 7 8 11 -1 12 -2 -5 22 17 15 30 23 -4 29 18 -3 26 -8 25 -10 -9 -17 -16 -7 28 -14 -13 -12
right_child=1 5 3 9 -6 19 20 14 10 -11 13 16 27 -15 21 24 -18 -19 -20 -21 -22 -23 -24 -25 -26 -27 -28 -29 -30 -31 -32
leaf_value=0.20000000282167446 -0.11576821779317906 -0.078855586446851589 0.019073571453599183 0.19492852716637002 -0.19639713308805301 -0.068268631394725984 0.048233217137960124 0.057890522395036663 0.034863316644116793 -0.19999999717832556 -0.021413478686092589 -0.0019697266671663445 0.066202712945232223 0.017534406812718881 0.060619685377901605 0.10710041944036526 -0.19999999717832556 -0.19791212461378291 -0.12710548832958066 -0.18204308245575221 0.1146512883283142 -0.047653528521798286 0.084684795352355249 0.0069881530240176485 0.066050573328577264 -0.015395845472410099 -0.14816715016268861 0.13594091986515922 0.1125654060012809 -0.054439288391804584 -0.064993991348540656
leaf_weight=2894.3781816959381 698.20151205360889 3036.9469304233789 1176.8190130144358 74.457467749714851 759.22486080229282 254.36959259212017 1336.1036692410707 2755.1070582568645 1915.8831518143415 682.25897146761417 2232.4317621141672 925.46824626624584 850.30323265492916 3231.6436934620142 464.43438291549683 1725.7568498253822 111.79930566251278 327.53244066238403 2307.8023006618023 3655.9295799136162 991.04560804367065 834.90845923125744 1388.423254609108 977.9227210432291 2143.6810313612223 603.81576718389988 1992.1874153316021 1858.5154813081026 2892.3367674350739 1151.0130077451468 992.79890964925289
leaf_count=1693 4173 16237 4324 50 5583 1314 4244 8297 6523 5059 9746 3733 2440 11959 1377 3747 829 2417 14240 25988 2024 4019 3546 3795 6157 2574 13009 3120 6010 5674 5073
internal_value=2.82167e-09 -0.0706034 0.0792293 0.0590861 -0.00902357 -0.120799 0.144966 0.0693203 0.00457749 -0.161141 0.0131856 -0.0870778 0.092359 -0.00862107 0.0257975 0.0691338 -0.0396855 -0.105361 -0.0996893 -0.165706 0.0765182 -0.0109968 0.0557976 0.0445559 0.0843587 0.0176528 -0.139121 0.113283 0.102032 -0.0310541 -0.0348285
internal_weight=0 24981.7 22261.8 17040.3 11218.6 13763 5221.53 16283.6 10459.4 756.716 9761.18 7860.56 10647.4 6456.87 5636.19 5046.26 2188.28 5672.28 5344.75 5902.49 2327.15 1903.16 3304.31 3733.03 3869.44 1068.25 2246.56 5601.16 3742.64 2076.48 3225.23
internal_count=188974 130044 58930 50969 46603 83441 7961 45860 41020 5109 36847 43130 25798 26778 20062 14228 10236 32894 30477 40311 6268 7970 10069 12092 9904 3951 14323 11570 8450 9407 14819
is_linear=0
shrinkage=1


Tree=1
num_leaves=32
num_cat=0
split_feature=18 69 32 82 13 13 46 82 82 82 18 94 92 13 32 82 92 18 27 18 93 92 18 18 92 92 92 76 4 70 68
split_gain=21602 4647.31 3307.18 2552.99 2207.15 1724.92 1177.54 1496.48 1148.87 1075.92 869.103 589.496 450.389 412.164 402.817 393.055 360.104 304.763 261.204 255.053 248.99 211.116 208.138 204.117 194.449 177.401 164.942 151.719 137.795 134.829 132.214
threshold=5.5000000000000009 82.15000000000002 2.5000000000000004 742.50000000000011 18.650000000000002 13.750000000000002 1.5000000000000002 525.50000000000011 504.50000000000006 1.0000000180025095e-35 1.5000000000000002 0.16726788313508772 0.097121110556837323 6.2500000000000009 3.5000000000000004 742.50000000000011 0.073006128056281164 8.5000000000000018 24.450000000000003 3.5000000000000004 0.20928740333072463 0.078045515394912959 1.5000000000000002 3.5000000000000004 0.11236284162244646 0.084727116779474573 0.11236284162244646 4.5000000000000009 6.5000000000000009 435.00000000000006 53.500000000000007
decision_type=8 8 8 8 10 10 10 8 8 10 10 2 2 10 8 8 2 10 10 10 2 2 10 10 2 2 2 8 2 10 10
left_child=2 4 6 5 8 12 9 20 13 -1 -5 -6 22 -2 -3 18 19 25 -13 -7 28 -15 -4 -24 -11 30 -20 -21 -8 -25 -16
right_child=1 14 3 10 11 16 7 -9 -10 24 -12 15 -14 21 17 -17 -18 -19 26 27 -22 -23 23 29 -26 -27 -28 -29 -30 -31 -32
leaf_value=0.18106136135026496 0.041393751828226417 -0.042616433614724877 0.0032760442080546331 0.18081318085503362 -0.11190092006896413 0.0053271651870244862 0.073950796311385833 -0.18202875444664457 -0.18216858216945236 0.039706493134401999 -0.18208353302490712 -0.023648885113757203 0.089669241511473152 -0.031231633435436102 -0.15556358727674238 -0.18198911898354087 0.03004227163185319 -0.16418079307588274 -0.084346535444620077 -0.034010921322671687 0.11023989349670966 0.014085609219736256 0.073659666981522584 -0.045745067420030004 0.1120645309330606 -0.060530259607558048 -0.00255888139125039 -0.10230089653548016 -0.0024076230888821961 0.039646859227530112 -0.097785015541243525
leaf_weight=2872.0353093147278 2349.1873084455729 377.13418805599213 915.17198795080185 73.086692482233047 3239.7224725782871 1516.9920480251312 2828.1743998229504 215.64425580203533 334.32145939767361 735.6233322173357 680.04850801825523 2083.9004731625319 4528.3637305945158 2302.8740487992764 992.47281289100647 233.96120722591877 1883.2173269689083 4300.9218174517155 1847.7941842526197 1346.5391944795847 2455.7970572710037 1856.9433272778988 2575.3078679591417 210.30103313922882 750.08651740849018 432.00273171067238 284.55025038123131 428.97457687556744 257.87860700488091 1531.2059208601713 659.03178416192532
leaf_count=1741 7533 1835 3576 45 19763 5895 7465 1615 2503 2388 5092 9362 10480 10555 6923 1752 6535 30583 10306 6251 4790 6928 6729 1001 1434 2288 1165 2523 1026 4998 3894
internal_value=0 -0.0745526 0.0615197 0.0327742 -0.0426882 0.0418324 0.106105 0.0764218 -0.00137762 0.145323 -0.146867 -0.0794509 0.0665792 0.00790833 -0.143042 -0.0558274 -0.0048349 -0.148974 -0.0488266 -0.0247836 0.0864786 -0.011002 0.0465945 0.0557781 0.0762377 -0.117583 -0.0734324 -0.0505102 0.0675701 0.0293351 -0.132507
internal_weight=0 21294.8 25804.4 15689.2 14533.3 14936.1 10115.2 5757.49 6843.33 4357.75 753.135 7689.93 9760.35 6509 6761.56 4450.21 5175.72 6384.43 4216.24 3292.51 5541.85 4159.82 5231.99 4316.81 1485.71 2083.51 2132.34 1775.51 3086.05 1741.51 1651.5
internal_count=188974 115390 73584 53125 69867 47988 20459 14896 27519 5563 5137 42348 26784 25016 45523 22585 21204 43688 20833 14669 13281 17483 16304 12728 3822 13105 11471 8774 8491 5999 10817
is_linear=0
shrinkage=0.1


Tree=2
num_leaves=32
num_cat=0
split_feature=18 13 46 82 82 18 69 82 13 69 13 94 82 18 94 13 13 41 13 92 18 76 94 18 18 13 27 92 92 2 13
split_gain=17689 5254.88 1992.65 1985.9 1887.38 1563.57 1486.5 1320.17 1140.71 719.015 587.605 510.101 375.468 371.506 271.188 270.69 264.546 215.134 185.984 185.515 182.657 178.175 171.907 147.884 150.476 147.363 140.663 139.91 138.506 127.804 117.876
threshold=4.5000000000000009 21.650000000000002 1.5000000000000002 742.50000000000011 525.50000000000011 1.5000000000000002 100.85000000000001 1.0000000180025095e-35 9.6500000000000004 121.45000000000002 5.4500000000000011 0.16726788313508772 742.50000000000011 1.5000000000000002 0.31320800898563267 4.0500000000000007 27.350000000000005 35.850000000000001 5.1500000000000012 0.081749331749331716 9.5000000000000018 3.5000000000000004 0.32978578599016556 1.5000000000000002 2.5000000000000004 42.45000000000001 22.250000000000004 0.10353775883260873 0.14521926530867671 3.5000000000000004 84.250000000000014
decision_type=8 8 8 8 8 10 8 10 10 8 10 2 8 10 2 10 10 10 10 2 10 8 2 10 10 10 10 2 2 2 10
left_child=2 3 7 9 8 -6 11 -1 13 10 27 25 17 19 26 -15 23 28 -9 -4 22 -18 -8 -10 -25 -3 -12 -2 29 -13 -19
right_child=1 6 4 -5 5 -7 20 18 16 -11 14 12 -14 15 -16 -17 21 30 -20 -21 -22 -23 -24 24 -26 -27 -28 -29 -30 -31 -32
leaf_value=0.16831359806561388 0.030146234651360966 -0.072934413967027809 0.0054775386906739422 -0.16947877003373488 0.16526864655534473 -0.1686152203502562 -0.12598524078722834 0.089815944958389571 -0.019533046250127327 -0.079569263591836609 -0.0048534252041910987 -0.011109721772883854 -0.16887804976088322 0.1067155888808671 0.035212038840025432 0.069954172115016144 0.016458844121662691 -0.055757504053648599 0.03258854713469652 0.062776328602570527 -0.15762114004711916 -0.045513901200773789 0.0065358288447150206 0.0718883419649953 0.027068235456332745 -0.11607060283918157 -0.042619653621807321 0.075719432319827543 0.046573799384031556 -0.054948191836051125 -0.11453617291595219
leaf_weight=2687.9097187519073 1447.8430413156748 1177.8500640392303 902.59114293754101 707.01047568023205 178.17824512720108 659.03142414987087 2135.9083997756243 1328.4816083759069 432.2877172678709 943.65349417924881 4092.4055240601301 1199.1393137425184 259.3239211589098 3558.0270700901747 1416.5762442797422 4583.2067531496286 1067.8286732137203 1019.4604378193617 991.91056801378727 1510.9550902396441 3014.1265098154545 820.31184892356396 102.58799500763416 1148.9600631445646 2152.2211994081736 2417.3078211247921 1299.3378050476313 1259.7911224514246 223.08133138716221 1493.0042960345745 512.79742030799389
leaf_count=1630 4868 6612 3453 5420 119 5065 14403 2937 1832 5393 16804 5218 1991 6708 4691 11632 3921 5285 3244 4058 22257 3989 444 2999 7343 15557 6295 3132 733 7710 3231
internal_value=0 -0.0580703 0.0651686 -0.00727439 0.0488481 -0.0975567 -0.0999173 0.120611 0.0564253 0.00368971 0.0119461 -0.073576 -0.0519122 0.0758052 -0.0037247 0.0860203 0.0200386 -0.0450922 0.0653526 0.0413484 -0.141551 -0.0104655 -0.119912 0.0354656 0.0426677 -0.101938 -0.0139546 0.0513502 -0.0291471 -0.0354216 -0.0754288
internal_weight=0 24721.2 22021.9 11166.6 17013.6 837.21 13554.6 5008.3 16176.4 10459.6 9515.95 8301.96 4706.81 10554.8 6808.32 8141.23 5621.61 4447.48 2320.39 2413.55 5252.62 1888.14 2238.5 3733.47 3301.18 3595.16 5391.74 2707.63 2915.22 2692.14 1532.26
internal_count=188974 130044 58930 46603 51119 5184 83441 7811 45935 41183 35790 46337 24168 25851 27790 18340 20084 22177 6181 7511 37104 7910 14847 12174 10342 22169 23099 8000 13661 12928 8516
is_linear=0
shrinkage=0.1


Tree=3
num_leaves=32
num_cat=0
split_feature=18 27 32 82 13 82 69 82 18 18 13 13 74 82 92 13 93 92 92 69 4 18 92 2 75 76 13 18 82 88 41
split_gain=14662.3 3355.83 2340.27 1766.88 1160.51 1075.49 923.782 862.697 1920.28 613.92 574.894 487.786 382.611 317.559 315.986 308.45 302.336 261.704 237.903 154.366 148.069 140.782 140.251 139.213 134.668 134.378 128.286 115.487 115.385 117.374 156.957
threshold=5.5000000000000009 21.550000000000004 2.5000000000000004 742.50000000000011 12.65 401.00000000000006 241.80000000000004 1.0000000180025095e-35 1.5000000000000002 1.5000000000000002 7.4500000000000011 57.150000000000013 16.500000000000004 274.50000000000006 0.097121110556837323 34.250000000000007 0.20928740333072463 0.079472357674130717 0.061111764590562404 20.950000000000003 5.5000000000000009 1.5000000000000002 0.072742437779413915 3.5000000000000004 2870.0000000000005 3.5000000000000004 6.5500000000000007 2.5000000000000004 384.50000000000006 1.0000000180025095e-35 29.750000000000004
decision_type=8 8 8 8 10 8 8 10 10 10 10 10 8 8 2 10 2 2 2 8 2 10 2 2 8 8 10 10 8 10 10
left_child=2 5 7 4 14 10 11 8 -1 -5 19 13 17 18 21 25 20 -12 -3 -2 -9 -4 -17 -19 27 -6 -8 -23 29 -13 -31
right_child=1 6 3 9 15 -7 26 16 -10 -11 12 28 -14 -15 -16 22 -18 23 -20 -21 -22 24 -24 -25 -26 -27 -28 -29 -30 30 -32
leaf_value=0.15773761433838748 0.037003215414048017 -0.069405611278451379 0.0026852218186102089 0.15664410734253509 0.034000371129068355 -0.1558041012312931 -0.08163282119388382 0.060868911786986606 -0.15844072274160181 -0.1580966969328334 -0.038258009327293396 -0.07273498000907537 -0.11462156533050341 -0.15839615154496736 0.075604830674010123 -0.051124324595353654 0.092482862297792512 0.029851549520406636 -0.018000847211316003 -0.023171331368335921 0.011593183276433053 0.075800367954330886 0.0059504093333162776 -0.019072597353960202 -0.036929808973050281 -0.0051220253349661144 -0.14874294564668639 0.038720020438076236 -0.16378989689387169 -0.073797290620574607 -0.12944886272359438
leaf_weight=2686.6029849052429 2361.0210667997599 2176.6173701435328 893.30354598164558 68.637077748775482 1889.4698143750429 541.99728368222713 313.53029547631741 2935.1278283894062 206.87973725795746 638.33769278228283 3454.847201526165 1045.4377684891224 469.97843778133392 281.01955911517143 4332.8365594297647 1378.4307235181332 3231.7634334415197 1150.8822480142117 1535.3934527337551 520.24689467251301 769.73973962664604 1231.6968983411789 626.1018350571394 1175.8250337690115 184.51012876629829 1640.016204893589 3112.9234349280596 2640.7787484228611 316.73712061345577 722.5201210975647 1697.292565703392
leaf_count=1693 7534 12257 3465 45 6288 4267 1973 7855 1650 5092 17083 6284 3192 2182 10107 7031 6479 4012 6883 2339 2782 2880 2470 5155 833 6694 23728 8220 2472 4219 11810
internal_value=0 -0.062082 0.0510832 0.0269073 0.0342764 -0.018941 -0.0993433 0.0892629 0.135131 -0.12754 -0.0108187 -0.0802791 -0.0278517 -0.0559025 0.0558844 -0.00197023 0.0701298 -0.0207982 -0.0481431 0.026138 0.0506312 0.0386238 -0.0332974 0.00512724 0.0465371 0.0158217 -0.142602 0.050514 -0.106016 -0.100735 -0.112832
internal_weight=0 20876.3 25354.2 15524.1 14817.1 9674.8 11201.5 9830.11 2893.48 706.975 9132.8 7775.02 6251.53 3993.03 9283.13 5534.02 6936.63 5781.55 3712.01 2881.27 3704.87 4950.29 2004.53 2326.71 4056.99 3529.49 3426.45 3872.48 3781.99 3465.25 2419.81
internal_count=188974 115390 73584 53125 47988 43582 71808 20459 3343 5137 39315 46107 29442 21322 25505 22483 17116 26250 19140 9873 10637 15398 9501 9167 11933 12982 25701 11100 24785 22313 16029
is_linear=0
shrinkage=0.1


Tree=4
num_leaves=32
num_cat=0
split_feature=18 13 46 82 82 69 82 18 13 92 94 70 82 18 13 76 13 73 18 92 90 55 18 94 13 16 13 92 13 69 2
split_gain=12082.8 3746.08 1454.22 1443.75 1307.66 1156.83 1082.61 1025.71 821.785 530.662 389.797 335.579 288.276 265.024 254.844 243.967 181.613 164.146 160.958 159.787 159.298 155.777 154.988 147.374 144.626 144.145 112.667 105.278 104.415 101.787 98.9284
threshold=4.5000000000000009 21.650000000000002 1.5000000000000002 742.50000000000011 307.50000000000006 102.95000000000002 1.0000000180025095e-35 1.5000000000000002 7.4500000000000011 0.064664989631845513 0.16726788313508772 427.00000000000006 742.50000000000011 1.5000000000000002 5.4500000000000011 3.5000000000000004 35.350000000000001 15.125000000000002 2.5000000000000004 0.10821127657856246 188.50000000000003 7.4500000000000011 9.5000000000000018 0.32978578599016556 5.1500000000000012 37.350000000000001 42.45000000000001 0.095952112029591377 2.3500000000000001 11.050000000000002 5.5000000000000009
decision_type=8 8 8 8 8 8 10 10 10 2 2 10 8 10 10 8 10 8 10 2 8 10 10 2 10 10 10 2 10 10 2
left_child=2 3 6 9 8 10 -1 -6 13 11 26 -2 20 25 -11 19 -17 -16 -15 -10 21 -12 23 -7 -8 28 -3 -20 -4 -23 -13
right_child=1 5 4 -5 7 22 24 -9 15 14 12 30 -14 18 17 16 -18 -19 27 -21 -22 29 -24 -25 -26 -27 -28 -29 -30 -31 -32
leaf_value=0.14930658818657763 -0.098888125581015965 -0.06137725268164379 0.086839713503412741 -0.15024683171929146 0.12517651468737073 -0.10867520912415779 0.075647042397132214 -0.14149089742610618 0.027202527272465561 0.051366959789433092 -0.012076001011237297 -0.0085208150219060665 -0.14963520267459762 0.09273999577453873 0.013527748672248041 0.011936810776650179 -0.050226899040603581 -0.065472055563428042 0.04333460084405874 0.076309248740146204 -0.012725113511690325 -0.032140254178194612 -0.13866837291292039 0.015193964032736327 0.024852085036033464 -0.012189698878768499 -0.099435749605308821 0.078169117159391274 0.033596187193506356 -0.080902144815437449 -0.069921639343456993
leaf_weight=2465.4312336444855 514.93126837909222 1160.0327978432178 536.12328663468361 650.47058149427176 185.89285752177238 2007.7071119770408 1301.6530085206032 643.73555886745453 3008.7643735706806 2042.5544135048985 725.18197035044432 3608.7050363719463 239.67931087315083 3282.2059348970652 3669.6079583987594 2514.8898868560791 577.98500330746174 283.31940753757954 1629.5121085196733 849.74767762422562 1675.1733314916492 614.83392956852913 2791.8426390513778 100.87553876638412 984.49965044856071 471.28586702048779 2360.9307448044419 1855.5513236671686 1176.7929139882326 1409.4085628688335 282.98209271579981
leaf_count=1630 3263 6633 1143 5420 214 14241 2937 5220 10025 5806 3278 15385 2005 6289 13553 9037 2943 1648 4713 2004 7661 3044 22095 440 3244 1850 15732 3983 3698 8312 1528
internal_value=0 -0.0485808 0.0545197 -0.00571592 0.0406554 -0.0847859 0.103342 -0.0817394 0.0470406 0.00332198 -0.06178 -0.0230236 -0.0428198 0.0670728 0.0226857 0.0212445 0.000319887 0.00786557 0.0768483 0.0380171 -0.0370337 -0.0518444 -0.123213 -0.102749 0.0537729 0.0367858 -0.0868968 0.0618815 0.0502608 -0.0660914 -0.0129855
internal_weight=0 24138.2 21484.1 11052.6 16732.5 13085.7 4751.58 829.628 15902.9 10402.1 8185.24 4406.62 4664.28 8951.47 5995.48 6951.39 3092.87 3952.93 6767.27 3858.51 4424.6 2749.42 4900.43 2108.58 2286.15 2184.2 3520.96 3485.06 1712.92 2024.24 3891.69
internal_count=188974 130044 58930 46603 51119 83441 7811 5434 45685 41183 46665 20176 24300 21676 21007 24009 11980 15201 14985 12029 22295 14634 36776 14681 6181 6691 22365 8696 4841 11356 16913
is_linear=0
shrinkage=0.1


Tree=5
num_leaves=32
num_cat=0
split_feature=18 69 32 82 13 13 82 18 82 18 92 92 82 13 92 13 76 92 92 27 18 18 74 71 13 4 58 13 69 21 90
split_gain=10075 2503.9 1708.9 1264.44 1140.71 809.841 752.062 1420.83 605.108 459.837 359.053 339.811 281.582 251.487 251.268 220.574 193.133 184.307 156.81 156.37 150.178 153.561 138.124 134.295 134.984 127.19 114.785 104.892 100.865 100.073 98.1893
threshold=5.5000000000000009 94.65000000000002 2.5000000000000004 742.50000000000011 18.650000000000002 19.850000000000005 1.0000000180025095e-35 1.5000000000000002 267.50000000000006 1.5000000000000002 0.097121110556837323 0.045587375803623556 15.500000000000002 4.0500000000000007 0.069905956222667168 3.6500000000000008 3.5000000000000004 0.15028454781640482 0.11236284162244646 21.250000000000004 1.5000000000000002 2.5000000000000004 13.500000000000002 1.5000000000000002 7.0500000000000007 3.5000000000000004 40.45000000000001 67.850000000000009 10.65 0.56372144728655327 20.500000000000004
decision_type=8 8 8 8 10 10 10 10 8 10 2 2 10 10 2 10 8 2 2 10 10 10 8 8 10 2 8 10 8 10 8
left_child=2 4 6 5 8 10 7 -1 15 -5 20 -6 -13 -8 22 -2 27 19 -17 29 -4 -22 -3 -16 -25 -15 -23 -7 -18 -14 -21
right_child=1 14 3 9 11 16 13 -9 -10 -11 -12 12 17 25 23 18 28 -19 -20 30 21 26 -24 24 -26 -27 -28 -29 -30 -31 -32
leaf_value=0.14251199810157719 0.055045063730137733 -0.094349705506915515 -0.0094224214890381366 0.14219464310791183 -0.084756668217724165 0.020807543086347392 0.077250165789489497 -0.14332612061945627 -0.12936525376255104 -0.14317249626799777 0.062085312472274258 -0.093048831794319956 0.0029249064886759375 0.069507598925667324 -0.012131557955151267 -0.0090206005643412475 0.0037286546078783875 0.059337763966457735 0.032370410289739873 -0.1077097568426829 0.059617005363850631 0.025636698139919551 -0.13236650699359251 -0.02264553160585998 -0.1080844865635664 0.025999346394240633 -0.056349128421981934 -0.033429339268574838 -0.053059800053496642 -0.051082826126817166 -0.044601243983354112
leaf_weight=2423.3615878820419 813.3828863799572 1411.663363493979 1015.9039686769247 62.579505115747452 2759.8372309878469 1520.6807967722416 3549.2772502303123 187.34425985813141 346.08795123547316 578.11905635148287 4841.538539364934 859.9097196906805 1216.9994768202305 949.97367867827415 304.79150297492743 4521.0368532985449 422.04930250346661 218.05413956195116 1147.6402683407068 282.86556480824947 1498.0968077331781 3494.9644726961851 2958.7886533364654 242.57331012934446 777.94372203201056 2295.4844810292125 179.54107724130154 465.7988336533308 1207.8913896903396 477.77677762508392 1919.8269683718681
leaf_count=1693 2232 10051 4104 45 18071 5487 7604 1650 2834 5092 11857 5718 5210 2218 1607 19034 1738 677 3695 1871 3747 11572 24265 1309 5857 7294 881 2238 6364 2498 10461
internal_value=0 -0.0523057 0.0428425 0.0222076 -0.0303199 0.0282228 0.0763814 0.122 -0.000531905 -0.1153 0.0416871 -0.0566147 -0.0410046 0.0588535 -0.108521 0.00634672 -0.0128432 -0.0301303 -0.000640869 -0.0351358 0.0257287 0.0326324 -0.120087 -0.0703794 -0.0877759 0.0387346 0.0216308 0.00808983 -0.0383553 -0.0123005 -0.0527055
internal_weight=0 20259.2 24692.6 15287.2 14563.4 14646.5 9405.44 2610.71 6828.15 640.699 11030 7735.27 4975.43 6794.74 5695.76 6482.06 3616.42 4115.52 5668.68 3897.47 6188.51 5172.6 4370.45 1325.31 1020.52 3245.46 3674.51 1986.48 1629.94 1694.78 2202.69
internal_count=188974 115390 73584 53125 72301 47988 20459 3343 27795 5137 32161 44506 26435 17116 43089 24961 15827 20717 22729 20040 20304 16200 34316 8773 7166 9512 12453 7725 8102 7708 12332
is_linear=0
shrinkage=0.1


Tree=6
num_leaves=32
num_cat=0
split_feature=18 55 32 82 82 13 82 18 13 18 92 18 93 92 92 71 2 41 68 92 17 70 4 16 13 27 4 69 93 70 13
split_gain=8318.56 2200.09 1456.61 1074.15 958.05 904.505 725.208 1232 686.863 398.421 374.357 254.39 234.91 214.972 214.903 164.767 157.679 152.747 146.176 140.119 133.124 132.613 132.325 128.447 126.647 125.316 121.34 100.45 96.8689 94.847 85.5265
threshold=5.5000000000000009 81.550000000000011 2.5000000000000004 742.50000000000011 401.00000000000006 46.150000000000013 1.0000000180025095e-35 1.5000000000000002 12.65 1.5000000000000002 0.064664989631845513 9.5000000000000018 0.20928740333072463 0.073006128056281164 0.13841907686187097 1.5000000000000002 3.5000000000000004 19.750000000000004 52.250000000000007 0.032591820893083261 2.7083333333333335 465.00000000000006 5.5000000000000009 35.850000000000001 66.65000000000002 37.95000000000001 6.5000000000000009 127.75000000000001 0.14936646825746611 419.00000000000006 4.1500000000000012
decision_type=8 8 8 8 8 10 10 10 10 10 2 10 2 2 2 8 2 10 10 2 10 10 2 10 10 10 2 8 2 10 10
left_child=2 4 6 8 5 10 7 -1 14 -5 17 18 26 15 22 24 21 29 -3 -7 -21 -12 27 -22 -10 -20 30 -4 -27 -2 -8
right_child=1 11 3 9 -6 19 12 -9 13 -11 16 -13 -14 -15 -16 -17 -18 -19 25 20 23 -23 -24 -25 -26 28 -28 -29 -30 -31 -32
leaf_value=0.13686548955356534 -0.090436582962151735 -0.10336627393527392 0.041770125181648327 0.13626741554114122 -0.13844900609136832 -0.10932066669083228 0.061408695831322517 -0.1375525727024039 0.0083309685690605931 -0.13741697957505503 0.0029507738932725244 -0.12243601687066924 0.073912558909532217 0.023293815250375195 0.06726700021647336 -0.049636934105141528 -0.0059042857962874505 -0.05077190878448528 -0.00033970115796500954 -0.0010946149925957036 -0.034290559455265476 0.047413217707802831 -0.0047175401623876546 -0.0800866022158358 -0.051743019488022547 -0.090524251698163846 -0.010741838880666451 -0.012287022640575638 -0.0064840119159616533 -0.0095575643610027964 0.028342624280288831
leaf_weight=2278.458766579628 152.61068925261497 1172.5070453435183 5350.8839269131422 58.95780810713768 744.01788200438023 588.62820102274418 1442.9530073553324 176.25722368061543 1918.6800933331251 543.86149070411921 1179.2154581323266 2974.4849527329206 3088.1686069071293 2052.7430682182312 2525.1242388561368 1094.4663935750723 2674.392371237278 1730.4257861450315 322.33057755976915 385.34627588838339 945.68472696840763 1555.8999543860555 817.38468334078789 1738.0448413342237 429.48457355797291 679.20151717960835 474.84911943972111 367.34808184206486 171.85869386047125 2905.4144202619791 1708.3194399401546
leaf_count=1693 1044 9129 15322 45 6690 4428 3477 1650 7455 5092 4743 24874 6479 7097 5680 5635 11065 9702 1515 1947 5295 4755 3043 11380 2296 4882 1850 1460 892 13049 5310
internal_value=0 -0.0479647 0.0391864 0.0201561 -0.0279026 -0.0219665 0.0706488 0.117161 0.0255732 -0.11065 -0.00666485 -0.103017 0.0536441 -0.00231979 0.0424905 -0.0175925 0.0113614 -0.0270291 -0.0783946 -0.0646288 -0.0560573 0.0282437 0.0329177 -0.0639491 -0.0026567 -0.0534417 0.0363825 0.0382974 -0.0735536 -0.0135938 0.0434834
internal_weight=0 19920.1 24327.9 15158.9 14599.7 13855.7 9169.01 2454.72 14556.1 602.819 10198 5320.38 6714.29 5495.37 9060.74 3442.63 5409.51 4788.45 2345.9 3657.7 3069.08 2735.12 6535.62 2683.73 2348.16 1173.39 3626.12 5718.23 851.06 3058.03 3151.27
internal_count=188974 115390 73584 53125 74098 67408 20459 3343 47988 5137 44358 41292 17116 22483 25505 15386 20563 23795 16418 23050 18622 9498 19825 16675 9751 7289 10637 16782 5774 14093 8787
is_linear=0
shrinkage=0.1


Tree=7
num_leaves=32
num_cat=0
split_feature=18 13 82 46 82 82 18 13 13 69 77 93 92 4 18 92 92 88 18 55 41 3 20 69 58 92 16 82 18 82 56
split_gain=6952.01 2423.54 1358.99 963.078 891.62 780.532 646.65 550.283 539.81 486.536 309.168 246.926 223.198 195.657 194.87 172.806 157.068 155.952 128.677 125.406 123.338 123.066 117.578 117.494 116.241 114.405 107.098 102.756 100.058 100.02 94.2891
threshold=4.5000000000000009 42.45000000000001 742.50000000000011 1.5000000000000002 1.0000000180025095e-35 307.50000000000006 1.5000000000000002 8.8500000000000032 4.6500000000000012 268.15000000000003 1.5815814950379998 0.14936646825746611 0.044215935891600909 4.5000000000000009 1.5000000000000002 0.063484158369674068 0.15028454781640482 132.50000000000003 3.5000000000000004 13.750000000000002 12.850000000000003 58.750000000000007 6.5000000000000009 7.3500000000000005 41.850000000000001 0.12013081975059156 37.350000000000001 99.500000000000014 1.5000000000000002 189.50000000000003 417.00000000000006
decision_type=8 8 8 8 10 8 10 10 10 8 8 2 2 2 10 2 2 8 10 10 10 2 8 8 8 2 10 10 10 8 10
left_child=3 2 7 4 -1 8 -7 15 14 11 16 19 27 18 26 24 17 20 28 -3 -9 -12 -11 -15 -2 -6 -5 30 -14 -13 -10
right_child=1 9 -4 5 25 6 -8 10 12 22 21 29 13 23 -16 -17 -18 -19 -20 -21 -22 -23 -24 -25 -26 -27 -28 -29 -30 -31 -32
leaf_value=0.13211661868678304 -0.0010728110748004773 -0.041658671676871727 -0.13497448773818441 0.04437627896384199 0.021746169830209258 0.10500220250611494 -0.12370088643237326 -0.012149393315070115 -0.11725286912258887 -0.12717534412446782 -0.091301419103730394 -0.024508485415163976 0.00053337078397624864 0.029434922551677973 0.07226770953123747 0.032345058764938449 0.045573010942656693 0.0018915748674240012 0.014741098819698196 -0.085678267738478003 -0.043542195319238253 0.12901180371986801 -0.060076947113835925 -0.016237870527608372 -0.13755910339997277 0.0678769182895059 -0.019188638642140859 -0.12037192043472573 0.052981794335309321 -0.12652829060899187 -9.8705978846879173e-06
leaf_weight=2050.9770321846008 1674.6549729928374 790.72163038700819 865.14983312785625 1253.9229372292757 1309.7939209416509 159.96105187386274 544.3333894982934 2342.8348420932889 71.580425336956978 2104.1777120158076 708.52466329932213 1451.6347223296762 402.53468942642212 1014.2250341102481 4039.2972396016121 3533.2973069995642 398.57400994002819 2439.6763785108924 1622.3024911880493 3565.1522850170732 2686.7633163630962 26.295605815947056 298.16319223493338 1266.7262427359819 64.814729280769825 911.89046338200569 336.10851348936558 80.690140679478645 3773.8357735872269 102.91143255680799 1644.2571229785681
leaf_count=1630 6776 4760 8397 3426 4206 214 5220 10506 434 19461 5466 7542 1486 3159 8445 11183 1225 10580 5563 26166 14305 89 2187 5137 509 1975 1318 478 9934 892 6305
internal_value=0 -0.0377246 -0.013376 0.0423363 0.084572 0.0312036 -0.0717573 -0.00579421 0.0358804 -0.0809006 -0.0213852 -0.0654767 0.0217936 0.0288823 0.0605944 0.0196429 -0.0155916 -0.0188555 0.0386423 -0.0776874 -0.0289191 -0.0834175 -0.118848 0.00407054 -0.00615845 0.0406805 0.0309396 -0.0100873 0.0479266 -0.0312622 -0.00490095
internal_weight=0 23053.3 14740.6 20482.4 4272.66 16209.8 704.294 13875.4 15505.5 8312.76 8602.67 5910.42 9876.15 8079.62 5629.33 5272.77 7867.85 7469.27 5798.67 4355.87 5029.6 734.82 2402.34 2280.95 1739.47 2221.68 1590.03 1796.53 4176.37 1554.55 1715.84
internal_count=188974 130044 69036 58930 7811 51119 5434 60639 45685 61008 42171 39360 32496 25279 13189 18468 36616 35391 16983 30926 24811 5555 21648 8296 7285 6181 4744 7217 11420 8434 6739
is_linear=0
shrinkage=0.1


Tree=8
num_leaves=32
num_cat=0
split_feature=18 69 18 82 46 82 27 13 82 32 92 18 82 92 92 94 2 82 2 55 16 18 2 27 77 88 92 18 82 13 67
split_gain=5812.46 1503.2 1352.64 879.884 710.794 727.299 644.506 471.715 401.247 525.066 336.405 321.998 318.321 206.259 190.138 182.901 171.892 164.576 179.639 135.262 123.763 123.013 122.182 111.177 106.564 104.003 103.431 103.075 97.0499 95.8313 93.8934
threshold=6.5000000000000009 94.65000000000002 3.5000000000000004 742.50000000000011 1.5000000000000002 6.5000000000000009 21.850000000000005 22.850000000000005 265.50000000000006 1.5000000000000002 0.15205771779298308 1.5000000000000002 401.00000000000006 0.072742437779413915 0.046833418993775307 0.30624190381155963 4.5000000000000009 26.500000000000004 3.5000000000000004 95.450000000000017 39.050000000000004 2.5000000000000004 3.5000000000000004 5.3500000000000005 -1.9479763683878797 12.500000000000002 0.15028454781640482 7.5000000000000009 10.500000000000002 52.750000000000007 14.500000000000002
decision_type=8 8 10 8 8 10 10 10 8 10 2 10 8 2 2 2 2 10 2 8 10 10 2 8 10 10 2 10 10 10 8
left_child=2 6 4 7 5 -1 12 15 10 -10 11 20 14 30 -2 24 21 -8 29 25 23 -13 -16 -6 -4 -9 -20 -15 -29 -19 -3
right_child=1 13 3 -5 8 -7 17 19 9 -11 -12 16 -14 27 22 -17 -18 18 26 -21 -22 -23 -24 -25 -26 -27 -28 28 -30 -31 -32
leaf_value=0.12811402711792719 -0.036354707408142832 -0.085083263111042529 -0.046121787561765902 -0.13027118046910424 0.030078792925418221 0.040541656685542028 -0.08086898836854732 0.010658466324116314 0.10479868560306156 -0.11427340109804258 0.081374982754523137 0.061294477416564908 -0.1271137701428072 0.0025478349112241887 0.020460136106603619 0.042973557289850521 0.0089311499008193403 0.0078517583070704926 -0.067762429025478244 -0.07039593550901313 -0.13532498201033025 0.033643679508410018 -0.01034710614863122 -0.013428440514442967 0.013370050520866612 -0.033088968928623015 0.056537789790642196 -0.13366901911817722 -0.05195683567911779 -0.045488693966977266 -0.1188656431734576
leaf_weight=1912.4516712129116 1444.0907465815544 1277.8380159288645 324.54315178841352 490.18050094693899 1004.6622910946608 1881.2919014394283 1704.1198100075126 884.63011549413204 154.76760715991259 373.27501140534878 1619.9317137375474 3599.9020358175039 217.96639961749315 235.17289952933788 2516.9102819487453 2464.5483260154724 1286.2961988821626 782.98574810475111 1748.5715417861938 576.62104389816523 64.867212772369385 2909.1112800464034 2635.2557605877519 1413.9906081408262 4166.2448638752103 1408.9194229319692 69.608378455042839 196.69634163379669 556.83481574803591 591.08331701904535 2309.9973961412907
leaf_count=1634 7690 10384 1714 5127 3048 5147 12023 3868 245 3586 3058 8439 2285 1303 9105 6750 4471 3537 11256 3788 394 8609 11407 5609 14958 7381 217 1955 3922 3830 22234
internal_value=0 -0.0470927 0.0287962 0.000485255 0.046801 0.0846875 -0.028101 0.00700851 0.0352347 -0.0500641 0.0390201 0.032345 -0.00821473 -0.0956894 -0.00428583 0.0210838 0.0423351 -0.0557765 -0.0423813 -0.0271004 0.000987786 0.0489363 0.00470269 0.00464363 0.00907066 -0.0162154 -0.0630036 -0.0552485 -0.0732864 -0.0150937 -0.106834
internal_weight=0 16287.1 26536.2 10315.7 16220.5 3793.74 11710.6 9825.51 12426.8 528.043 11898.8 10278.8 6814.22 4576.54 6596.26 6955.34 7795.31 4896.37 3192.25 2870.17 2483.52 6509.01 5152.17 2418.65 4490.79 2293.55 1818.18 988.704 753.531 1374.07 3587.84
internal_count=188974 101148 87826 43586 44240 6781 61350 38459 37459 3831 33628 30570 30487 39798 28202 23422 21519 30863 18840 15037 9051 17048 20512 8657 16672 11249 11473 7180 5877 7367 32618
is_linear=0
shrinkage=0.1


Tree=9
num_leaves=32
num_cat=0
split_feature=13 18 18 82 69 82 18 60 13 18 92 82 70 93 13 27 89 2 92 18 86 16 18 82 13 20 92 13 82 17 63
split_gain=4835.18 1328.08 1097.22 931.095 496.985 490.273 1245.32 358.175 322.09 283.6 267.648 257.303 234.465 182.351 172.601 168.964 161.166 152.423 145.532 131.509 130.111 119.61 117.945 131.064 109.06 107.573 103.211 101.697 98.1696 95.4762 90.3256
threshold=20.150000000000002 3.5000000000000004 7.5000000000000009 742.50000000000011 268.15000000000003 1.0000000180025095e-35 1.5000000000000002 3.5000000000000004 4.1500000000000012 1.5000000000000002 0.087641885855010315 162.50000000000003 449.00000000000006 0.30336211066870095 4.6500000000000012 83.550000000000011 -44.999999999999993 3.5000000000000004 0.054491771842327709 1.5000000000000002 217.50000000000003 37.350000000000001 1.5000000000000002 345.50000000000006 61.150000000000013 6.5000000000000009 0.10239625977591062 2.9500000000000006 742.50000000000011 5.1250000000000009 -2.1163992539870402
decision_type=8 10 8 8 8 10 10 8 10 10 2 8 10 2 10 10 10 2 2 10 8 10 10 8 10 8 2 10 8 10 10
left_child=1 5 7 8 10 6 -1 22 30 13 15 16 18 21 -11 28 24 26 -10 -13 29 27 -2 -24 -9 -6 -14 -7 -4 -18 -3
right_child=2 3 4 -5 25 9 -8 11 12 14 -12 19 17 -15 -16 -17 20 -19 -20 -21 -22 -23 23 -25 -26 -27 -28 -29 -30 -31 -32
leaf_value=0.12488849334108548 0.083137495531721381 -0.060456250939066085 -0.049017001222058841 -0.125821398335805 -0.117844670707224 0.046316337939927121 -0.12579450818864296 -0.032979173264604714 -0.064854675364608663 0.0665688733086756 -0.012484438826322516 0.07912926448704885 0.011797973402527652 0.067974365413301638 0.037389360059075442 -0.092453132522167941 -0.00038268156443132075 -0.0048492404718634722 -0.010760978960793 -0.1162143696373542 0.017569426966007974 -0.031033619238679873 0.021075908118072643 -0.1270324814188499 -0.10263789234621666 -0.051631321874959772 0.046842998198988593 0.0022714355986502319 -0.13142845341322515 -0.038417637752865802 0.045411130548737681
leaf_weight=1649.5182744264603 303.22651590406895 83.564302816987038 3348.4041468128562 540.22820606827736 1946.3862411901355 788.27151188999414 225.22520809620619 669.45543520152569 711.12970782071352 3554.5218409821391 1221.0390005111694 37.611539602279663 2608.3848650231957 573.2516865208745 4717.6693621203303 1525.6686826944351 1104.9187855646014 3964.6755947247148 1654.4384539723396 411.74519300460815 1102.7178748771548 663.99386345595121 1180.9536904543638 62.932194389402866 338.35514484345913 280.75785065442324 1239.8272271305323 1564.9815999343991 151.06586062163115 1638.9162815436721 2264.9621792137623
leaf_count=1512 554 432 21360 6160 20393 2053 2567 3690 4255 7451 6108 71 9891 1188 13053 12661 4924 16110 7228 4029 4697 2799 4530 713 2621 2213 3398 5609 1551 8989 6164
internal_value=0 0.0255419 -0.0448791 0.00271917 -0.0689396 0.0472512 0.0947723 -0.0151205 0.00826251 0.0397411 -0.0544781 -0.0274699 0.000560178 0.0162721 0.0499277 -0.064682 -0.0207686 0.00891159 -0.0270225 -0.0998639 -0.0114419 0.00644908 0.027215 0.0135826 -0.0563659 -0.109498 0.0230889 0.0170252 -0.0525746 -0.0231013 0.0416442
internal_weight=0 26804.6 15324.2 13067.2 8473.32 13737.4 1874.74 6850.83 12527 11862.7 6246.18 5303.72 10178.5 3590.5 8272.19 5025.14 4854.36 7812.89 2365.57 449.357 3846.55 3017.25 1547.11 1243.89 1007.81 2227.14 3848.21 2353.25 3499.47 2743.84 2348.53
internal_count=188974 89870 99104 53638 64286 36232 4079 34818 47478 32153 41680 29021 40882 11649 20504 35572 24921 29399 11483 4100 18610 10461 5797 5243 6311 22606 13289 7662 22911 13913 6596
is_linear=0
shrinkage=0.1


Tree=10
num_leaves=32
num_cat=0
split_feature=18 55 32 82 82 46 82 82 13 27 18 92 92 68 13 69 27 2 4 13 13 92 21 6 27 70 94 4 92 84 92
split_gain=4062.43 1203.36 1032.19 556.42 493.949 471.521 661.454 639.746 413.551 390.922 247.92 178.584 175.836 170.123 157.809 125.872 123.257 108.086 106.997 102.254 101.666 109.509 98.4273 98.2955 97.2833 97.0306 85.6709 85.3199 81.8716 91.6716 78.6441
threshold=6.5000000000000009 83.250000000000014 3.5000000000000004 545.50000000000011 401.00000000000006 1.5000000000000002 1.0000000180025095e-35 742.50000000000011 9.2500000000000018 13.750000000000002 1.5000000000000002 0.095952112029591377 0.069905956222667168 56.250000000000007 51.050000000000004 153.75000000000003 25.250000000000004 5.5000000000000009 5.5000000000000009 7.4500000000000011 7.6500000000000012 0.089454781155514071 0.74312843412044127 1175.0000000000002 91.950000000000017 409.00000000000006 0.22871415294742428 3.5000000000000004 0.12583333333333332 15.500000000000002 0.15205771779298308
decision_type=8 8 8 8 8 10 10 8 10 10 10 2 2 8 10 8 10 2 2 10 10 2 10 2 10 10 2 2 2 10 2
left_child=2 4 5 8 9 6 -1 11 15 19 -5 27 23 16 17 18 -3 25 30 -2 21 -15 -21 -11 -25 -10 -18 -7 29 -8 -4
right_child=1 13 3 10 -6 7 28 -9 14 12 -12 -13 -14 20 -16 -17 26 -19 -20 22 -22 -23 -24 24 -26 -27 -28 -29 -30 -31 -32
leaf_value=0.12055829796138773 0.019297592056268759 -0.0032515816341004999 0.034056525386184928 0.1195532140855043 -0.12314050846741575 0.040295508182076376 -0.025775201462236386 -0.12252592206486482 -0.047229352862776602 0.013487510673285902 -0.12384589921906988 0.052928445508623023 -0.013322104142456315 -0.096452123097899398 -0.034186747090659907 -0.036684954013168451 -0.087188268833644111 -0.040295954378874149 -0.0017726860154070945 -0.00054233301443778028 -0.11297169106948249 0.023157094996119631 -0.042086279396933858 -0.045907362448987021 -0.089009928481616596 0.0091339108600977173 -0.024760405958956063 0.012227601548218519 0.058971666915871315 0.037114737333137131 0.073257620359297768
leaf_weight=1723.2216362729669 1879.0977439060807 286.64854854345322 3938.4214230552316 46.314034931361675 480.45079816132784 1861.5731828436255 362.84943499416113 256.29893239587545 324.95217172056437 234.66119141876698 433.96480967104435 4081.2102479785681 2077.7845924496651 211.89280592650175 1573.6003197878599 269.5639209523797 1141.5353105068207 562.86374527215958 743.89957567304373 2497.0302356183529 2022.2579649165273 119.83660645037889 739.09748245030642 3072.916461057961 631.19848842918873 5084.8705778345466 272.2519663348794 2589.4854621440172 698.66437141597271 641.64012460410595 588.19516065716743
leaf_count=1809 6387 1528 11327 47 5517 5156 1426 3174 1851 1297 5232 9694 10083 1938 8878 1213 10221 2737 2622 11163 21806 652 3909 19706 5146 19226 1795 8865 1542 1867 1160
internal_value=0 -0.0402416 0.0243243 0.00533834 -0.0238652 0.0454113 0.0768777 0.0331436 0.00921808 -0.0195805 -0.100375 0.0378198 -0.0368596 -0.0871448 -0.00601354 0.0299655 -0.0630436 0.00140914 0.0333743 0.000743267 -0.104555 -0.0532435 -0.0100305 -0.0492761 -0.0532522 0.00574834 -0.0751666 0.0239665 0.0326824 0.0143972 0.0391504
internal_weight=0 15666.7 25781.6 13566.6 11612.2 12214.9 3426.38 8788.57 13086.4 11131.8 480.279 8532.27 6016.56 4054.42 7546.29 5540.08 1700.44 5972.69 5270.52 5115.23 2353.99 331.729 3236.13 3938.78 3704.11 5409.82 1413.79 4451.06 1703.15 1004.49 4526.62
internal_count=188974 101148 87826 54293 63208 33533 6644 26889 49014 57691 5279 23715 36232 37940 32692 16322 13544 23814 15109 21459 24396 2590 15072 26149 24852 21077 12016 14021 4835 3293 12487
is_linear=0
shrinkage=0.1


Tree=11
num_leaves=32
num_cat=0
split_feature=13 18 69 82 18 82 18 4 13 92 60 82 92 88 70 32 41 18 13 92 2 41 93 16 92 82 22 32 92 92 82
split_gain=3380.85 954.846 909.13 721.447 469.442 457.83 980.541 236.518 231.286 208.079 198.539 255.468 194.018 187.049 175.881 173.487 138.288 122.552 122.291 117.982 116.195 102.927 101.158 96.1943 94.071 93.5713 90.3706 92.6353 81.7446 81.0788 80.7554
threshold=20.150000000000002 3.5000000000000004 268.15000000000003 742.50000000000011 7.5000000000000009 1.0000000180025095e-35 1.5000000000000002 5.5000000000000009 4.1500000000000012 0.087641885855010315 2.5000000000000004 364.50000000000006 0.095952112029591377 132.50000000000003 449.00000000000006 1.5000000000000002 88.850000000000009 1.5000000000000002 35.350000000000001 0.043160627251536306 3.5000000000000004 12.850000000000003 0.25416050489017777 37.550000000000004 0.094225007558890614 98.500000000000014 1.0000000180025095e-35 7.5000000000000009 0.14521926530867671 0.072742437779413915 41.500000000000007
decision_type=8 10 8 8 10 10 10 2 10 2 10 8 2 8 10 8 10 10 10 2 2 10 2 10 2 8 10 10 2 2 10
left_child=1 5 4 8 10 6 -1 12 -3 16 25 13 17 21 19 -4 26 23 24 -10 -16 -12 -9 -7 -17 -2 27 -6 -11 -23 -28
right_child=2 3 15 -5 9 7 -8 22 14 28 11 -13 -14 -15 20 18 -18 -19 -20 -21 -22 29 -24 -25 -26 -27 30 -29 -30 -31 -32
leaf_value=0.11947276911745636 0.013525026800333032 0.035283959198656664 0.07462000722713967 -0.12031797571681568 -0.0018087509546297069 0.014952831658513459 -0.12043498631054428 -0.012438500516021689 -0.077727899974311121 -0.021465908953315162 0.0053429623996663345 -0.1235921600680282 0.055371588152078259 0.013849805105068362 0.019873556629022675 -0.079090519139802029 -0.085941798809067479 0.035448493151102822 -0.10841825035052698 -0.014471864294130747 -0.0045764476887306931 -0.05002764659213696 0.032481347812761165 -0.051222799649876305 0.011245665882311707 0.080553404906837794 -0.08537732817810996 -0.048065496974212564 0.047306070503967533 -0.0082054863176962613 -0.042642527719009657
leaf_weight=1410.2024651169777 684.86956939101219 2308.8797286525369 61.207785166800022 463.6734808459878 687.39072786271572 878.66393811255693 193.77316299080849 1390.2618679702282 345.96356505155563 1003.9652190506458 762.54321983456612 208.3942993208766 4496.2324747219682 1911.2501874193549 3823.1873977482319 497.41449125111103 1166.5887876525521 3761.245040602982 1918.0219335705042 1995.9871053174138 3953.8203936815262 1524.8284417167306 784.06318863481283 292.87947636842728 150.04730087518692 299.28063978999853 825.50523681938648 1169.5647818669677 208.77896561473608 666.01675873249769 952.29501242190599
leaf_count=1512 2662 6596 191 6160 3877 2973 2567 5236 2257 5376 3245 2581 10206 8186 13289 4749 10647 10267 21882 9226 16110 9165 2088 1383 937 797 6421 8319 732 3029 6308
internal_value=0 0.0215158 -0.0384477 0.00215548 -0.0268463 0.0404131 0.09049 0.0334908 0.00672487 -0.0466372 -0.00719622 -0.0151704 0.0403468 -0.0105257 0.000208441 -0.0917636 -0.0559855 0.0266516 -0.0957332 -0.0238163 0.00744321 -0.0263001 0.00375963 -0.00159072 -0.0581554 0.0339084 -0.0463709 -0.0309426 -0.00962653 -0.0373137 -0.062486
internal_weight=0 26098.8 14698 12891.5 12071.3 13207.3 1603.98 11603.3 12427.8 6014.09 6057.18 5073.03 9429.02 4864.64 10119 2626.69 4801.34 4932.79 2565.48 2341.95 7777.01 2953.39 2174.33 1171.54 647.462 984.15 3634.76 1856.96 1212.74 2190.85 1777.8
internal_count=188974 89870 99104 53638 71345 36232 4079 32153 47478 41680 29665 26206 24829 23625 40882 27759 35572 14623 27568 11483 29399 15439 7324 4356 5686 3459 24925 12196 6108 12194 12729
is_linear=0
shrinkage=0.1


Tree=12
num_leaves=32
num_cat=0
split_feature=18 69 27 18 82 82 13 4 32 82 92 18 94 2 82 18 92 90 55 82 77 41 67 4 74 94 55 56 16 63 16
split_gain=2851.21 969.25 766.552 384.187 387.111 379.502 319.951 286.727 340.346 185.613 172.726 166.462 156.355 147.656 147.406 613.741 146.47 129.813 124.716 108.304 97.2838 95.6769 95.2453 91.9381 91.8067 86.081 84.8771 83.9273 83.7894 101.536 75.2936
threshold=6.5000000000000009 94.65000000000002 5.3500000000000005 3.5000000000000004 742.50000000000011 401.00000000000006 46.150000000000013 3.5000000000000004 1.5000000000000002 230.50000000000003 0.072742437779413915 1.5000000000000002 0.24515951595159513 3.5000000000000004 1.0000000180025095e-35 1.5000000000000002 0.21968832934880353 132.50000000000003 18.850000000000005 27.500000000000004 -0.99968229512304319 6.0500000000000007 14.500000000000002 5.5000000000000009 1.5000000000000002 0.12976091572048368 7.4500000000000011 463.00000000000006 35.150000000000013 0.61498058638194986 38.45000000000001
decision_type=8 8 8 10 8 8 10 2 8 8 2 10 2 2 10 10 2 8 8 10 10 10 8 2 8 2 10 10 10 8 10
left_child=2 5 14 7 12 6 13 8 -4 20 22 -11 18 19 15 -1 -16 26 -5 -2 -10 -15 -3 24 -9 -19 -8 -21 -12 -30 -26
right_child=1 10 3 4 -6 -7 17 23 9 11 28 -13 -14 21 16 -17 -18 25 -20 27 -22 -23 -24 -25 30 -27 -28 -29 29 -31 -32
leaf_value=0.11723848718321053 -0.017234881203690471 -0.066583626553855274 0.11417584383871174 0.0027492640854876499 -0.11876785448949466 -0.11821788309881998 -0.015241706256514885 0.049619139470978679 -0.012923785726826245 0.11480753459790892 0.011007271962694663 -0.12153070057122461 0.012971823560409613 0.0043216721236461145 0.034553692131209846 -0.11775991352312376 0.072803451694154434 -0.07439223797545684 -0.032119531163007101 -0.0017611871578928383 0.042210628228033689 -0.029083939877796318 -0.103811254331571 -0.015594736928679243 0.012529407724801548 -0.0048933155116739823 -0.070111565950643426 0.034397601356219595 -0.013533733306937239 -0.093244472144912438 -0.041675928433400775
leaf_weight=772.6364780664444 1137.2835197523236 1104.0121613442898 566.9277965426445 1854.6808989942074 304.90472406893969 377.93323685228825 345.38583978265524 626.76261159777641 361.29008684307337 38.119015425443649 240.39678885787725 136.59219853579998 3165.6917920708656 1234.5048584416509 6281.4447131603956 129.80762875080109 1190.9477721005678 218.63488349318504 2295.1116717532277 1084.4858481362462 2802.5438696295023 2806.4990958869457 1820.5180857032537 1366.7658413350582 2910.7479108944535 964.06715792417526 1534.1735291332006 1572.9477431997657 285.72688897699118 362.59953136742115 280.99411627650261
leaf_count=901 5355 10384 686 7660 4290 4888 2008 1582 1364 47 1541 1904 11264 5006 17526 1888 2273 1840 12530 4687 7403 14532 22234 5411 9849 5687 11856 5491 1952 3687 1248
internal_value=0 -0.0344428 0.0205677 0.0081928 -0.00836794 -0.0197042 -0.0162878 0.022075 0.0425387 0.0303737 -0.0780254 -0.0699657 -0.00376655 -0.00557629 0.0452604 0.0834363 0.0406499 -0.0436964 -0.0165355 0.00858949 0.0359146 -0.0188787 -0.0897578 0.00666201 0.0146284 -0.0177409 -0.0600287 0.0196414 -0.0394175 -0.0581148 0.00775729
internal_weight=0 15089.2 25086 16711.1 7620.39 11275.9 10898 9090.74 3905.47 3338.55 3813.25 174.711 7315.48 7835.72 8374.84 902.444 7472.39 3062.26 4149.79 3794.72 3163.83 4041 2924.53 5185.27 3818.5 1182.7 1879.56 2657.43 888.723 648.326 3191.74
internal_count=188974 101148 87826 65238 35744 61350 56462 29494 11404 10718 39798 1951 31454 35071 22588 2789 19799 21391 20190 15533 8767 19538 32618 18090 12679 7527 13864 10178 7180 5639 11097
is_linear=0
shrinkage=0.1


Tree=13
num_leaves=32
num_cat=0
split_feature=32 13 82 18 82 18 82 18 69 92 18 18 92 70 2 80 82 90 18 93 13 86 94 92 55 4 62 27 13 16 2
split_gain=2482.2 1149.27 640.538 477.797 491.196 475.966 354.968 327.099 315.102 221.956 203.893 202.392 177.82 130.49 142.02 129.035 113.821 135.834 111.604 102.391 93.2496 88.6277 85.6457 84.8882 84.0069 78.3736 76.8666 73.305 73.0605 86.04 72.5084
threshold=4.5000000000000009 61.150000000000013 504.50000000000006 2.5000000000000004 6.5000000000000009 1.5000000000000002 742.50000000000011 9.5000000000000018 231.55000000000004 0.073006128056281164 1.5000000000000002 1.5000000000000002 0.093115172120696962 417.00000000000006 4.5000000000000009 2.5000000000000004 384.50000000000006 134.50000000000003 8.5000000000000018 0.37948704472591582 1.7500000000000002 62.500000000000007 0.17251791819238846 0.023368947488065405 60.750000000000007 5.5000000000000009 2.0000000000000004 9.4500000000000011 8.8500000000000032 33.250000000000007 5.5000000000000009
decision_type=8 10 8 10 10 10 8 10 8 2 10 10 2 10 2 8 8 8 10 2 10 8 2 2 10 2 10 10 10 10 2
left_child=3 2 7 4 5 -1 12 9 16 13 20 22 18 -2 -15 21 17 24 23 28 -6 27 -4 -5 -3 -25 -19 -9 -11 -30 -20
right_child=1 8 11 6 10 -7 -8 15 -10 19 -12 -13 -14 14 -16 -17 -18 26 30 -21 -22 -23 -24 25 -26 -27 -28 -29 29 -31 -32
leaf_value=0.11549894149203779 -0.060187171147703306 -0.047548439173366555 -0.080403890420306989 -0.082062507662681028 0.05740925759531023 -0.084137966892113072 -0.11583696813820266 -0.0095823348646344435 -0.10449979471700065 0.025787181085352068 0.050232131944926164 -0.11709721554573259 0.031616900853610991 0.0017711028803101684 -0.035936748730485829 -0.084073575305076712 -0.12286958912447805 0.032354844161084417 -0.0114095557396902 0.059772803790311836 0.0050316223072078975 -0.0070037472059427223 0.040948552401875157 0.019424908853271333 -0.089976685202715165 -0.022109140269689881 -0.031755931791397927 -0.059960810234418016 0.051683732559223809 -0.0040662513039846195 -0.087642740759918361
leaf_weight=1356.8026873767376 485.98334071785212 1388.4086027815938 100.84785675257444 92.289303950965405 400.65250759571791 130.95084857195616 207.85129431262612 424.45729055255651 1395.2550467997789 2316.3430070579052 3306.8163814097643 701.69503534212708 4354.4379084929824 4671.0528854578733 1270.4893416166306 444.05983708053827 198.28287198394537 216.71458207815886 1383.2604273334146 503.95752725750208 2241.7195885255933 1281.7638394162059 137.38796134293079 4082.3405006602407 702.92909771949053 511.21141581982374 1364.6144403666258 903.92638867348433 310.22270205616951 2571.677009858191 137.13658818602562
leaf_count=1701 3774 9937 1071 521 901 1689 3275 1936 18255 6911 7724 10229 12798 19646 6721 4450 2461 1266 6975 1168 7549 6372 725 14370 6376 2265 9637 5800 987 10521 963
internal_value=0 -0.0231969 -0.00994988 0.0270413 0.0465353 0.0979271 0.0135783 -0.00499089 -0.0637563 0.00237408 0.0336834 -0.090059 0.0161254 -0.010367 -0.00629203 -0.0342407 -0.0490706 -0.0450862 0.00525628 0.0167359 0.0129734 -0.0257628 -0.0104213 0.0128948 -0.0618092 0.0148026 -0.0229698 -0.0438634 0.0125635 0.00193497 -0.0182856
internal_weight=0 21390.1 16123.9 18205.5 7436.94 1487.75 10768.5 15183.9 5266.2 12129.7 5949.19 939.931 10560.7 6427.53 5941.54 3054.21 3870.95 3672.67 6206.24 5702.2 2642.37 2610.15 238.236 4685.84 2091.34 4593.55 1581.33 1328.38 5198.24 2881.9 1520.4
internal_count=188974 128243 80311 60731 19564 3390 41167 68286 47932 49728 16174 12025 37892 30141 26367 18558 29677 27216 25094 19587 8450 14108 1796 17156 16313 16635 10903 7736 18419 11508 7938
is_linear=0
shrinkage=0.1


Tree=14
num_leaves=32
num_cat=0
split_feature=32 13 82 18 82 18 82 69 18 18 92 18 13 55 82 90 92 93 68 84 89 2 16 32 55 13 93 13 6 63 70
split_gain=2048.54 983.237 565.055 410.101 475.231 424.449 310.308 304.985 268.659 191.286 187.48 171.929 153.204 120.798 112.813 123.007 108.417 97.5217 93.5128 90.8957 89.4392 88.2638 83.1043 82.4538 82.4353 81.5842 77.0919 69.0608 68.1063 84.6388 67.0636
threshold=4.5000000000000009 61.150000000000013 504.50000000000006 2.5000000000000004 6.5000000000000009 1.5000000000000002 742.50000000000011 268.15000000000003 9.5000000000000018 1.5000000000000002 0.059318670738212863 1.5000000000000002 3.7500000000000004 83.250000000000014 384.50000000000006 134.50000000000003 0.093115172120696962 0.37948704472591582 56.250000000000007 33.500000000000007 55.000000000000007 4.5000000000000009 37.150000000000013 1.5000000000000002 30.050000000000004 8.8500000000000032 0.21883440307113375 2.3500000000000001 1350.0000000000002 0.72482159872922813 505.00000000000006
decision_type=8 10 8 10 10 10 8 8 10 10 2 10 10 8 8 8 2 2 8 10 8 2 10 10 10 10 2 10 2 10 10
left_child=3 2 8 4 5 -1 12 14 10 26 18 19 -5 -10 15 24 20 25 28 22 21 23 -6 -14 -3 -12 -4 -21 -2 -30 -15
right_child=1 7 9 6 11 -7 -8 -9 13 -11 17 -13 16 30 -16 -17 -18 -19 -20 27 -22 -23 -24 -25 -26 -27 -28 -29 29 -31 -32
leaf_value=0.11375959114035905 0.012024741247560644 -0.036243499021583095 -0.039668122074367651 0.038389838684655016 0.00998104668009798 -0.079384795289804092 -0.114106933807663 -0.10315257176873667 -0.023612633465592749 -0.11503693452979885 0.021832922535601134 0.046132252798787771 -0.015174767296026287 -0.095174655394594812 -0.12028572853709996 -0.021133422602053493 0.023352758711483772 0.05486649379311194 -0.04474483411308236 0.066607040939801396 -0.027607166658052636 -0.022332477657666133 -0.042677925614120364 0.021680724245716734 -0.076302453130131564 -0.0001578843895961381 0.099697696077529652 0.014219533012603576 -0.010269531517378534 -0.069633429572348512 0.073083353298875345
leaf_weight=1245.4913335368037 1247.8927615359426 946.00650791823864 184.00908111035824 2150.0586329847574 1162.7407551631331 125.21765014901757 190.7763432636857 1218.5139321833849 2641.0317949205637 645.7059119194746 2871.4755113497376 3244.0289768502116 788.47953337430954 354.4092553704977 193.13455261662602 1608.5882673487067 3085.4590211287141 494.62377671152353 800.22800717502832 407.68750976026058 974.04980619996786 878.35632387548685 403.76364221423864 2637.7110279947519 1124.1431538462639 4089.9258125200868 50.607615381479263 657.41782147437334 2317.639618113637 267.93953959643841 25.385085299611092
leaf_count=1701 5159 6580 1651 5645 3754 1689 3275 17375 14452 10229 8854 7724 3590 3960 2591 11291 9749 1168 5275 847 4986 4348 1737 9574 10095 17056 145 2112 10645 1571 146
internal_value=0 -0.0212428 -0.00905798 0.0247236 0.0430944 0.0961154 0.012288 -0.0595202 -0.00452076 -0.0869384 0.00214448 0.0307253 0.0145814 -0.0311959 -0.0457886 -0.0418775 0.00846119 0.0119615 -0.013652 0.011733 -0.000243272 0.00594874 -0.00359171 0.0131991 -0.0579965 0.008913 -0.00960644 0.0342718 -0.0071614 -0.0164213 -0.0839285
internal_weight=0 21081.3 15990.9 17951.2 7246.35 1370.71 10704.9 5090.39 15110.6 880.323 12089.7 5875.64 10514.1 3020.83 3871.87 3678.74 8364.06 7456.03 4633.7 2631.61 5278.6 4304.55 1566.5 3426.19 2070.15 6961.4 234.617 1065.11 3833.47 2585.58 379.794
internal_count=188974 128243 80311 60731 19564 3390 41167 47932 68286 12025 49728 16174 37892 18558 30557 27966 32247 27078 22650 8450 22498 17512 5491 13164 16675 25910 1796 2959 17375 12216 4106
is_linear=0
shrinkage=0.1


Tree=15
num_leaves=32
num_cat=0
split_feature=18 69 27 27 18 82 82 18 18 92 82 18 92 82 82 82 86 59 92 92 17 16 67 76 92 17 19 16 82 71 31
split_gain=1742.51 605.064 593.295 277.124 275.506 389.015 226.36 556.307 173.799 141.089 129.069 473.963 119.002 115.761 112.505 109.935 124.276 102.35 98.6894 91.5973 88.076 84.5217 84.1663 83.3483 78.4967 76.8204 78.2962 109.268 73.7055 72.9478 72.1033
threshold=7.5000000000000009 145.35000000000005 5.3500000000000005 21.850000000000005 3.5000000000000004 742.50000000000011 1.0000000180025095e-35 1.5000000000000002 1.5000000000000002 0.036530617831430807 1.0000000180025095e-35 1.5000000000000002 0.21968832934880353 19.500000000000004 167.50000000000003 742.50000000000011 1.0000000180025095e-35 3.8750000000000004 0.091371714062862305 0.14640460488256393 6.291666666666667 38.45000000000001 1.5000000000000002 3.5000000000000004 0.046833418993775307 2.7083333333333335 1550.0000000000002 38.150000000000013 103.50000000000001 4.5000000000000009 6.7083333333333348
decision_type=8 8 8 10 10 8 10 8 10 2 10 10 2 10 8 8 10 8 2 2 10 10 10 8 2 10 10 10 10 8 10
left_child=2 3 10 14 6 9 7 -4 20 -6 11 -1 -12 22 24 16 -5 -15 -3 30 21 29 -11 -10 -2 -26 -27 -28 -25 -8 -18
right_child=1 18 4 15 5 -7 8 -9 23 13 12 -13 -14 17 -16 -17 19 -19 -20 -21 -22 -23 -24 28 25 26 27 -29 -30 -31 -32
leaf_value=0.11219058951674626 -0.025243312377677046 -0.085101482244298587 0.11307441934723757 -0.0007095558105759351 -0.034162164552733409 -0.11399684467458233 0.012682615310251839 -0.11401283958484208 0.030346108592716081 -0.093022655308001273 0.027094554182289718 -0.11296693069187286 0.06204844595835754 0.026509776840759915 -0.061442950149583613 -0.11709978390612807 -0.030908811899476626 -0.0012707172812554623 -0.027194914760294495 0.047852807876343134 -0.055080631521412043 -0.087509924262022074 -0.015676579678513804 0.010477571712133774 0.03428292030518669 -0.022643831813579374 0.026040304515999691 -0.023545688126189887 -0.068306444404302322 -0.051337033566769469 -0.062172768871897113
leaf_weight=596.65313273668289 1123.7026638537645 2060.3985623791814 579.2107692360878 765.49310122430325 1326.4959543272853 333.23634042963386 1231.4350733980536 132.56745225191116 3500.2878581285477 156.84936126321554 6563.8393161594868 110.86270293965936 1143.7293917164207 1895.8838885948062 339.35023784264922 178.37625541910529 1287.4760220274329 4413.543330475688 343.36451499909163 101.29979834705591 411.34857078641653 110.01398517936468 1365.545506618917 2464.6081811860204 718.65649332106113 1158.9655582308769 1368.8662897571921 658.02740260958672 124.75818212330341 208.05763088911772 1727.4411780312657
leaf_count=901 6394 28134 835 4813 8107 5855 4192 2315 9796 1108 19105 2043 2341 6890 3006 2681 8847 19716 3045 351 1911 599 6235 8301 2541 5388 5112 3037 595 950 13830
internal_value=0 -0.0320442 0.0140661 -0.0206253 0.00393904 -0.00786493 0.0167254 0.0707798 0.0119463 -0.00400319 0.0360336 0.07691 0.0322814 0.00110491 -0.00571403 -0.0403385 -0.0368111 0.00707689 -0.0768298 -0.0456793 -0.0139469 -0.00302713 -0.0236454 0.0202838 -0.00195293 0.00474994 -0.00191202 0.0099423 0.00668168 0.00342951 -0.048822
internal_weight=0 11831.4 26668.9 9427.66 18253.8 9491.55 8762.29 711.778 8050.51 9158.32 8415.08 707.516 7707.57 7831.82 5367.57 4060.09 3881.71 6309.43 2403.76 3116.22 1960.86 1549.51 1522.39 6089.65 5028.22 3904.52 3185.86 2026.89 2589.37 1439.49 3014.92
internal_count=188974 87179 101795 56000 77405 47911 29494 3150 26344 42056 24390 2944 21446 33949 25478 30522 27841 26606 31179 23028 7652 5741 7343 18692 22472 16078 13537 8149 8896 5142 22677
is_linear=0
shrinkage=0.1


Tree=16
num_leaves=32
num_cat=0
split_feature=13 18 82 82 69 18 18 13 92 56 46 82 90 20 88 70 94 13 81 31 86 84 16 3 4 59 92 32 42 18 91
split_gain=1482.63 591.551 683.93 477.855 452.772 373.83 242.755 225.604 183.9 156.239 149.324 125.55 166.544 122.609 118.095 117.234 99.9361 93.8194 87.9834 79.8181 78.8018 78.1988 79.7777 77.9254 76.5172 76.062 72.3798 67.3952 64.9423 64.6094 65.7315
threshold=33.650000000000013 2.5000000000000004 742.50000000000011 1.0000000180025095e-35 268.15000000000003 1.5000000000000002 1.5000000000000002 4.8500000000000005 0.032217609410136606 471.00000000000006 6.5000000000000009 15.500000000000002 162.50000000000003 4.5000000000000009 421.00000000000006 475.00000000000006 0.38822894440194861 3.7500000000000004 115.00000000000001 4.1250000000000009 35.500000000000007 55.500000000000007 38.150000000000013 54.250000000000007 6.5000000000000009 6.416666666666667 0.059318670738212863 7.5000000000000009 457.00000000000006 7.5000000000000009 55.183333333333337
decision_type=8 10 8 10 8 10 10 10 2 10 10 10 8 8 8 8 2 10 10 10 8 10 10 2 2 10 2 10 10 8 2
left_child=1 3 7 5 8 -1 17 -3 -2 15 27 -12 25 -6 16 23 19 21 -19 -11 -14 22 -5 -9 -8 -13 -25 -10 -22 -21 -31
right_child=4 2 -4 6 13 -7 24 9 10 14 11 12 20 -15 -16 -17 -18 18 -20 29 28 -23 -24 26 -26 -27 -28 -29 -30 30 -32
leaf_value=0.1111857277725869 -0.061972388314654958 0.024283158946699777 -0.11226060162240362 0.014211626491594347 -0.095327004427074008 -0.11276306542540196 0.041650254214147801 0.0030632156067127722 0.014509006829282883 0.011777995880154938 -0.064151331467448933 -0.019059381557228496 -0.040016327660575016 -0.026106230029260727 0.027544802299893464 -0.052484733883863134 0.051433590156311632 -0.0010197039050425904 -0.056514986540045289 -0.0034015109352938592 -0.01520212348911072 0.051266549904355002 -0.07833186131350249 -0.039642185524803086 -0.014009401442671324 -0.060749244477717561 -0.0083363394190573408 -0.019294258342787814 0.0372671450056766 -0.00092871965511139238 -0.054228621779827173
leaf_weight=994.94400084018707 1121.8323728702962 4321.1746717020869 517.96302413195372 1035.1458401158452 1351.4632096923888 80.574228301644325 4431.6813204884529 3112.4111314564943 1496.8437085486948 2021.5396461263299 852.25215089321136 831.629728987813 291.17618460208178 315.65475566312671 2237.5031836777925 661.89096912369132 354.69586262106895 1543.291595697403 350.5837244912982 1938.1069583743811 363.31712919101119 569.90312732756138 102.36304367333651 1120.9744170755148 261.56721612811089 923.71983213350177 2164.6609831824899 973.33936792612076 672.60045745968819 364.88985414803028 632.35484988242388
leaf_count=1614 10115 12679 10029 3163 20776 1512 10962 12652 7696 7914 7771 5421 2037 3341 7952 5395 909 5651 1609 7695 2327 1356 504 5916 932 7362 8647 6102 3525 1770 3640
internal_value=0 0.0110532 0.00110848 0.0316943 -0.0350674 0.0944082 0.0235624 0.00421046 -0.0246233 -0.00172681 -0.0180815 -0.0301797 -0.020787 -0.0822206 0.00827404 -0.0124206 0.000156236 0.00403268 -0.0112927 -0.00351297 0.005946 0.0210317 0.00588375 -0.00827584 0.0385482 -0.0409979 -0.0190171 0.00118933 0.0188651 -0.0140437 -0.0347263
internal_weight=0 28818.2 19448.2 9370.05 9193.83 1075.52 8294.54 18930.2 7526.71 14609 6404.88 3934.7 3082.44 1667.12 7549.09 7059.94 5311.59 3601.29 1893.88 4956.89 1327.09 1707.41 1137.51 6398.05 4693.25 1755.35 3285.64 2470.18 1035.92 2935.35 997.245
internal_count=188974 112501 85198 27303 76473 3126 24177 75169 52356 62490 42241 28443 20672 24117 29880 32610 21928 12283 7260 21019 7889 5023 3667 27215 11894 12783 14563 13798 5852 13105 5410
is_linear=0
shrinkage=0.1


Tree=17
num_leaves=32
num_cat=0
split_feature=32 69 82 82 32 13 92 18 2 4 20 13 94 7 41 16 4 6 17 14 70 48 2 90 28 16 13 31 4 17 41
split_gain=1270 687.883 467.744 296.863 896.369 293.599 211.799 175.37 155.835 129.215 167.78 161.138 115.765 101.299 136.325 97.0906 97.2501 96.7478 94.7269 89.8715 87.2883 85.6192 81.0686 80.0577 78.4781 70.5422 66.9891 66.6226 66.583 66.5679 66.5087
threshold=4.5000000000000009 241.80000000000004 742.50000000000011 683.00000000000011 1.5000000000000002 61.150000000000013 0.21204130144109343 9.5000000000000018 3.5000000000000004 6.5000000000000009 6.5000000000000009 6.7500000000000009 0.30864033211799996 1.5000000000000002 8.1500000000000004 40.250000000000007 3.5000000000000004 2675.0000000000005 2.8750000000000004 477.00000000000006 431.00000000000006 5.5000000000000009 5.5000000000000009 118.50000000000001 499.00000000000006 38.050000000000004 1.9500000000000002 2.5833333333333335 6.5000000000000009 2.8750000000000004 30.250000000000004
decision_type=8 8 8 8 10 8 2 10 2 2 10 10 2 2 10 10 2 2 10 10 10 10 2 8 8 10 10 10 2 10 10
left_child=3 2 5 6 -5 8 9 17 12 10 11 26 19 14 -10 16 20 24 27 28 -13 -15 -16 30 -3 -21 -1 -7 29 -2 -20
right_child=1 7 -4 4 -6 18 -8 -9 13 -11 -12 15 -14 21 22 -17 -18 -19 23 25 -22 -23 -24 -25 -26 -27 -28 -29 -30 -31 -32
leaf_value=0.052276116991756216 0.019843466100752761 -0.068024400356699113 -0.11266998012952417 0.11042962797090577 -0.10834448123039864 0.066851358606260333 0.051723834453388878 -0.096299986344497671 0.0027052498039515536 -0.014911979043931926 0.077053752373549583 -0.022177032132734767 0.031415294123135609 0.0051640734119094518 -0.020677784533332792 -0.069426473584264625 -0.0075191725171249897 0.070181933937410554 -0.029212025872047138 0.033297161259761024 0.028639017009031473 0.091252430270745005 -0.057754974019628313 -0.022501564671961512 -0.017886556235675959 -0.003980204304456926 0.020524762556182637 -0.016373306712040365 -0.11061037036658494 -0.014076178640067986 -0.071016977263178002
leaf_weight=745.04602930694818 749.46948532760143 820.70613078773022 434.44884363934398 963.25830509513617 232.48188739269972 138.0130130648613 1523.5099924653769 1093.2563959509134 2359.3092465996742 1534.3500005602837 431.91570384055376 412.6712213344872 1755.1976697221398 473.57704219222069 2962.7406696081161 188.05908858031034 3231.3280445337296 71.864257838577032 611.92670504003763 1244.7740276828408 1868.856323979795 152.80196408927441 736.25748317688704 1391.7559206187725 503.84787673130631 857.24462152272463 6144.5334457084537 317.39073671400547 62.405945889651775 2537.450415506959 1006.5161148495972
leaf_count=1702 2758 9198 8371 1701 4930 750 3436 18840 9267 6190 1204 1986 5074 1948 15024 1142 14032 395 4492 4266 6005 397 4551 10394 4575 3740 18403 2119 376 11915 9793
internal_value=0 -0.0170729 -0.0101835 0.0198233 0.0678945 -0.00761827 0.0162487 -0.0663047 -0.00112204 0.0125358 0.0157698 0.0136675 0.00907886 -0.0121193 -0.0160776 0.00123089 0.00364121 -0.0428214 -0.0336572 0.00188709 0.0194477 0.0261649 -0.0280577 -0.0400877 -0.0489524 0.0180947 0.0239584 0.00884846 -0.00828474 -0.00634197 -0.0552107
internal_weight=0 20281 17791.3 17276 1195.74 17356.8 16080.3 2489.67 13891.2 14556.8 13022.4 12590.5 7206.54 6684.69 6058.31 5700.91 5512.86 1396.42 3465.6 5451.34 2281.53 626.379 3699 3010.2 1324.55 2102.02 6889.58 455.404 3349.33 3286.92 1618.44
internal_count=188974 128243 95235 60731 6631 86864 54100 33008 59316 50664 44474 43270 28129 31187 28842 23165 22023 14168 27548 23055 7991 2345 19575 24679 13773 8006 20105 2869 15049 14673 14285
is_linear=0
shrinkage=0.1


Tree=18
num_leaves=32
num_cat=0
split_feature=18 73 27 82 27 59 92 82 18 86 13 92 92 92 2 88 6 69 72 70 74 82 82 17 68 92 18 14 45 31 16
split_gain=1095.81 445.177 375.766 233.139 186.696 179.354 156.839 118.137 340.887 104.022 100.599 89.3115 87.4278 86.1888 79.1562 76.2305 76.0324 80.0939 74.0699 86.8842 73.7881 85.5072 81.8224 70.6453 66.0757 63.8084 61.8079 76.6862 61.447 60.1278 59.5593
threshold=7.5000000000000009 16.875000000000004 5.3500000000000005 742.50000000000011 21.850000000000005 3.8750000000000004 0.059318670738212863 1.0000000180025095e-35 1.5000000000000002 103.50000000000001 17.150000000000002 0.14640460488256393 0.18978032473734477 0.21968832934880353 4.5000000000000009 132.50000000000003 1175.0000000000002 11.050000000000002 34.350000000000001 451.00000000000006 2.5000000000000004 211.50000000000003 1.0000000180025095e-35 4.1250000000000009 56.250000000000007 0.030160516875320256 4.5000000000000009 493.00000000000006 13.875000000000002 2.291666666666667 34.650000000000013
decision_type=8 8 8 8 10 8 2 10 10 8 10 2 2 2 2 8 2 10 8 10 8 8 10 10 8 2 10 10 10 10 10
left_child=2 3 7 4 16 20 14 8 -1 11 -3 23 24 -9 18 -16 -2 -18 -7 -20 22 -22 -4 28 26 -11 -8 -28 29 -6 -26
right_child=1 10 5 -5 9 6 12 13 -10 25 -12 -13 -14 -15 15 -17 17 -19 19 -21 21 -23 -24 -25 30 -27 27 -29 -30 -31 -32
leaf_value=0.10873092607523432 0.048443115532547404 -0.036762277094846411 0.090447106488656628 -0.11203395417359774 0.021080938178105378 0.037007891466178638 0.015875601672693002 0.021567166126523731 -0.10935218345383386 -0.064787630378365033 -0.092439356827825586 0.052615695684930089 0.044775616450342476 0.052208601610416044 -0.058603162407685365 0.003894292529070479 0.0048205184894540322 -0.020677609658957985 -0.035784934537216949 -0.0036747313455454166 0.012994254555026239 -0.07063670402374643 0.026573584623038743 -0.054420765342275301 0.009609567020680861 -0.00023341475989231933 -0.018296556214532984 0.030395872085272321 0.11362450073267401 -0.047454007668108589 -0.032520650048855418
leaf_weight=454.94519853591919 270.46784640848637 462.20425628498197 231.2220861390233 257.62985997274518 197.08307923749089 298.87970098853111 3403.4949416406453 6424.9114754423499 85.078635960817337 176.15084741637111 1089.3915746919811 95.393556520342827 534.20848608762026 1071.001198373735 744.24978854879737 264.53570798784494 2908.4477411881089 2137.145088519901 1285.0422432608902 2447.8139747418463 3726.0995764881372 126.40290059521794 1512.056915089488 2111.5628728196025 543.5836776457727 1171.0668533556163 1391.9210944212973 421.34943419694901 34.73039436340332 365.2618462741375 876.80550488084555
leaf_count=901 1031 4791 829 5124 1165 1180 11401 19105 2043 1794 20085 324 1403 2341 4670 1539 12072 11226 8712 11570 13720 1928 4663 18522 2197 7981 6885 1636 192 2872 5072
internal_value=0 -0.0261107 0.0112494 -0.0181742 -0.0156201 0.00314921 -0.00364426 0.0291995 0.0743728 -0.0315114 -0.0758537 -0.0424838 0.00585681 0.0259452 -0.0171618 -0.0422143 -0.00321075 -0.00597964 -0.0108934 -0.0147287 0.0179749 0.0102503 0.0350455 -0.045833 0.00272433 -0.00867398 0.00793067 -0.0069819 -0.0154624 -0.0234348 -0.0163974
internal_weight=0 11276.5 25843.6 9724.94 9467.31 17807.7 12211.9 8035.94 540.024 4151.25 1551.6 2804.03 7171.36 7495.91 5040.52 1008.79 5316.06 5045.59 4031.74 3732.86 5595.78 3852.5 1743.28 2708.64 6637.15 1347.22 5216.77 1813.27 597.075 562.345 1420.39
internal_count=188974 87179 101795 62303 57179 77405 56265 24390 2944 32850 24876 23075 28594 21446 27671 6209 24329 23298 21462 20282 21140 15648 5492 22751 27191 9775 19922 8521 4229 4037 7269
is_linear=0
shrinkage=0.1


Tree=19
num_leaves=32
num_cat=0
split_feature=32 82 13 82 32 18 72 92 63 92 4 32 13 92 2 70 55 84 81 92 42 59 62 68 3 86 93 18 28 94 29
split_gain=910.06 556.268 395.541 260.296 767.89 207.115 186.005 150.615 134.916 118.418 122.976 111.065 100.888 89.502 86.0653 84.2807 82.7694 94.759 90.5049 77.916 77.1789 71.6316 71.2381 69.6791 65.7919 83.2029 77.7405 71.8915 63.4308 63.0788 62.2196
threshold=4.5000000000000009 504.50000000000006 61.150000000000013 683.00000000000011 1.5000000000000002 1.5000000000000002 40.850000000000001 0.21204130144109343 1.6438247353681241 0.15028454781640482 4.5000000000000009 1.5000000000000002 2.7500000000000004 0.038539409460021413 3.5000000000000004 453.00000000000006 13.750000000000002 141.50000000000003 -214.99999999999997 0.032591820893083261 451.00000000000006 2.416666666666667 5.5000000000000009 56.750000000000007 53.500000000000007 805.50000000000011 0.05890155731535366 7.5000000000000009 481.00000000000006 0.17251791819238846 -13.499999999999998
decision_type=8 8 10 8 10 10 8 2 8 2 2 10 10 2 2 10 10 8 10 2 10 10 10 8 2 8 2 10 8 2 10
left_child=3 2 8 7 -5 29 14 11 9 10 15 12 -1 -13 16 30 -4 20 -19 -16 -18 -12 24 -15 -17 26 -26 -28 -10 -3 -2
right_child=1 5 6 4 -6 -7 -8 -9 28 -11 21 13 -14 23 19 22 17 18 -20 -21 -22 -23 -24 -25 25 -27 27 -29 -30 -31 -32
leaf_value=0.039414092339070866 0.098864114992074273 -0.066069431832067579 0.035112864569467155 0.10879136541897778 -0.10661258368349352 -0.10987986155843937 -0.084475789915639143 0.044417174108474816 -0.091042910010167663 0.029873569496910037 0.0061514847944468404 -0.010400868236978361 -0.012551264589293657 0.022071699676069628 -0.09382295152650047 0.031128482101517554 -0.069305079693121829 0.17565970931627067 0.0065487107919114931 -0.03510976580596039 -0.015221114628299571 -0.026473959899093742 0.068134529892104931 -0.0010031908108032658 -0.10613261170696825 0.02227263212216973 0.0051817642603003145 -0.02527200096510291 -0.020634644791157564 0.045118034787630469 -0.014578919674306252
leaf_weight=430.9817511588335 49.236788488924503 84.602640338242054 298.40298651903868 825.2682592831552 207.01110395789146 804.31091184541583 719.21971191465855 1456.9309705868363 239.60119460523129 1122.2705128490925 871.19376811757684 1200.5322559960186 2806.2140428945422 8446.5262199565768 270.67643582075834 931.56705690175295 435.14316342771053 35.814628563821316 271.93698275834322 1370.1432132609189 670.28639773279428 2957.5906755849719 193.71948120743036 1548.5755317956209 75.048967614769936 1513.6921652629972 2761.9520034715533 1077.6083060614765 274.5949297696352 128.55499520152807 2675.9214270561934
leaf_count=1079 170 1071 1577 1701 4930 17577 12513 3436 2951 3223 3683 5327 11500 26572 3160 3558 4107 217 2124 11554 5331 14967 563 6186 558 5598 10418 6170 2638 726 13789
internal_value=0 -0.0146346 -0.0107401 0.0169353 0.0655947 -0.0866534 -0.0383307 0.0137741 -0.00312085 -0.00130245 -0.00397175 0.0106808 -0.00563289 0.0153979 -0.0284308 0.00225032 -0.0127428 -0.0228478 0.026229 -0.0447953 -0.0365108 -0.0190504 0.00839609 0.0184966 0.00657647 0.00236303 -0.00533557 -0.00336537 -0.053443 0.000987534 -0.0125293
internal_weight=0 19833.1 18815.6 16922 1032.28 1017.47 4071.62 15889.8 14744 14229.8 13107.5 14432.8 3237.2 11195.6 3352.4 9278.75 1711.58 1413.18 307.752 1640.82 1105.43 3828.78 6553.59 9995.1 6359.87 5428.3 3914.61 3839.56 514.196 213.158 2725.16
internal_count=188974 128243 108869 60731 6631 19374 40583 54100 68286 62697 59474 50664 12579 38085 28070 40824 13356 11779 2341 14714 9438 18650 26865 32758 26302 22744 17146 16588 5589 1797 13959
is_linear=0
shrinkage=0.1


Tree=20
num_leaves=32
num_cat=0
split_feature=18 73 13 82 27 41 4 18 82 20 82 18 82 16 17 31 16 81 2 60 70 56 90 70 94 4 55 91 21 13 2
split_gain=788.287 358.534 284.111 194.941 147.781 145.916 107.09 113.674 154.847 100.334 96.4916 182.536 91.7695 89.619 100.873 86.0246 105.943 104.098 87.8794 81.5666 76.3235 70.9149 69.5352 99.6274 67.0176 66.9265 65.6359 65.0728 64.9551 67.4717 63.692
threshold=7.5000000000000009 16.875000000000004 4.0500000000000007 742.50000000000011 85.15000000000002 18.250000000000004 4.5000000000000009 2.5000000000000004 469.50000000000006 3.5000000000000004 1.0000000180025095e-35 1.5000000000000002 1.0000000180025095e-35 33.750000000000007 3.291666666666667 3.7083333333333335 38.550000000000004 -1.0000000180025095e-35 3.5000000000000004 1.5000000000000002 453.00000000000006 449.00000000000006 12.500000000000002 491.00000000000006 0.22871415294742428 6.5000000000000009 3.7500000000000004 53.81666666666667 0.62962605469492028 4.0500000000000007 5.5000000000000009
decision_type=8 8 10 8 10 8 2 10 8 8 10 10 10 10 10 10 10 10 2 8 10 10 10 10 2 2 10 2 10 10 2
left_child=2 3 10 4 15 6 7 12 20 -3 11 -1 19 -7 -15 17 18 -2 21 -4 -9 -17 23 27 -6 -12 -24 -16 -19 -30 -28
right_child=1 9 5 -5 24 13 -8 8 -10 -11 25 -13 -14 14 22 16 -18 28 -20 -21 -22 -23 26 -25 -26 -27 30 -29 29 -31 -32
leaf_value=0.10719694536147979 0.03092335678443961 -0.086915538824021116 0.10737015052103951 -0.10965310482992836 -0.057552418691895972 0.02835727093165958 -0.0029584706602679691 -0.0068685463449328511 -0.10912082705078807 -0.027749002198598379 0.029063194065080091 -0.10766064441314889 0.028368824516289831 0.0077415254701949645 -0.052462466740706995 -0.022248128451360934 -0.040623793249227103 0.0067667133061237702 -0.020364333810294424 -0.039686004040944592 0.019859892339082315 0.022671710818742585 0.049583416396147932 0.032467312159045462 -0.0052447568181925508 -0.0055762010432408434 -0.026659053015504825 -0.0079335242508631887 0.041954079034492497 -0.046933920528006642 -0.07362605189824166
leaf_weight=304.96893697977066 1042.9171317331493 993.87623199820518 268.16059127449989 215.45597844570875 986.06837001815438 667.61383274197578 3729.4904874227941 1503.5334184058011 107.51695894449949 402.75820081308484 5114.3036179542542 45.431321043521166 1994.6805395483971 2244.695347763598 402.30693934485316 496.52841938659549 1295.0107545405626 999.42233617976308 2327.7867807559669 43.891232796013355 3691.0102850347757 1202.8060739003122 98.841378688812256 522.64992437884212 325.89031169936061 626.05128336697817 1938.2733147479594 1781.176138266921 100.55814322084188 566.34445063769817 339.27520824968815
leaf_count=719 4468 19618 615 5124 11289 2606 14369 6275 2964 5258 13737 1298 5558 9927 2903 2965 8189 4650 14253 784 12291 5397 306 2214 2339 2092 9943 10834 276 3353 2360
internal_value=0 -0.0225261 0.00956129 -0.0156111 -0.0134425 0.00362783 0.0109229 0.017727 0.00966485 -0.0698532 0.0283951 0.0793395 0.0362579 -0.00671809 -0.00991396 -0.00835945 -0.0157435 0.00614613 -0.00774275 0.0866862 0.0121235 0.00954659 -0.0177115 -0.00675058 -0.0445592 0.0252854 -0.0301933 -0.016138 -0.0093614 -0.033531 -0.0336555
internal_weight=0 10955.4 25423.9 9558.79 9343.33 19333.1 11338.3 7608.79 5302.06 1396.63 6090.76 350.4 2306.73 7994.83 7327.22 8031.37 5322.13 2709.24 4027.12 312.052 5194.54 1699.33 5082.52 2706.13 1311.96 5740.35 2376.39 2183.48 1666.32 666.903 2277.55
internal_count=188974 87179 101795 62303 57179 83949 42856 28487 21530 24876 17846 2017 6957 41093 38487 43551 30804 12747 22615 1399 18566 8362 28560 15951 13628 15829 12609 13737 8279 3629 12303
is_linear=0
shrinkage=0.1


Tree=21
num_leaves=32
num_cat=0
split_feature=18 32 55 82 82 32 69 18 28 7 76 92 92 5 16 10 3 81 73 82 41 3 94 59 81 59 82 17 70 22 21
split_gain=671.434 320.296 299.904 299.875 208.835 648.962 145.826 130.563 116.845 102.784 116.269 87.9397 84.3186 78.9155 89.9938 74.9306 74.8256 74.085 77.419 71.1218 90.3146 74.1311 68.7427 67.3846 65.4961 64.1045 63.6282 61.7533 68.4033 65.5975 61.3394
threshold=9.5000000000000018 4.5000000000000009 83.250000000000014 496.50000000000006 683.00000000000011 1.5000000000000002 11.050000000000002 1.5000000000000002 461.00000000000006 1.5000000000000002 3.5000000000000004 0.21204130144109343 0.14388664270739737 1.0000000180025095e-35 38.250000000000007 3.5000000000000004 52.250000000000007 -244.99999999999997 13.125000000000002 28.500000000000004 6.7500000000000009 52.250000000000007 0.33174476451164409 8.8750000000000018 115.00000000000001 2.416666666666667 175.50000000000003 6.416666666666667 443.00000000000006 1.0000000180025095e-35 -0.92645495355819063
decision_type=8 8 8 8 8 10 8 10 10 2 8 2 2 2 10 2 2 10 10 10 10 2 2 8 10 10 10 10 10 10 10
left_child=1 4 12 6 8 -6 15 -5 16 10 13 24 19 -8 -15 -3 -1 18 22 20 -2 -21 -4 30 26 -16 -10 -23 -29 -30 -12
right_child=2 3 17 7 5 -7 9 -9 11 -11 23 -13 -14 14 25 -17 -18 -19 -20 21 -22 27 -24 -25 -26 -27 -28 28 29 -31 -32
leaf_value=0.034861534710458782 0.0049008737517753191 0.02945050573025991 -0.055104131513763248 0.10340847487553302 0.10748486575219088 -0.10486108766243428 -0.018961666020602772 -0.10952443876965515 0.022553663129469544 0.032145222005566507 -0.070583961775864845 0.04749135816542055 0.025789475538064606 0.027285058995845726 0.042888037488292098 0.003570187898098777 -0.004672917835014629 -0.077654174231861606 0.14202972896529692 0.030677325780237061 -0.051246068266674855 -0.00088720036636203705 0.087161846359044101 -0.041847594311791948 -0.0018805548899332306 -0.021416948726065099 -0.030719868576471184 -0.077232843680096835 0.0015514591104593741 -0.041669658609091199 -0.0094310064385411691
leaf_weight=547.35239704698324 376.08605778031051 1545.6009219661355 299.18986598402262 31.395955502986908 702.48188213258982 181.00798985548317 1565.0949470177293 347.75655599683523 6790.0592450723052 536.65986808761954 178.83511729538441 1038.557110697031 430.00527298822999 1339.8406960852444 185.14175360649824 4050.4914209544659 3819.070955902338 1238.873791731894 25.415623426437378 361.2456448674202 1202.5196330733597 1291.1884438246489 38.313910096883774 1545.4527293853462 1556.12545324862 952.97895208001137 231.85076296329498 259.14368224516511 663.23528560250998 746.26516881585121 1980.3245133832097
leaf_count=1686 1921 5317 4257 50 1699 4927 8139 8686 21189 2246 1163 2367 1657 5574 675 15511 13810 21839 205 2037 10808 6926 147 12305 5625 5273 966 2346 3722 5044 10857
internal_value=0 0.00655781 -0.0280717 -0.00414963 0.0168281 0.0639798 -0.00175288 -0.0918924 0.0138489 -0.0101771 -0.0131087 0.0200086 -0.0166684 -0.0013823 0.00972093 0.0107181 0.000282918 -0.0660142 -0.0262794 -0.0203945 -0.0378697 -0.0120881 -0.0389539 -0.0259063 0.0166812 -0.0109562 0.0207947 -0.0173076 -0.0300136 -0.0213321 -0.0144961
internal_weight=0 29126.1 6931.48 14259.6 14866.5 883.49 13880.4 379.153 13983 8284.33 7747.67 9616.59 5329.69 4043.06 2477.96 5596.09 4366.42 1601.79 362.919 4899.68 1578.61 3321.08 337.504 3704.61 8578.04 1138.12 7021.91 2959.83 1668.64 1409.5 2159.16
internal_count=188974 128065 60909 75796 52269 6626 67060 8736 45643 46232 43986 30147 34461 19661 11522 20828 15496 26448 4609 32804 12729 20075 4404 24325 27780 5948 22155 18038 11112 8766 12020
is_linear=0
shrinkage=0.1


Tree=22
num_leaves=32
num_cat=0
split_feature=41 18 18 82 18 82 92 70 4 68 55 22 65 10 92 93 18 64 41 35 92 16 14 46 20 42 59 18 55 90 59
split_gain=571.3 312.773 213.513 201.45 295.623 191.527 160.391 151.242 128.98 106.235 87.1892 86.1599 68.2714 69.4882 67.1408 65.2687 69.8487 80.6799 61.6616 60.3647 59.8466 58.6227 63.7821 53.0271 52.9497 91.2953 52.906 52.7014 52.6798 52.0604 55.505
threshold=18.850000000000005 10.500000000000002 3.5000000000000004 1.0000000180025095e-35 1.5000000000000002 504.50000000000006 0.072742437779413915 455.00000000000006 5.5000000000000009 56.250000000000007 3.6500000000000008 1.0000000180025095e-35 3.5000000000000004 3.5000000000000004 0.036710557322964507 0.29424376098960425 1.5000000000000002 1.0000000180025095e-35 88.850000000000009 1.0799742053187618 0.029460893488798604 38.95000000000001 481.00000000000006 13.500000000000002 3.5000000000000004 431.00000000000006 4.8750000000000009 3.5000000000000004 27.850000000000005 95.500000000000014 6.291666666666667
decision_type=8 10 10 10 10 8 2 10 2 8 8 10 8 2 2 2 10 8 10 10 2 10 8 10 10 10 10 8 8 8 10
left_child=2 6 3 4 -1 10 9 28 15 18 -4 -9 13 -12 19 16 17 -5 29 23 -20 22 -8 -15 27 -26 -13 -11 -3 30 -2
right_child=1 7 5 8 -6 -7 21 11 -10 24 12 26 -14 14 -16 -17 -18 -19 20 -21 -22 -23 -24 -25 25 -27 -28 -29 -30 -31 -32
leaf_value=0.10591811703974091 -0.00019099381135221188 -0.031529149721469515 0.019967489955529612 0.022965176087633887 -0.1068387797242278 -0.10787645201355814 -0.00037826562655512335 -0.0013031048116229277 -0.0056628319991895533 -0.005466639370656886 0.013278922634972263 -0.013922906893001477 -0.069108616326485711 -0.030169213530344258 -0.0024863487651482414 0.046786608475923641 0.025712924287362882 -0.024156049645337747 -0.078894476290596038 -0.10257088020689914 -0.021023667255133889 -0.029154935078886269 0.025704831607224029 0.097036197328569773 0.076762277443756355 -0.03575671355389512 -0.068576875989482436 -0.076444864876224178 -0.084612816316497044 0.0047543882438929224 -0.035249727741016111
leaf_weight=503.68240350484848 886.47218887507915 234.22043215483427 2348.2535461708903 765.53654320538044 75.038305060938001 158.79814692959189 2274.7795916404575 733.10896824300289 1902.1092570051551 129.8023458365351 2665.0548969805241 274.76509291306138 147.06581300124526 530.33498172089458 6300.328514251858 1041.0877069085836 4615.2810302004218 691.6352184638381 211.54853009805083 112.32534997165203 1150.7750963568687 415.51480574533343 1594.7913321740925 34.929133880883455 79.992367766797543 731.81118208728731 498.38088065013289 538.9893851056695 926.28206432051957 2244.3767756782472 920.51034682244062
leaf_count=1404 4414 1956 8067 2300 2357 5103 10502 5893 6681 673 11133 2055 1660 3183 26853 2361 12782 2696 2173 853 8257 2434 6345 161 735 5579 5232 9090 18000 12367 5675
internal_value=0 -0.015995 0.00995835 0.021139 0.0783316 0.00123502 -0.00865436 -0.0467678 0.0174678 -0.0180975 0.00266246 -0.0258643 -0.00148835 -0.000457065 -0.00570321 0.0236528 0.0196866 0.000599454 -0.0116058 -0.0356141 -0.0300101 0.00653874 0.0103715 -0.0223089 -0.0418341 -0.0246695 -0.0491536 -0.0626691 -0.0738991 -0.00541705 -0.0180506
internal_weight=0 13846.1 21891.5 9594.37 578.721 12297.1 11179.4 2666.76 9015.65 6894.28 12138.3 1506.25 9790.04 9642.97 6977.92 7113.54 6072.45 1457.17 5413.68 677.589 1362.32 4285.09 3869.57 565.264 1480.6 811.804 773.146 668.792 1160.5 4051.36 1806.98
internal_count=188974 101380 87594 30581 3761 57013 68244 33136 26820 48963 51910 13180 43843 42183 31050 20139 17778 4996 32886 4197 10430 19281 16847 3344 16077 6314 7287 9763 19956 22456 10089
is_linear=0
shrinkage=0.1


Tree=23
num_leaves=32
num_cat=0
split_feature=13 92 89 68 17 94 13 17 16 35 4 2 55 13 3 92 81 2 73 28 2 18 86 6 44 11 82 16 2 63 69
split_gain=483.979 255.093 238.867 160.35 118.512 113.82 112.57 103.583 76.9672 83.7676 83.3355 76.1002 75.182 76.2203 69.2916 67.8046 67.289 62.5553 74.3997 62.5361 62.3131 114.314 79.7895 61.7205 61.6642 59.1815 57.2091 57.7215 62.9357 60.8087 60.5191
threshold=60.150000000000013 0.093115172120696962 265.00000000000006 56.250000000000007 4.5833333333333348 0.13794747856362388 3.1500000000000008 2.8750000000000004 39.550000000000004 1.0689901040840339 6.5000000000000009 3.5000000000000004 13.450000000000001 144.85000000000005 52.250000000000007 0.044215935891600909 155.00000000000003 3.5000000000000004 13.41666666666667 473.00000000000006 3.5000000000000004 3.5000000000000004 381.50000000000006 1650.0000000000002 36.350000000000001 5.5000000000000009 35.500000000000007 35.550000000000004 3.5000000000000004 1.0616673699275487 62.150000000000013
decision_type=10 2 8 8 10 2 10 10 10 8 2 2 10 10 2 2 10 2 10 10 2 8 8 2 10 10 10 10 2 10 10
left_child=1 3 5 4 14 -2 -3 -7 9 10 19 -12 13 -9 -1 -16 17 -8 -19 -6 21 -5 -22 -18 -15 -10 -14 28 -28 30 -29
right_child=2 6 -4 20 8 7 16 12 25 -11 11 -13 26 24 15 -17 23 18 -20 -21 22 -23 -24 -25 -26 -27 27 29 -30 -31 -32
leaf_value=0.035117856177288152 -0.047785822399745152 0.034177840262398458 -0.078865909252796601 0.014470251136616786 -0.0052163578079537877 0.036758231252954784 0.022934496848642121 -0.0071830575038118408 -0.0025578349550026292 -0.025613916026719009 -0.11239485116057545 -0.016144473223530055 -0.043618754736294146 0.13939520453816623 -0.011750177192698974 0.012751951781383816 -0.039433381312092119 0.0076231684049329401 -0.068434532313789917 0.015533231972066278 -0.02309372261982625 -0.067100537908817801 0.023139880782816501 0.0037930368518261878 0.0087297469036035358 -0.064422179653582989 0.086447368184533621 -0.04735695806279603 -0.012293229600182726 -0.11208833165769137 0.02572239734619651
leaf_weight=1011.8948264196515 1040.8473286163062 2622.6095979269594 831.30333357304335 233.80130854435265 3198.2022131085396 420.03314191102982 4224.4330346137285 408.0412346161902 256.81854615360498 1439.8882514759898 112.32593755237758 305.7219517622143 969.03444413281977 75.955475151538849 1483.8949811514467 4727.7731715012342 434.48927368037403 3121.6517731044441 134.1396698821336 2660.9923658091575 2006.9370962455869 647.89109528250992 458.56642657518387 1377.7061635553837 68.860020626336336 388.63955884054303 114.93297693878412 240.69630013778806 147.25774705037475 71.614126108586788 214.13130452483892
leaf_count=3532 11844 7602 17962 1071 15646 2392 16107 2463 1403 7693 680 1592 9419 273 7106 18219 1901 11641 706 11361 10475 10096 3249 4967 440 2614 565 2021 1227 787 1920
internal_value=0 0.00441857 -0.0303435 -0.00279528 0.00146945 -0.019648 0.0158816 -0.00892229 -0.00663489 -0.00386036 0.00112952 -0.0420061 -0.0172266 0.0149369 0.0108517 0.00689868 0.0107178 0.0149063 0.00448957 0.00420721 -0.0226539 -0.0454701 -0.0144946 -0.00657086 0.0772636 -0.0398072 -0.0273433 -0.00734487 0.0309903 -0.0264375 -0.0129514
internal_weight=0 30848.4 4602.71 18933.3 15586.2 3771.4 11915 2730.56 8362.59 7717.13 6277.24 418.048 2310.52 552.857 7223.56 6211.67 9292.42 7480.22 3255.79 5859.19 3347.2 881.692 2465.5 1812.2 144.815 645.458 1757.67 788.632 262.191 526.442 454.828
internal_count=188974 137661 51313 94737 69846 33351 42924 21507 40989 36972 29279 2272 19115 3176 28857 25325 35322 28454 12347 27007 24891 11167 13724 6868 713 4017 15939 6520 1792 4728 3941
is_linear=0
shrinkage=0.1


Tree=24
num_leaves=32
num_cat=0
split_feature=18 55 92 46 82 18 82 59 18 82 54 28 4 82 90 16 76 68 70 30 92 84 73 90 27 72 7 81 81 72 55
split_gain=430.672 258.359 222.282 128.174 185.105 149.144 119.755 117.358 103.652 102.831 92.654 85.1997 83.381 75.2658 74.0594 72.2355 89.8637 66.5393 63.0578 64.6563 61.1179 65.5055 69.5969 67.8018 60.9439 56.0299 53.2257 52.9264 52.7665 51.4249 50.8008
threshold=9.5000000000000018 83.250000000000014 0.059318670738212863 2.5000000000000004 1.0000000180025095e-35 1.5000000000000002 175.50000000000003 3.7083333333333335 1.5000000000000002 202.50000000000003 56.250000000000007 471.00000000000006 3.5000000000000004 742.50000000000011 42.500000000000007 35.750000000000007 2.0000000000000004 56.250000000000007 461.00000000000006 33.850000000000001 0.14388664270739737 29.500000000000004 4.8750000000000009 160.50000000000003 149.45000000000002 33.750000000000007 1.5000000000000002 45.000000000000007 -24.999999999999996 35.550000000000004 21.550000000000004
decision_type=10 8 2 8 10 10 8 8 10 10 8 10 2 8 8 10 8 8 10 8 2 10 8 10 10 10 2 10 10 8 10
left_child=2 13 7 4 5 -4 14 12 -8 -10 11 15 -1 20 25 16 -9 -3 19 -16 21 28 23 -23 -13 -5 -24 -14 -2 -30 -12
right_child=1 17 3 6 -6 -7 8 10 9 -11 30 24 27 -15 18 -17 -18 -19 -20 -21 -22 22 26 -25 -26 -27 -28 -29 29 -31 -32
leaf_value=0.029191280917472043 0.015893163301388305 -0.0408976189077579 0.10544124849547883 -0.054350468926522039 0.019129612489470645 -0.10736447687358588 0.024065162816729217 0.043717881072229958 -0.10389353036034195 -0.0036195983979077024 -0.024962951592235078 0.0080341169009370186 0.0050645842327319305 -0.10712941882814947 0.047795302079997562 -0.031614022954868981 -0.017172641860562349 -0.086961176082692729 0.020417835240384145 -0.0020319140997085367 0.024508202556681805 -0.014568371173534007 -0.04831764044637115 0.10307002940963761 -0.057608137856289932 -0.00025604634403383935 0.043592264135284081 -0.035122655727479767 0.014837438581186619 -0.027404385451934396 -0.068616430975355358
leaf_weight=1275.86434016563 888.14807811751962 621.69866585172713 392.00795641541481 202.14289470389485 5172.666025493294 35.954185599461198 193.72661861404777 333.09647085517645 257.81414590403438 169.51329584419727 865.71789167076349 2593.1455644350499 1472.0287469550967 84.646902257576585 286.48362715169787 1942.0972323473543 889.89070475287735 632.76160246692598 5220.8063470423222 2862.7047872655094 419.7393769659102 1142.9266659431159 1170.4466776661575 51.188337381929159 149.59650016948581 3628.6758635342121 66.592963039875031 421.56757701933384 404.70957282558084 1001.0528053566813 385.19885296933353
leaf_count=5609 5098 8201 1194 964 15628 1092 891 1386 6555 714 8406 12533 6412 2585 859 12472 5369 16500 17035 12157 1434 6734 9047 197 1377 13840 402 2166 2175 6789 3153
internal_value=0 -0.0233764 0.00515449 0.0117381 0.0243588 0.0875629 0.00622538 -0.0065888 -0.0366099 -0.0641166 -0.0136816 -0.00844665 0.0094315 -0.0135997 0.00840581 -0.0196257 -0.000588316 -0.0641325 0.0136766 0.0025009 -0.0120609 -0.0153094 -0.0267465 -0.00952555 0.00445381 -0.00311048 -0.0433699 -0.00388222 -0.00318796 -0.0152432 -0.0384053
internal_weight=0 6483.91 28750.7 18422.5 5600.63 427.962 12821.9 10328.2 621.054 427.327 7158.74 5907.83 3169.46 5229.45 12200.8 3165.08 1222.99 1254.46 8369.99 3149.19 5144.8 4725.07 2431.15 1194.12 2742.74 3830.82 1237.04 1893.6 2293.91 1405.76 1250.92
internal_count=188974 59162 129812 70929 17914 2286 53015 58883 8160 7269 44696 33137 14187 34461 44855 19227 6755 24701 30051 13016 31876 30442 16380 6931 13910 14804 9449 8578 14062 8964 11559
is_linear=0
shrinkage=0.1


Tree=25
num_leaves=32
num_cat=0
split_feature=32 82 82 32 18 13 72 5 64 56 72 94 27 32 31 91 6 49 16 81 16 4 69 65 18 74 89 88 41 16 86
split_gain=379.712 352.652 185.961 507.8 183.455 182.028 119.032 92.8666 118.104 95.5597 91.6003 85.2968 84.0425 105.484 75.8684 75.1751 67.9483 88.891 75.6131 68.3076 64.1788 64.9779 61.1184 59.9959 59.2902 62.0348 61.2817 57.3274 72.1626 56.0782 55.3381
threshold=4.5000000000000009 504.50000000000006 683.00000000000011 1.5000000000000002 1.5000000000000002 115.05000000000001 40.850000000000001 1.0000000180025095e-35 1.0000000180025095e-35 451.00000000000006 42.250000000000007 0.43522372997423014 2.9500000000000006 1.5000000000000002 2.291666666666667 57.291666666666679 1350.0000000000002 0.5820282826777663 34.95000000000001 -1.0000000180025095e-35 40.250000000000007 3.5000000000000004 11.050000000000002 1.5000000000000002 1.5000000000000002 6.5000000000000009 115.00000000000001 1.0000000180025095e-35 25.350000000000005 38.45000000000001 103.50000000000001
decision_type=8 8 8 10 10 10 8 2 8 10 8 2 10 10 8 2 2 10 8 10 10 2 10 10 10 8 8 10 10 10 8
left_child=2 5 12 -4 -3 7 27 10 9 -9 11 15 -1 23 -10 16 19 18 -18 -2 21 -11 -20 -14 29 -26 -27 -7 -29 -15 -16
right_child=1 4 3 -5 -6 6 -8 8 14 20 -12 -13 13 24 30 -17 17 -19 22 -21 -22 -23 -24 -25 25 26 -28 28 -30 -31 -32
leaf_value=0.02496606195188187 0.038684721008032885 0.0075306636011195889 0.10594445848841237 -0.10254030495609548 -0.10592901597427502 0.0032343845055374069 -0.09065825183960001 -0.01816321951285137 0.021861275525650561 0.04876294312222796 -0.061735377706342957 0.034872153764503221 -0.0086558344189541642 -0.0054288754155524255 -0.015023557948372755 -0.091341342286411345 0.0081374586594458332 -0.050470782506480287 -0.0041386680185888742 -0.006348998211244454 -0.038728876739002632 0.0096398847192024992 -0.034855264890414253 -0.065621693666238295 0.018001087101697091 0.009411038476752202 -0.02378900208889162 0.006289282951239563 -0.05412903546560667 -0.09666962071492162 0.0065081251830567607
leaf_weight=2682.3317765183747 473.01872622966766 191.37831036373973 549.7391409650445 148.35459589399397 558.09842425398529 493.36480232700706 334.6247031185776 488.17146757990122 972.80647195875645 1266.3226924650371 353.38330729678273 406.98853278905153 2179.3751861974597 1166.1403869912028 3876.3522117510438 118.23055259510875 1327.5111377835274 679.25742285326123 1169.3692214339972 1169.7355109006166 123.54172510653734 638.60916418582201 1452.2661241665483 202.01862485334277 6416.2538484074175 1968.4413870163262 774.81426312029362 268.00122540071607 753.45856667309999 71.491945154964924 1724.7066985033453
leaf_count=7693 2101 1797 1701 4930 17577 4408 8465 2887 4183 4572 4872 1091 8852 4110 20528 816 5511 4051 4937 5770 780 2985 8689 1024 20723 7487 3815 2017 9094 396 11112
internal_value=0 -0.0097402 0.0111533 0.0616386 -0.0769572 -0.00695533 -0.0366808 -0.00357019 0.00313614 0.0215582 -0.0120969 -0.0095159 0.00887381 0.0054959 -0.0039163 -0.0123433 -0.010854 -0.0170553 -0.0113078 0.00661812 0.0311175 0.0356473 -0.0211543 -0.0134884 0.00984411 0.01262 3.39084e-05 -0.0247571 -0.038277 -0.0106994 -0.00839341
internal_weight=0 18839.2 16159 698.094 749.477 18089.7 1849.45 16240.3 9090.51 2516.65 7149.76 6796.38 15460.9 12778.5 6573.87 6389.39 6271.16 4628.4 3949.15 1642.75 2028.47 1904.93 2621.64 2381.39 10397.1 9159.51 2743.26 1514.82 1021.46 1237.63 5601.06
internal_count=188974 128243 60731 6631 19374 108869 23984 84885 47047 11224 37838 32966 54100 46407 35823 31875 31059 23188 19137 7871 8337 7557 13626 9876 36531 32025 11302 15519 11111 4506 31640
is_linear=0
shrinkage=0.1


Tree=26
num_leaves=32
num_cat=0
split_feature=18 82 82 18 92 32 18 11 10 89 94 2 56 16 88 27 86 27 3 82 58 44 35 90 83 13 81 84 4 13 20
split_gain=327.019 421.141 236.38 360.691 174.871 130.698 123.088 118.247 102.913 92.8196 105.742 90.0364 98.4023 81.8432 81.4143 76.3973 73.2297 66.411 64.5391 68.6497 70.6953 64.0618 62.8072 62.2484 61.7593 60.453 63.6088 59.4076 59.1614 59.5181 55.3326
threshold=3.5000000000000004 742.50000000000011 1.0000000180025095e-35 1.5000000000000002 0.031548282574264605 9.5000000000000018 1.5000000000000002 1.0000000180025095e-35 3.5000000000000004 195.00000000000003 0.27905286963506132 5.5000000000000009 445.00000000000006 37.350000000000001 13.500000000000002 42.750000000000007 111.50000000000001 21.850000000000005 54.250000000000007 25.500000000000004 40.550000000000004 34.550000000000004 0.61131921930370714 8.5000000000000018 635.00000000000011 1.7500000000000002 105.00000000000001 70.500000000000014 5.5000000000000009 3.4500000000000006 3.5000000000000004
decision_type=8 8 10 10 2 8 10 10 2 8 2 2 10 10 10 8 8 10 2 10 8 8 8 8 10 10 10 10 2 10 10
left_child=2 4 3 -1 15 8 13 -3 18 16 30 12 21 25 17 -2 24 -13 19 -6 -21 -10 27 -8 -7 -4 -27 -15 29 -25 -11
right_child=1 7 6 -5 5 9 23 -9 11 10 -12 14 -14 22 -16 -17 -18 -19 -20 20 -22 -23 -24 28 -26 26 -28 -29 -30 -31 -32
leaf_value=0.10537519185387004 -0.016631179779260871 -0.0092029272230188686 0.045052119472276247 -0.10629277993491429 0.0020344450889605427 -0.024082853655473056 -0.073137869545943077 -0.1061858581905229 0.018932329280597633 -0.096250577901190668 0.013047360902348745 -0.035442682758463517 0.0046224378344213776 -0.038355182877516304 -0.045961213097978668 -0.058756975166903196 0.0097503143762700112 0.074951809200533431 0.0043617702614348599 0.048782413340278379 -0.059541907823126031 -0.030367160391996245 -0.103480730052253 0.037076305938094162 0.058086109443176805 0.0054042317695943212 -0.032892146977594766 0.034971490036250073 -0.0062060833746647257 0.015262542309639649 -0.038946091567269039
leaf_weight=524.12812155485153 970.25840353779495 163.86482219398022 291.40078773349524 95.114783933386207 604.62564578652382 2181.1312999203801 77.615746460855007 540.05014187842607 322.31421454995871 317.34193746373057 227.02514994889498 103.13817677274346 8201.0393406767398 526.85834422707558 800.73397559858859 773.88601787015796 1217.0077745094895 115.53944219648838 2253.3752210326493 1166.4225212242454 63.528787026181817 1446.4690359868109 113.39839665591717 1582.0964379012585 95.475689366459846 1963.0367252901196 556.71196267008781 139.80826728790998 986.68931653350592 5973.1481028236449 359.26165128499269
leaf_count=1736 6608 1747 678 3368 2943 14852 365 19010 1369 7341 1495 528 35365 2297 5219 11204 7036 667 10535 4471 678 9617 616 3850 441 6629 2266 429 3565 18441 3608
internal_value=0 -0.00751223 0.0125889 0.0728633 -0.00498776 -0.00227095 0.00953225 -0.0836091 0.00215322 -0.0174405 -0.0460079 -0.00288578 8.60558e-06 -0.00602234 -0.0311928 -0.0353226 -0.0100514 0.0228848 0.0156991 0.0296245 0.0431873 -0.0213836 -0.0346804 0.0160129 -0.0206369 0.00192999 -0.00305695 -0.0229777 0.0168229 0.0198304 -0.0658232
internal_weight=0 21922.5 12830 619.243 21218.6 19474.4 12210.8 703.915 15077.2 4397.24 903.629 10989.2 9969.82 3591.21 1019.41 1744.14 3493.61 218.678 4087.95 1834.58 1229.95 1768.78 780.065 8619.55 2276.61 2811.15 2519.75 666.667 8541.93 7555.24 676.604
internal_count=188974 144734 44240 5104 123977 106165 39136 20757 71392 34773 12444 52765 46351 12915 6414 17812 22329 1195 18627 8092 5149 10986 3342 26221 15293 9573 8895 2726 25856 22291 10949
is_linear=0
shrinkage=0.1


Tree=27
num_leaves=32
num_cat=0
split_feature=18 55 27 10 72 14 88 81 82 32 62 2 69 82 81 44 82 92 3 73 35 21 48 4 21 14 31 73 94 84 59
split_gain=287.472 156.971 156.221 94.3328 91.6982 90.063 83.3585 74.812 71.9002 153.454 61.9665 69.9535 61.5661 61.4214 60.7104 59.1483 56.8572 54.0068 55.7139 62.2203 51.1991 51.7211 51.0608 65.4186 60.2705 50.9373 61.466 69.4513 59.7044 54.2946 50.6795
threshold=9.5000000000000018 83.250000000000014 4.9500000000000011 3.5000000000000004 39.750000000000007 471.00000000000006 197.50000000000003 125.00000000000001 703.50000000000011 1.5000000000000002 5.5000000000000009 3.5000000000000004 231.55000000000004 21.500000000000004 -94.999999999999986 36.150000000000013 742.50000000000011 0.020303372903712053 52.250000000000007 4.8750000000000009 0.61864195346019246 -0.69578882762890581 5.5000000000000009 5.5000000000000009 1.2007993189007677 469.00000000000006 3.291666666666667 13.125000000000002 0.33174476451164409 22.500000000000004 3.291666666666667
decision_type=8 8 8 2 8 10 8 10 8 10 10 2 8 10 10 8 8 2 2 8 10 10 10 2 10 8 8 10 2 8 10
left_child=2 16 8 4 10 12 7 -7 -1 -10 11 13 -5 -4 25 -16 17 -2 19 -19 21 -9 24 -24 -20 -3 29 28 -28 -27 -25
right_child=1 14 3 5 -6 6 -8 20 9 -11 -12 -13 -14 -15 15 -17 -18 18 22 -21 -22 -23 23 30 -26 26 27 -29 -30 -31 -32
leaf_value=0.015001242655483145 -0.079494970971364695 -0.068062294479846075 0.0045429108773236155 -0.010209959227314691 -0.024398102950345345 0.00040557792450957118 0.015283322659118359 -0.067059568948709944 0.10542050272325545 -0.10570065996664352 0.048595027416118167 -0.0041897268747474008 -0.046842783389210489 0.034296436329761155 -0.023749598038058137 -0.085301085615855851 -0.10518674253988725 0.058828890091400077 -0.015390015843805671 -0.012552230385014393 -0.073002265292778618 -0.0029409695275321411 0.072448731368424127 0.031182961520517579 -0.091234427809811877 0.2281407252549856 -0.05102983432745134 0.15345715070066202 0.079935686285050295 3.6386233029982023e-05 -0.020850345305550688
leaf_weight=7060.0368244722486 110.05560184828937 169.62518478743732 1226.9957274887711 6225.8945689294487 655.21673029847443 4206.4154992122203 3210.6428513024002 163.86161704361439 204.97364810854197 41.378210740163922 505.03463887050748 1725.4623893108219 495.27152202092111 1596.6541979089379 216.695880131796 558.51243726722896 63.81674836575985 246.01675639301538 3421.9110393486917 242.46521916799247 220.86889182776213 541.6927136387676 136.50768841058016 290.54454079642892 108.08446288667619 20.627290474250913 227.75188701413572 22.085877295583487 41.088991854339838 21.118204347789288 526.17182174324989
leaf_count=21669 1227 3604 6057 31179 4972 17948 16719 883 863 1987 1792 8102 6354 5682 3699 14706 2585 1143 21415 1814 1325 2533 530 1414 864 114 3699 191 159 276 3469
internal_value=0 -0.0191734 0.0042773 -0.000146127 0.0107999 -0.00429457 0.00264515 -0.00526015 0.0168543 0.0699598 0.015363 0.0116736 -0.0129094 0.0213673 -0.0505477 -0.0680954 -0.011384 -0.0102061 -0.00867226 0.0233978 -0.0309853 -0.0178322 -0.0121665 0.00837052 -0.0177123 -0.0234658 -0.000726646 -0.0170092 -0.0310134 0.112747 -0.00233964
internal_weight=0 6423.08 28080.4 20774 5709.36 15064.6 8343.48 5132.84 7306.39 246.352 5054.15 4549.11 6721.17 2823.65 1277.51 775.208 5145.57 5081.76 4971.7 488.482 926.423 705.554 4483.22 953.224 3530 502.297 332.672 290.927 268.841 41.7455 816.716
internal_count=188974 60909 128065 103546 26605 76941 39408 22689 24519 2850 21633 19841 37533 11739 26448 18405 34461 31876 30649 2957 4741 3416 27692 5413 22279 8043 4439 4049 3858 390 4883
is_linear=0
shrinkage=0.1


Tree=28
num_leaves=32
num_cat=0
split_feature=41 92 18 92 17 16 81 72 3 40 68 28 44 17 21 59 56 4 49 86 20 4 41 92 73 16 70 13 74 0 16
split_gain=256.832 152.415 134.934 109.791 87.1131 79.393 75.348 66.5673 67.7811 63.2052 71.1952 69.3808 85.984 73.8063 60.0551 95.943 59.3256 64.7159 85.8287 68.7414 63.4957 59.0707 57.1481 56.5334 53.149 53.8167 53.2585 50.3825 50.3348 50.1622 50.4774
threshold=18.850000000000005 0.072742437779413915 10.500000000000002 0.21968832934880353 4.1250000000000009 38.850000000000001 125.00000000000001 33.850000000000001 50.500000000000007 56.250000000000007 53.500000000000007 461.00000000000006 38.45000000000001 2.8750000000000004 0.23419841024471788 2.1250000000000004 403.00000000000006 4.5000000000000009 -1.644082900893743 8.5000000000000018 5.5000000000000009 6.5000000000000009 256.05000000000007 0.020303372903712053 12.875000000000002 34.250000000000007 483.00000000000006 12.15 15.500000000000002 8.5000000000000018 36.250000000000007
decision_type=8 2 8 2 10 10 10 10 2 10 10 8 10 10 10 8 10 2 10 8 10 2 10 2 10 10 10 10 10 2 10
left_child=3 2 9 4 6 14 23 -4 -9 10 11 13 -13 -2 28 -16 -6 19 -19 -18 27 22 24 -1 25 26 -12 -21 -3 30 -20
right_child=1 5 7 -5 16 -7 -8 8 -10 -11 21 12 -14 -15 15 -17 17 18 29 20 -22 -23 -24 -25 -26 -27 -28 -29 -30 -31 -32
leaf_value=-0.089867219118678121 0.0098006241100313321 0.015144587438115543 -0.078522583134384635 0.032383723067382721 -0.06087453263409133 -0.030933500692088028 -0.010892240424275832 0.11659449935186879 -0.036270735399918617 -0.038150445886880116 0.014615554500090777 0.0096578632336329941 -0.074263741530082986 -0.072417088321087009 0.041787368954738488 -0.019349576674842706 -0.075737599138860523 -0.086299497496370892 0.013343437824160018 0.011820692530118001 0.063958604467269267 -0.056000775437526032 -0.067694750340472648 0.016928347095501683 0.032830235555660177 -0.0056572340617350734 0.11971987390936219 -0.0058644962320721925 0.1081967700493745 -0.02168241688193491 -0.017620880144810735
leaf_weight=49.910682948306203 141.68388103321195 2552.8225785903633 418.84021223708987 1545.5025518611073 163.50829343684018 601.7548309173435 1196.1405671518296 29.649671511724591 1336.558322744444 844.1288600564003 178.87913464009762 578.17911667749286 154.76766697317362 476.00675167515874 319.99020263366401 1297.5523149035871 102.70638139173388 143.97200508229434 1416.3109155893326 4233.2023570071906 188.27556403540075 197.49503319524229 121.12156393751502 7212.0304544940591 491.43252520263195 3275.4874379374087 65.999203519895673 2600.4103235732764 59.486621959134936 1517.8913639318198 837.95335971564054
leaf_count=362 982 12096 13322 4696 1998 4355 4715 227 15191 6477 937 5659 1757 6487 1112 7265 594 854 5458 16101 592 1339 1280 27133 2800 19681 223 14011 190 7074 4006
internal_value=0 -0.0110713 -0.0192829 0.00672009 0.00470287 0.00305236 0.0123638 -0.0436455 -0.0329532 -0.0126181 -0.00882438 -0.0288694 -0.00806287 -0.0535583 0.00788731 -0.00725517 -0.00108034 -0.000194814 -0.0105214 0.00548135 0.00666931 -0.00257243 -1.93117e-05 0.0161944 0.0020239 -0.00227657 0.0429431 0.00509091 0.0172635 -0.00762921 0.00183341
internal_weight=0 13141.8 8310.23 21207.8 19662.3 4831.61 8458.08 1785.05 1366.21 6525.18 5681.05 1350.64 732.947 617.691 4229.85 1617.54 11204.2 11040.7 3916.13 7124.59 7021.89 4330.41 4132.92 7261.94 4011.8 3520.37 244.878 6833.61 2612.31 3772.16 2254.26
internal_count=188974 101380 76362 87594 82898 25018 32210 28740 15418 47622 41145 14885 7416 7469 20663 8377 50688 48690 17392 31298 30704 26260 24921 27495 23641 20841 1160 30112 12286 16538 9464
is_linear=0
shrinkage=0.1


Tree=29
num_leaves=32
num_cat=0
split_feature=32 82 18 82 32 13 72 5 64 70 4 0 56 69 16 91 82 84 82 69 13 6 70 3 31 27 25 77 21 30 16
split_gain=215.457 250.169 170.04 151.004 398.438 110.364 99.6566 80.0527 87.5062 70.3729 70.4737 70.0932 69.9548 69.9167 64.7706 66.1018 61.8937 59.2876 77.8231 58.0006 57.3087 56.4317 69.8844 54.3795 53.6743 53.3538 56.888 59.2131 52.6442 51.8426 50.8964
threshold=4.5000000000000009 504.50000000000006 1.5000000000000002 683.00000000000011 1.5000000000000002 115.05000000000001 40.850000000000001 1.0000000180025095e-35 1.0000000180025095e-35 455.00000000000006 3.5000000000000004 9.5000000000000018 445.00000000000006 4.3500000000000005 35.850000000000001 57.633333333333333 91.500000000000014 48.500000000000007 18.500000000000004 11.050000000000002 6.1500000000000012 1350.0000000000002 447.00000000000006 52.250000000000007 1.5833333333333337 20.650000000000002 11.500000000000002 1.1898152176660401 0.71017613041625782 39.350000000000001 37.750000000000007
decision_type=8 8 10 8 10 10 8 2 8 10 2 2 10 10 10 2 10 8 10 8 10 2 10 2 8 10 10 8 10 10 10
left_child=3 5 -3 9 -5 7 -7 14 12 11 -11 -1 28 -12 15 25 -13 23 20 -16 -19 22 -21 -10 -20 -2 -27 -28 -9 -15 -14
right_child=1 2 -4 4 -6 6 -8 8 17 10 13 16 30 29 19 -17 -18 18 24 21 -22 -23 -24 -25 -26 26 27 -29 -30 -31 -32
leaf_value=0.004424584472273568 0.0067896588844998914 0.01145615194429446 -0.1039736425303584 0.10478442467660515 -0.10029379414456484 -0.018837542931726077 -0.084472243517193304 0.0049365063701394454 0.030317287027597076 0.022969809802708963 0.020077300476333056 -0.015339638634661713 0.038865746140139476 0.00075006331411921667 -0.0054812588049587239 -0.13150355390428287 -0.082383255651539339 0.035592552101391228 0.061252914737122681 -0.05706958656331982 -0.03757143764059559 -0.045864964549290878 0.033343794205909792 -0.016203812606932363 0.010312520440451417 -0.02770890215662776 0.024976618074014075 -0.087761383824260589 -0.077458489972554639 -0.064658938088717963 0.0073070378201486102
leaf_weight=2959.6339204013348 2663.1506408341229 180.59038443863392 435.07541592232883 431.86696300655603 121.35984117630869 1444.6911106333137 275.43880075216293 240.90526822581887 274.80843367427588 3346.2242202982306 2307.3048506602645 1200.1323468908668 1287.5165345910937 5164.9939071722329 1110.7498521357775 39.783319719135761 155.54622462019324 133.11869918555021 226.48272184468806 137.53988753631711 546.89954856410623 1196.3734853602946 225.90384259074926 2933.1503638159484 2385.3404927887022 1193.988002255559 433.89421294629574 52.192386755719781 114.35261452384293 124.08589271083474 847.36272350884974
leaf_count=11086 10578 1797 17577 1701 4930 15519 8465 1372 1336 9920 6950 4946 4968 19676 4918 309 877 392 830 1435 3669 9366 1137 16045 13551 7507 2076 512 902 645 3982
internal_value=0 -0.00744718 -0.0701152 0.00847439 0.059797 -0.00527519 -0.0293474 -0.00269425 0.00356273 0.00661352 0.0108783 -0.00420105 0.0195024 0.00555202 -0.0106689 -0.00318893 -0.023032 -0.00254392 0.00688424 -0.0229452 -0.023249 -0.0353814 -0.000871808 -0.0122186 0.0147298 -0.00201359 -0.015968 0.0128716 -0.0215853 -0.000784482 0.0263397
internal_weight=0 18379.3 615.666 15811.1 553.227 17763.6 1720.13 16043.5 8989.94 15257.9 10942.6 4315.31 2490.14 7596.38 7053.58 4383.01 1355.68 6499.8 3291.84 2670.57 680.018 1559.82 363.444 3207.96 2611.82 4343.23 1680.07 486.087 355.258 5289.08 2134.88
internal_count=188974 128243 19374 60731 6631 108869 23984 84885 47047 54100 37191 16909 11224 27271 37838 20982 5823 35823 18442 16856 4061 11938 2572 17381 14381 20673 10095 2588 2274 20321 8950
is_linear=0
shrinkage=0.1


Tree=30
num_leaves=32
num_cat=0
split_feature=92 27 92 17 16 5 16 2 70 3 2 84 92 32 0 92 58 21 16 10 13 0 82 41 59 13 91 73 68 27 69
split_gain=189.547 150.809 102.374 89.3676 93.5529 95.76 95.6542 85.6524 81.895 79.4384 75.4072 71.6904 64.1511 75.1029 63.5369 63.1633 58.9819 57.819 53.6894 57.2573 57.145 72.6046 64.4338 53.2224 51.3681 48.8537 48.6588 48.3106 46.1264 45.5235 45.1071
threshold=0.059318670738212863 142.45000000000002 0.21204130144109343 2.8750000000000004 38.45000000000001 1.0000000180025095e-35 35.550000000000004 5.5000000000000009 399.00000000000006 52.250000000000007 3.5000000000000004 28.500000000000004 0.10687422156624982 9.5000000000000018 6.5000000000000009 0.017350121289130105 39.150000000000013 0.25616661271417368 33.750000000000007 8.5000000000000018 11.450000000000001 12.500000000000002 42.500000000000007 64.950000000000017 6.416666666666667 46.95000000000001 52.291666666666679 9.8750000000000018 52.250000000000007 35.650000000000013 6.8500000000000005
decision_type=2 8 2 10 10 2 10 2 10 2 2 10 2 8 2 2 8 10 10 2 10 2 10 10 10 10 2 10 10 10 8
left_child=1 7 3 -2 5 6 18 8 29 24 -7 16 13 -6 -8 -11 28 -12 -5 20 -20 22 -22 -19 -10 -26 27 -17 -9 -1 -3
right_child=2 30 -4 4 12 10 14 11 9 15 17 -13 -14 -15 -16 26 -18 23 19 -21 21 -23 -24 -25 25 -27 -28 -29 -30 -31 -32
leaf_value=-0.016897099493426822 0.015416607529700975 0.062588877409890192 0.028075213467603707 0.02807769517369077 -0.019995848954391063 0.025524532701936303 -0.0049541472097282737 0.088926721624516925 0.034089615914298932 -0.058035781442402214 0.012968418366624707 -0.061228578087144547 0.005351030747453865 -0.076293576332761071 -0.039785143035325633 -0.1185264549637922 0.08117210193898082 -0.0099675120851567909 0.0045662526801065135 0.034120406211527655 -0.034161551832109442 -0.082276579368676717 0.013865938014092817 -0.095136106129432241 0.012233213103688419 -0.055497274600403934 -0.0030652111960270006 0.030250173296113125 -0.031571950174408267 -0.072255094704080619 -0.048049566753013452
leaf_weight=371.30836785398424 4809.329715420492 38.131032051518559 1885.111061250791 726.55710392352194 1144.9999282555655 2525.9822928085923 1028.443923397921 34.806686582043767 933.49331382662058 220.85926596820354 1806.0330068282783 496.79467735439539 693.88864216022193 298.79644218087196 1067.125298676081 70.541380003094673 65.754670893773437 1032.6498045716435 2038.009132235311 400.22022835258394 633.17265055328608 174.43820171430707 499.87144655361772 78.984952870756388 460.4456894621253 138.5365498624742 8580.5844302577898 31.604637943208218 363.83967173472047 247.61552983894944 1096.4878508988768
leaf_count=5261 18438 227 5888 2577 6255 9737 5509 275 3983 1808 7406 4215 3227 3426 6704 537 494 4882 7606 1549 4132 1277 2203 716 2075 1476 47421 176 2891 7062 19541
internal_value=0 -0.00948189 0.00585016 0.00364024 -0.000362565 0.00306777 -0.00506105 -0.00619125 -0.00370175 -0.00160571 0.0128753 -0.0348238 -0.0196374 -0.0316468 -0.0226911 -0.00522531 -0.00657716 0.00192418 0.00319986 -0.0016257 -0.005902 -0.0222192 -0.012973 -0.016019 0.019424 -0.00343194 -0.00388199 -0.072494 -0.0210509 -0.0390444 -0.0443314
internal_weight=0 13150.8 20843.6 18958.5 14149.2 12011.5 6567.84 12016.2 11055 10436.1 5443.65 961.196 2137.69 1443.8 2095.57 8903.59 464.401 2917.67 4472.27 3745.71 3345.49 1307.48 1133.04 1111.63 1532.48 598.982 8682.73 102.146 398.646 618.924 1134.62
internal_count=188974 97442 91532 85644 67206 54298 31557 77674 69799 57476 22741 7875 12908 9681 12213 49942 3660 13004 19344 16767 15218 7612 6335 5598 7534 3551 48134 713 3166 12323 19768
is_linear=0
shrinkage=0.1


Tree=31
num_leaves=32
num_cat=0
split_feature=18 73 17 92 16 82 41 42 14 2 81 58 15 90 2 30 88 92 5 29 63 35 72 58 4 90 20 19 32 49 74
split_gain=169.183 144.72 99.5005 107.377 86.4901 75.4289 76.9991 75.0678 62.4849 65.3973 59.8626 72.088 59.4318 59.0951 55.4604 55.1202 54.3641 51.4147 51.1196 50.9992 56.9919 55.0591 50.9856 50.3638 52.3474 49.4906 49.1677 48.8013 48.7732 62.9052 53.1906
threshold=9.5000000000000018 16.708333333333339 2.8750000000000004 0.11236284162244646 38.850000000000001 28.500000000000004 6.3500000000000005 533.00000000000011 495.00000000000006 4.5000000000000009 115.00000000000001 39.150000000000013 -12.499999999999998 40.500000000000007 2.5000000000000004 34.750000000000007 132.50000000000003 0.013963689533325151 1.0000000180025095e-35 3.5000000000000004 0.73580569996395584 -0.34063622103937247 39.95000000000001 40.050000000000004 6.5000000000000009 26.500000000000004 6.5000000000000009 1175.0000000000002 7.5000000000000009 -0.47610680293434904 12.500000000000002
decision_type=10 8 8 2 8 10 10 10 10 2 10 10 10 8 2 8 8 2 2 10 10 10 8 10 2 10 10 10 10 8 8
left_child=2 5 10 4 8 6 -2 -3 9 14 13 -12 -7 -1 15 -4 19 -14 -17 -11 21 -21 -15 24 26 -26 -16 -19 -10 30 -30
right_child=1 7 3 -5 -6 12 -8 -9 28 16 11 -13 17 22 23 18 -18 27 -20 20 -22 -23 -24 -25 25 -27 -28 -29 29 -31 -32
leaf_value=0.0011948582186236528 0.012587430589887531 -0.071637312592423522 0.014078845584530828 0.012463781428939684 -0.024927727328058383 -0.098966754262000134 -0.038774039970807438 0.19205419464854717 0.018785831841366656 -0.041213655586430975 -0.0033203909891644403 -0.11900722953146803 -0.12803855703007536 0.026860419891308343 0.0048178529209728822 -0.047388274179601911 0.0086920272368852698 -0.07005703450490447 -0.0040611911184445541 0.006634973912996384 0.043518564820578205 -0.07322914855093017 -0.0049981501577300589 -0.038983615231642461 -0.069414668018233802 0.0044880721959933215 0.066742715732286739 0.0019840858510921772 0.0072495731847182767 -0.031360138198669778 0.12258857671694189
leaf_weight=1750.2770007159561 371.30553764849901 503.38556860666722 382.21512056142092 4982.1720941439271 1813.522443686612 62.95334661565721 1364.6042669294402 11.032569047063587 2188.3065267875791 1143.415659416467 853.79890545830131 57.490458343178034 31.580828076228499 3964.5168297756463 6424.9765458628535 672.75740943849087 484.77496661990881 96.555610310286283 457.49309475440532 207.89736767485738 172.53739485889673 147.61528864130378 575.22210539132357 283.66107282042503 183.81103699747473 178.72144584730268 130.82899402827024 3596.1648066565394 205.73408215120435 498.95488076284528 49.62883679009974
leaf_count=6504 1857 17902 2229 17696 13207 589 14928 212 8867 6926 3306 358 463 14325 30081 5881 2868 807 2897 1047 823 993 3559 1630 1018 688 407 22404 1059 3179 264
internal_value=0 -0.0152516 0.00321594 -0.00031985 -0.00439554 -0.0105267 -0.027788 -0.065982 -0.00169992 -0.00519918 0.0133348 -0.0106187 -0.00261486 0.0168052 -0.00134103 -0.0187493 -0.0207919 -0.000986189 -0.0298507 -0.0293432 -0.00363937 -0.0265261 0.0228237 0.00231481 0.0040081 -0.0329821 0.00605364 0.000100387 0.0112271 -0.0107009 0.0296653
internal_weight=0 6037.58 27810.3 20609 15626.9 5523.16 1735.91 514.418 13813.3 10870.7 7201.31 911.289 3787.25 6290.02 8714.46 1512.47 2156.24 3724.3 1130.25 1671.47 528.05 355.513 4539.74 7202 6918.34 362.532 6555.81 3692.72 2942.62 754.318 255.363
internal_count=188974 59162 129812 101760 84064 41048 16785 18114 70857 57488 28052 3664 24263 24388 44831 11007 12657 23674 8778 9789 2863 2040 17884 33824 32194 1706 30488 23211 13369 4502 1323
is_linear=0
shrinkage=0.1


Tree=32
num_leaves=32
num_cat=0
split_feature=92 17 16 21 92 5 16 90 56 77 35 73 14 90 81 81 21 82 15 9 18 46 27 18 3 14 90 71 33 55 71
split_gain=146.032 120.782 118.1 114.014 76.1109 83.1759 76.7814 75.2608 71.1023 69.5296 65.3024 60.8978 58.05 54.4724 54.3768 54.0254 55.1149 50.4594 50.0277 53.2002 53.2681 56.0886 49.5928 49.2475 48.9523 48.3 47.7762 49.7107 52.0731 47.1478 45.9217
threshold=0.030160516875320256 4.7083333333333348 38.550000000000004 0.38797582753090759 0.15028454781640482 1.0000000180025095e-35 35.150000000000013 266.50000000000006 439.00000000000006 -0.99968229512304319 -1.1241687757832917 2.8750000000000004 429.00000000000006 14.500000000000002 45.000000000000007 175.00000000000003 0.62962605469492028 92.500000000000014 15.500000000000002 1.0000000180025095e-35 10.500000000000002 14.500000000000002 245.85000000000005 12.500000000000002 53.500000000000007 523.00000000000011 41.500000000000007 1.0000000180025095e-35 1350.0000000000002 81.550000000000011 6.5000000000000009
decision_type=2 8 10 8 2 2 10 8 10 10 8 8 8 8 10 10 10 10 10 2 10 10 10 10 2 10 8 10 10 8 10
left_child=10 9 3 4 5 6 13 -7 25 23 -1 24 -13 -3 -14 22 -17 -18 19 -12 30 -22 26 -2 -5 -4 27 -11 -29 -8 -21
right_child=1 2 8 11 -6 7 29 -9 -10 15 18 12 14 -15 -16 16 17 -19 -20 20 21 -23 -24 -25 -26 -27 -28 28 -30 -31 -32
leaf_value=-0.10664818733972964 -0.0086341854984371014 -0.068943534772509737 -0.072520465437774642 0.057939564684786365 0.029303728185214074 0.0034526169256331898 -0.013117926933794946 0.034561905895818909 -0.016748350593851682 0.013744859380831956 -0.039884114381628616 -0.054126640930664452 -0.0056847513514067909 0.010237106788949724 -0.029666939144038937 0.0074016528961744132 -0.019749322393664569 -0.11180372779386177 0.07296243150843354 0.013301687341490896 -0.080350216727427842 0.079426353509141109 -0.084058742820471447 -0.11264924441662266 0.00067795331068788885 0.092552544146502852 0.018598717136676522 -0.046035695545811273 0.00052916165185180962 -0.055487912219507211 -0.090787321905967111
leaf_weight=95.679618926718831 1427.2448186911643 90.428784031420946 348.77332435641438 184.62708342820406 1261.633487326093 2115.1102185528725 2027.6785334879532 1229.8240927290171 2292.906314894557 2018.3523359727114 1041.9356117798015 366.54730223678052 3205.6376693546772 2216.2558953464031 1340.9268542379141 1143.1655911579728 518.7684603780508 67.267284147441387 53.908045206218958 634.81844246294349 144.86542723886669 25.898872694000602 51.672967964783311 47.018434309400618 780.14121740870178 18.674424378201365 7379.7729166643694 325.59803848899901 915.20304077491164 301.70800370723009 45.416977165266871
leaf_count=1044 9078 575 6708 690 4034 10071 11152 6687 15580 7481 11581 3616 20247 10816 8808 4453 2285 408 420 4594 2884 396 489 1202 3475 361 29376 1588 3619 4871 385
internal_value=0 0.00159526 -0.00386335 -0.000444861 0.00647994 0.00287197 -0.00579942 0.0148905 -0.0232929 0.00858089 -0.0259921 -0.0113337 -0.0158442 0.00713299 -0.0127579 0.0110181 -0.00538095 -0.0303157 -0.0220282 -0.0247334 -0.00618337 -0.0561178 0.0136707 -0.0119515 0.0116361 -0.0641311 0.0141454 0.00406152 -0.0116899 -0.0186058 0.00635202
internal_weight=0 31674.9 17780.9 15120.5 9242.64 7981.01 4636.07 3344.93 2660.35 13894.1 2042.52 5877.88 4913.11 2306.68 4546.56 12419.8 1729.2 586.036 1946.84 1892.94 851 170.764 10690.6 1474.26 964.768 367.448 10638.9 3259.15 1240.8 2329.39 680.235
internal_count=188974 167670 107691 85042 48206 44172 27414 16758 22649 59979 21304 36836 32671 11391 29055 49699 7146 2693 20260 19840 8259 3280 42553 10280 4165 7069 42064 12688 5207 16023 4979
is_linear=0
shrinkage=0.1


Tree=33
num_leaves=32
num_cat=0
split_feature=18 82 82 18 11 18 92 82 16 16 17 33 31 90 16 89 25 0 82 31 26 32 86 2 77 16 82 92 5 13 62
split_gain=129.122 284.115 196.295 288.901 117.813 109.38 109.021 91.5672 72.1124 71.191 67.414 69.8226 66.6175 55.6205 57.4185 76.9925 57.9331 56.0596 55.3927 56.4858 56.423 54.9963 61.8191 53.0387 54.1684 51.2042 50.5817 85.0599 55.3799 50.5158 49.0455
threshold=3.5000000000000004 742.50000000000011 1.0000000180025095e-35 1.5000000000000002 1.0000000180025095e-35 1.5000000000000002 0.019442692943304904 27.500000000000004 39.050000000000004 41.550000000000004 2.5833333333333335 1350.0000000000002 2.5833333333333335 62.500000000000007 38.550000000000004 -1.0000000180025095e-35 11.500000000000002 12.500000000000002 62.500000000000007 13.875000000000002 54.500000000000007 10.500000000000002 126.50000000000001 5.5000000000000009 -2.0834469502828563 34.550000000000004 97.500000000000014 0.087641885855010315 1.0000000180025095e-35 62.350000000000001 5.5000000000000009
decision_type=8 8 10 10 10 10 2 10 8 10 10 10 8 10 10 10 10 2 10 10 10 10 8 2 10 10 10 2 2 10 10
left_child=2 6 3 -1 -3 8 -2 9 -4 21 12 18 29 14 16 -16 -13 -15 -12 -20 -21 23 30 24 -8 -25 28 -28 -7 -9 -23
right_child=1 4 5 -5 -6 26 7 10 -10 -11 11 13 -14 17 15 -17 -18 -19 19 20 -22 22 -24 25 -26 -27 27 -29 -30 -31 -32
leaf_value=0.10438730867698041 -0.058851263753675331 -0.00074972368481647836 -0.0070493313995813297 -0.10513088146041893 -0.10452001986242676 0.0043449780258464372 -0.043592696275123868 0.02773219298481637 -0.10096134008597109 -0.10243943284974844 -0.00078406424795269137 0.0072019594250363837 -0.0006296020251320162 -0.0060702942123572849 -0.059277393661066526 0.00072939375596265191 0.032340293474563547 -0.06410433901264645 -0.038758168164970547 0.11291153410081506 -0.038476999504155729 -0.054470363209210226 0.0026626260970194341 0.01251303071068815 -0.0009972890969979103 -0.06429684433521872 -0.067005733214590454 0.014527794329403093 0.021235795651734449 0.096141797192767386 0.014487172339027542
leaf_weight=405.99028880894184 342.82419214583933 151.07687609270215 3444.958535797894 78.544273256324232 396.66934006568044 3495.0650451108813 316.10276324488223 1126.575458239764 83.752866938710213 83.853390283882618 1216.911687371321 4166.2104756841436 973.24504069238901 1221.7616186123341 255.17863893695176 1319.2407539505512 1175.3965255599469 192.70355211012065 1008.6402498697862 51.484660778194666 47.179124051705003 715.71946386341006 415.40722810290754 125.28342804312706 5377.2672699652612 282.47597745992243 213.34671288728714 319.6800592020154 4365.8423922732472 119.38119664415717 120.50851884484291
leaf_count=1736 4840 1747 12425 3368 19010 11372 4063 4199 490 959 8073 21909 5008 6442 3987 7326 5990 1272 7810 409 435 6494 4295 697 25835 2412 1001 937 12911 673 849
internal_value=0 -0.00481426 0.00802997 0.0704239 -0.0758986 0.00549429 -0.00292904 -0.00198512 -0.0092783 -0.0108195 0.00311807 -0.000184463 0.018974 0.00409146 0.00778676 -0.00899638 0.0127335 -0.0139767 -0.0155103 -0.0316942 0.0405204 -0.00977465 -0.0288691 -0.00585746 -0.00336224 -0.0406971 0.0117045 -0.0181064 0.0137259 0.0342869 -0.0445329
internal_weight=0 21201.1 12407.2 484.535 547.746 11922.6 20653.4 20310.5 3528.71 7436.62 12873.9 10654.7 2219.2 8330.49 6916.03 1574.42 5341.61 1414.47 2324.22 1107.3 98.6638 7352.76 1251.64 6101.13 5693.37 407.759 8393.93 533.027 7860.91 1245.96 836.228
internal_count=188974 144734 44240 5104 20757 39136 123977 119137 12915 45604 73533 63653 9880 46926 39212 11313 27899 7714 16727 8654 844 44645 11638 33007 29898 3109 26221 1938 24283 4872 7343
is_linear=0
shrinkage=0.1


Tree=34
num_leaves=32
num_cat=0
split_feature=41 16 14 4 20 18 82 82 18 82 81 49 66 90 87 82 69 82 18 82 11 62 27 31 56 6 48 2 90 49 32
split_gain=115.762 113.969 74.2408 73.36 145.454 124.395 119.575 113.965 93.2187 67.1094 66.6487 73.237 66.177 65.3717 65.0518 60.3612 60.2943 59.1152 132.469 78.0066 63.2486 58.6994 54.1292 53.8305 53.7089 55.0978 53.0805 63.1562 51.4884 56.5149 56.1878
threshold=18.850000000000005 40.250000000000007 447.00000000000006 5.5000000000000009 5.5000000000000009 2.5000000000000004 1.0000000180025095e-35 504.50000000000006 1.5000000000000002 125.50000000000001 -104.99999999999999 -0.71409566302011884 1.5000000000000002 95.500000000000014 -589.99999999999989 39.500000000000007 7.3500000000000005 18.500000000000004 1.5000000000000002 14.500000000000002 12.500000000000002 2.0000000000000004 204.75000000000003 4.5833333333333348 481.00000000000006 1075.0000000000002 5.5000000000000009 4.5000000000000009 230.50000000000003 -1.0838937379226226 1.5000000000000002
decision_type=8 10 8 2 10 10 10 8 10 10 10 10 8 8 8 8 10 10 8 8 8 10 10 8 10 2 10 2 8 10 10
left_child=3 2 12 4 5 6 8 24 -1 -8 11 -5 -2 16 -3 21 -4 18 -15 -20 -21 -12 -19 -14 25 -7 27 -18 30 -30 -26
right_child=1 14 13 10 -6 7 9 -9 -10 -11 15 -13 23 17 -16 -17 26 22 19 20 -22 -23 -24 -25 28 -27 -28 -29 29 -31 -32
leaf_value=0.10288838449796363 -0.013479786076903458 0.17036738859333589 0.013553509934828945 -0.045290084216370083 0.061665834871326645 0.038410044363452481 0.018641839510742091 -0.10521016025522192 -0.10411551256227954 -0.033772856753188994 -0.14457224997602111 0.028679566452011942 -0.0040414158247725302 0.084594409065940637 -0.052463484405222305 -0.004331200087653724 -0.011899058855556309 0.015032859490001372 2.0875937195324977e-05 -0.081607564496783955 -0.010684744906102337 -0.028989653833008673 -0.048577075465245492 -0.081663581058647988 -0.047434636673575205 -0.0060841482157651255 0.0068017660759976803 -0.043923306678228115 -0.056788046680164975 0.025493416935414671 0.0049369749999181919
leaf_weight=243.73284041881561 2047.1803501425311 13.370803074911235 857.87111825682223 162.41302266158164 479.63768697157502 290.2290667090565 4195.034198731184 101.5726987272501 23.886322312988341 259.3774705901742 45.876133093610406 761.13800337351859 130.24797012843192 128.52850285172462 649.54263448249549 1904.3825916023925 1864.7587655279785 3643.7543735671788 678.53106220345944 297.11966691818088 217.9995518727228 1040.5245886929333 138.87586774211377 284.47554770018905 224.88734019547701 6776.4249805528671 796.4345168992877 919.4799812361598 87.349437130615115 1882.1912464480847 2299.9585295170546
leaf_count=1341 16018 81 3791 795 1353 1103 12180 5856 1202 1013 294 2742 1308 393 9450 7953 11114 21282 4863 8325 3588 4672 2109 6552 1059 29944 4858 7648 432 6331 9324
internal_value=0 -0.00760515 -0.00537631 0.00452302 0.00738565 0.00579668 0.0194903 0.000252339 0.0844123 0.0155898 -0.0078102 0.0156715 -0.0208592 -0.0013822 -0.047969 -0.0150613 -0.0102581 0.00633527 -0.0118664 -0.022253 -0.0515929 -0.0338704 0.0126975 -0.0572856 0.00117891 -0.00425676 -0.015963 -0.0224749 0.00972557 0.0218442 0.00027225
internal_weight=0 12668.2 12005.3 20778.6 16864.3 16384.6 4722.03 11662.6 267.619 4454.41 3914.33 923.551 2461.9 9543.35 662.913 2990.78 4438.54 5104.81 1322.18 1193.65 515.119 1086.4 3782.63 414.724 11561 7066.65 3580.67 2784.24 4494.39 1969.54 2524.85
internal_count=188974 101380 91849 87594 71138 69785 15736 54049 2543 13193 16456 3537 23878 67971 9531 12919 27411 40560 17169 16776 11913 4966 23391 7860 48193 31047 23620 18762 17146 6763 10383
is_linear=0
shrinkage=0.1


Tree=35
num_leaves=32
num_cat=0
split_feature=92 55 16 5 16 64 4 26 13 72 31 83 10 32 0 10 2 21 27 72 26 70 82 39 49 73 41 69 69 16 19
split_gain=107.177 95.9919 93.0694 75.4528 115.279 114.828 80.712 70.0497 69.6106 66.004 61.991 57.6209 54.964 68.2032 65.5785 75.0896 52.3896 52.3216 49.9823 48.1267 47.8244 74.4298 69.7117 55.602 47.8224 49.8411 44.2405 59.4193 44.2045 44.107 50.5014
threshold=0.022431865828092205 3.6500000000000008 40.250000000000007 1.0000000180025095e-35 35.850000000000001 1.0000000180025095e-35 3.5000000000000004 57.250000000000007 108.25000000000001 40.850000000000001 4.1250000000000009 695.00000000000011 3.5000000000000004 11.500000000000002 8.5000000000000018 8.5000000000000018 2.5000000000000004 0.74312843412044127 21.250000000000004 35.250000000000007 56.750000000000007 427.00000000000006 162.50000000000003 5.5000000000000009 -0.57862508112514233 3.7083333333333335 46.750000000000007 37.250000000000007 59.850000000000001 37.550000000000004 1175.0000000000002
decision_type=2 8 10 2 10 8 2 10 10 8 8 10 2 8 2 2 2 10 10 8 10 10 10 10 10 8 8 8 10 10 8
left_child=-1 -2 3 4 7 6 17 12 20 -10 -4 24 13 19 18 28 26 -5 -14 -3 29 23 -23 -22 -12 -26 27 -6 -16 30 -7
right_child=1 2 10 5 16 8 -8 -9 9 -11 11 -13 14 -15 15 -17 -18 -19 -20 -21 21 22 -24 -25 25 -27 -28 -29 -30 -31 -32
leaf_value=-0.041749661414549215 0.013855114372021127 0.036854574166584289 -0.0035033550531843732 0.039190212385278284 -0.04902163673430885 -0.019293144270085587 5.3771441945681688e-05 -0.054043676274662139 -0.018084523246648342 -0.10446041120807184 -0.09403715549560486 0.10858401243903104 0.012877279371144808 -0.037464606924496595 -0.020211316579457028 0.024294608373174702 -0.01474244850587382 0.0020953574150711961 -0.013079965810068685 0.0065632215992847687 -0.021290071184224754 -0.011400495869915423 -0.10980579520006409 0.12078113155520459 -0.1143103323963604 -0.022065325619877212 -0.091611086446157314 0.03467085942284661 -0.075140381864857081 -0.0013361426945109021 0.0185083066334597
leaf_weight=605.5766168627888 4747.1123045301065 993.33862386643887 558.61975270416588 1814.316627102904 392.91363412886858 401.53535547945648 1277.1650816621259 226.607228317298 497.29075624328107 107.61192660778761 203.79153759684414 22.623254472389817 2559.8567478582263 221.60368156805634 1631.3357631694525 370.76503416988999 3450.9213032592088 481.05392152070999 1044.5078919120133 1111.2850547470152 44.259491913020611 2274.6343114329502 74.342308923602104 72.954118777997792 68.871058082208037 391.74778606276959 158.19200669694692 108.18934184033424 160.96416452527046 4286.6208934448659 2949.1238056020811
leaf_count=8133 17006 3943 3658 7429 2847 2062 6206 1418 5677 4006 4179 131 10760 1941 9204 1793 22990 2513 7740 5462 438 11239 518 375 587 3888 3339 1022 1556 23451 13463
internal_value=0 0.000707509 -0.00152496 -0.000278985 -0.00597568 0.00467957 0.0202042 0.00079286 -0.000499755 -0.0334508 -0.0282432 -0.0483589 0.00232818 0.0153039 -0.00290544 -0.0166702 -0.0196772 0.031416 0.00535514 0.0208601 0.00147305 -0.0106342 -0.0145149 0.0671355 -0.0537028 -0.0358577 -0.0455068 -0.0309522 -0.0251444 0.00538266 0.0139783
internal_weight=0 32704.2 27957 26711.4 12430.5 14280.9 3572.54 8320.26 10708.4 604.903 1245.65 687.034 8093.66 2326.23 5767.43 2163.06 4110.22 2295.37 3604.36 2104.62 10103.5 2466.19 2348.98 117.214 664.41 460.619 659.295 501.103 1792.3 7637.28 3350.66
internal_count=188974 180841 163835 151392 74015 77377 16148 43817 61229 9683 12443 8785 42399 11346 31053 12553 30198 9942 18500 9405 51546 12570 11757 813 8654 4475 7208 3869 10760 38976 15525
is_linear=0
shrinkage=0.1


Tree=36
num_leaves=32
num_cat=0
split_feature=17 92 77 2 16 5 5 13 7 90 41 14 34 2 81 35 13 86 3 46 27 6 3 56 58 16 32 92 27 32 37
split_gain=93.9689 100.894 90.7648 79.687 76.7983 80.7736 74.8084 63.7663 57.1652 49.8535 49.0311 46.4502 45.8821 45.0047 44.3786 44.2865 61.7831 44.6485 43.8237 42.4347 41.3067 54.8762 49.4313 40.8818 40.3133 40.2663 47.6666 42.6287 41.3047 40.2205 38.2629
threshold=2.7083333333333335 0.13841907686187097 -1.9479763683878797 5.5000000000000009 35.850000000000001 1.0000000180025095e-35 1.0000000180025095e-35 157.85000000000005 1.5000000000000002 99.500000000000014 83.850000000000009 469.00000000000006 5.5000000000000009 2.5000000000000004 25.000000000000004 0.9994241295974241 17.750000000000004 75.500000000000014 51.250000000000007 3.5000000000000004 204.75000000000003 1950.0000000000002 51.250000000000007 491.00000000000006 40.050000000000004 38.850000000000001 7.5000000000000009 0.051638475883550507 17.350000000000005 9.5000000000000018 1.0000000180025095e-35
decision_type=8 2 10 2 10 2 2 10 2 8 10 8 10 2 10 10 10 10 2 8 10 2 2 10 8 10 10 2 10 8 10
left_child=14 2 7 4 6 13 -4 11 10 -8 23 19 -9 -6 18 25 -17 -18 -1 -2 30 22 -22 -5 -16 -15 27 -27 -29 -26 -7
right_child=1 -3 3 8 5 20 9 12 -10 -11 -12 -13 -14 15 24 16 17 -19 -20 -21 21 -23 -24 -25 29 26 -28 28 -30 -31 -32
leaf_value=0.050394839838813266 0.0044887743853869065 0.010769279163331605 0.0016482834756220213 -0.03968123704211568 -0.052487337789210609 0.0044810313649779549 0.0098386893155239727 -0.10553136879999495 0.034267703432024642 0.05092330384117804 -0.077537227734317676 -0.0083818767921107658 0.096507831302171956 -0.0050322556653133524 -0.002342509848961517 -0.10912759978954906 -0.04369850897787543 0.074626564619587651 0.011315411012742985 -0.056982722198557482 0.11428814409000243 0.11114433553697359 -0.080104684743188659 -0.0036453918424049513 -0.1210785698671258 -0.097217216412084848 -0.087221148420836947 -0.023818372500614342 0.090425075696758575 0.0275771583390182 -0.0095556652342830683
leaf_weight=301.3656677082181 145.84422113001347 4419.3301860615611 5506.804895684123 716.69305687677115 412.11430725920945 4921.893826842308 621.86220290977508 139.71770992316306 147.64396915584803 562.51328112650663 196.24215576611459 1020.779354040511 12.22352215554565 1672.1912583261728 1266.3690123390406 117.20738292206079 132.80506153497845 41.967381900176406 6000.669246208854 488.23159240186214 14.20968854241073 19.710476270876825 164.68630093708634 561.44063539244235 57.326530318707228 42.336237722076476 141.05991631187499 87.301921739242971 49.64314384944737 26.666984863579273 3207.5857405196875
leaf_count=1155 862 16224 27211 5314 3968 25187 3121 7309 679 2258 2695 12379 204 9293 5082 779 1204 302 26230 10855 175 204 2428 3495 410 361 1456 391 222 230 17291
internal_value=0 -0.00297241 -0.00584448 -0.00384182 -0.00189943 -0.00702878 0.00655193 -0.0272787 -0.0250568 0.0293516 -0.0309975 -0.0215863 -0.0892775 -0.022071 0.00965909 -0.0165841 -0.0529559 -0.0152856 0.0131842 -0.0428436 -0.00215811 -0.0472162 -0.0646641 -0.0238519 -0.00679232 -0.0112543 -0.0437334 -0.00951698 0.0175953 -0.0738821 -0.00105732
internal_weight=0 25564 21144.7 19337.9 17715.9 11024.7 6691.18 1806.8 1622.02 1184.38 1474.38 1654.86 151.941 2696.63 7652.4 2284.51 291.98 174.772 6302.03 634.076 8328.09 198.606 178.896 1278.13 1350.36 1992.53 320.341 179.281 136.945 83.9935 8129.48
internal_count=188974 155867 139643 108034 95851 63261 32590 31609 12183 5379 11504 24096 7513 17976 33107 14008 2285 1506 27385 11717 45285 2807 2603 8809 5722 11723 2430 974 613 640 42478
is_linear=0
shrinkage=0.1


Tree=37
num_leaves=32
num_cat=0
split_feature=92 92 10 56 18 82 4 72 81 21 26 16 2 17 84 20 62 43 45 62 3 62 31 90 3 13 69 48 72 49 16
split_gain=83.8168 78.2103 93.6053 76.7033 73.7891 104.146 73.8516 66.8212 59.3161 66.0465 57.2335 50.9996 49.5274 45.7957 62.2139 51.5781 62.6348 49.6435 48.5437 60.8732 45.4241 49.3264 45.4197 44.7392 49.0932 42.9097 49.6508 42.8526 42.578 54.0111 42.5729
threshold=0.022431865828092205 0.21204130144109343 3.5000000000000004 481.00000000000006 6.5000000000000009 714.50000000000011 6.5000000000000009 39.550000000000004 -394.99999999999994 0.25616661271417368 57.750000000000007 33.95000000000001 5.5000000000000009 5.5833333333333348 154.50000000000003 5.5000000000000009 4.5000000000000009 4.5000000000000009 13.41666666666667 2.0000000000000004 54.250000000000007 5.5000000000000009 4.416666666666667 154.50000000000003 57.750000000000007 18.350000000000005 3.8500000000000001 2.0000000000000004 35.650000000000013 1.1715083822748271 40.050000000000004
decision_type=2 2 2 10 10 8 2 8 10 10 10 8 2 10 8 10 8 10 10 10 2 10 10 8 2 10 10 8 8 10 10
left_child=28 2 7 4 6 8 11 20 9 -6 23 -4 -13 -10 15 16 17 22 -16 -20 -2 -22 30 25 -25 -5 -27 -8 -1 -30 -15
right_child=1 -3 3 10 5 -7 27 -9 13 -11 -12 12 -14 14 18 -17 -18 -19 19 -21 21 -23 -24 24 -26 26 -28 -29 29 -31 -32
leaf_value=-0.096899298060146993 0.020344003325711579 0.020912265948625407 0.023849383910701547 0.0053384330007479061 0.0055937541899092752 -0.10356821884407082 -0.11163090769874243 -0.014881969621425468 -0.0057322205151300537 0.13702373083639779 -0.026278030270493965 -0.0015004040879682513 -0.050312557549206174 -0.07835861562126617 -0.010638820470874361 -0.0048716587545107673 -0.086564121854747766 -0.079817502150147338 0.18810256151567217 0.013117313981500815 4.4492359787472811e-05 0.033276000655230044 -0.016892124921368438 0.01122657887975023 0.077708998318882658 -0.077845579954167243 -0.010262039674780303 -0.025714040694209645 -0.035850040680682149 0.078898324790301164 0.032598860157705127
leaf_weight=99.922807425260544 3401.5580484578386 1793.627748622559 787.54657832533121 2892.2461544070393 456.04879671148956 139.94885321799666 63.275822207331657 1066.8676476385444 1479.7937852991745 41.733955930918455 608.95634702313691 6950.0137524530292 214.27787700109184 241.50539666414261 442.42653034813702 450.17909933067858 275.78751357272267 208.39497090876102 29.348396102897823 61.623292251490057 3339.4112334689125 515.63015906978399 974.54889452643692 3850.927473959513 114.37164945155382 118.8834763020277 1269.4965395703912 703.24944313056767 445.40384598635137 45.180346140637994 40.358201910741627
leaf_count=1222 15519 5888 2789 10324 3823 8565 358 10795 9612 165 3221 31617 1472 1891 5536 2936 4362 1903 395 535 15870 2209 8186 19246 369 786 9088 3148 6610 301 233
internal_value=0 0.000614377 -0.000570032 -0.00393277 -0.00865991 -0.0185587 -0.00316265 0.00848576 -0.0160284 0.0166128 0.00330622 -0.000305111 -0.00296033 -0.0198934 -0.0275859 -0.0350427 -0.042846 -0.0346149 0.00304078 0.0695693 0.0119213 0.00448936 -0.0271174 0.00549099 0.0131441 -0.00159839 -0.016049 -0.0328064 -0.037401 -0.0252823 -0.0624713
internal_weight=0 32532 30738.4 22414.9 13560.1 4841.7 8718.36 8323.47 4701.75 497.783 8854.88 7951.84 7164.29 4203.97 2724.17 2190.77 1740.59 1464.81 533.398 90.9717 7256.6 3855.04 1256.41 8245.93 3965.3 4280.63 1388.38 766.525 590.507 490.584 281.864
internal_count=188974 180841 174953 130560 87526 48142 39384 44393 39577 3988 43034 35878 33089 35589 25977 19511 16575 12213 6466 930 33598 18079 10310 39813 19615 20198 9874 3506 8133 6911 2124
is_linear=0
shrinkage=0.1


Tree=38
num_leaves=32
num_cat=0
split_feature=32 82 18 82 32 32 86 89 42 76 2 71 13 55 3 46 76 63 10 59 84 3 18 30 86 32 41 16 9 53 67
split_gain=75.6954 139.386 150.122 116.065 296.636 62.1838 61.5105 83.0637 74.5207 76.5213 61.2926 65.8321 58.9888 53.8139 53.3505 67.0387 55.885 56.4676 53.096 53.9413 52.7598 51.8925 56.0186 50.1205 48.2 45.3446 53.8581 51.4037 60.9783 49.0333 47.4042
threshold=4.5000000000000009 742.50000000000011 1.5000000000000002 683.00000000000011 1.5000000000000002 1.5000000000000002 103.50000000000001 855.00000000000011 455.00000000000006 2.0000000000000004 5.5000000000000009 -9.4999999999999982 2.7500000000000004 55.850000000000001 53.500000000000007 6.5000000000000009 5.5000000000000009 0.56372144728655327 3.5000000000000004 7.7083333333333348 22.500000000000004 52.250000000000007 1.5000000000000002 34.550000000000004 154.50000000000003 7.5000000000000009 31.250000000000004 13.350000000000003 1.5000000000000002 6.5000000000000009 11.500000000000002
decision_type=8 8 10 8 10 10 8 8 10 8 2 10 10 10 2 8 10 10 2 8 10 2 10 8 10 10 10 10 2 10 10
left_child=3 6 -3 5 -5 12 7 10 9 20 11 13 -1 -2 -13 -16 25 -18 19 -11 -8 -7 -23 -20 -10 29 -27 -28 -29 30 -17
right_child=1 2 -4 4 -6 21 8 -9 24 18 -12 14 -14 -15 15 16 17 -19 23 -21 -22 22 -24 -25 -26 26 27 28 -30 -31 -32
leaf_value=0.023166364542176649 0.013458230961822169 0.014943064115753101 -0.10356523001887655 0.10381217109178663 -0.097746103698635733 0.031192582398949453 0.068563154400540213 -0.065917053249348129 0.016833391477685724 0.043502911855866667 -0.02718125404305818 0.010966678373052614 -0.013584469304226049 0.092327629276447803 -0.0010314378104668621 0.021462877637024834 0.040224986736645901 -0.04401917201264461 0.025544290435761598 -0.031312282851554664 -0.021523048367603125 -0.013715874784405752 0.0080616457214805256 -0.041761466465484662 -0.017664468700886168 -0.019549006485779813 0.10011860941716222 -0.072008852270354015 0.018513618961795448 -0.028716568073093019 -0.071397573070366732
leaf_weight=512.89157149940729 334.65864521823823 171.09692254289985 284.85248084273189 317.28771791234612 94.842533277347684 834.14436420053244 177.75247051566839 236.57383608166128 3538.5651051364839 214.35180119611323 1223.5782846044749 1679.1316682528704 2942.0705425366759 116.67343166470528 4709.1448295060545 508.62514701485634 275.72229056060314 111.83721060492098 126.12870595045388 175.08687042351812 102.49881862290204 1353.350795596838 9284.560058478266 900.95744298584759 457.35338480211794 923.31709622964263 20.429569143801928 603.2550697401166 84.886650377884507 652.38035832904279 61.635442079976201
leaf_count=1401 1560 1792 17456 1701 4930 2703 828 4621 19394 1086 9594 9322 12142 690 21236 2506 1272 741 781 3117 618 4944 32910 11830 2766 5357 53 6504 761 3920 438
internal_value=0 -0.00452101 -0.0590945 0.00507778 0.0574281 0.0036324 -0.00307723 -0.00727285 0.00542932 -0.0121287 -0.00604567 -0.00348052 -0.00812878 0.0338467 -0.00522988 -0.00865025 -0.0197166 0.0159148 -0.0215745 0.00986691 0.0356151 0.00717444 0.00529112 -0.0334962 0.0128849 -0.0245543 -0.0354636 -0.0562015 -0.0608423 -0.00999327 0.0114262
internal_weight=0 17690.5 455.949 15339.1 412.13 14927 17234.5 11541.8 5692.69 1696.78 11305.3 10081.7 3454.96 451.332 9630.37 7951.23 3242.09 387.56 1416.52 389.439 280.251 11472.1 10637.9 1027.09 3995.92 2854.53 1631.89 708.571 688.142 1222.64 570.261
internal_count=188974 128243 19248 60731 6631 54100 108995 68575 40420 18260 63954 54360 13543 2250 52110 42788 21552 2013 16814 4203 1446 40557 37854 12611 22160 19539 12675 7318 7265 6864 2944
is_linear=0
shrinkage=0.1


Tree=39
num_leaves=32
num_cat=0
split_feature=92 17 16 2 88 58 5 16 16 6 70 81 21 77 61 16 91 14 43 31 82 55 91 69 90 62 73 58 81 84 82
split_gain=72.9645 67.3138 65.5755 68.228 81.0204 70.4259 61.5562 86.1958 64.3664 78.1641 58.4648 58.5523 51.5769 49.3884 48.9366 48.0754 49.3654 85.968 55.4787 51.5171 46.7296 48.3268 45.4628 45.3761 54.053 50.769 47.7503 44.4707 42.7346 47.1223 42.4544
threshold=0.03647209997178006 2.7083333333333335 33.750000000000007 4.5000000000000009 1.0000000180025095e-35 40.250000000000007 1.0000000180025095e-35 35.850000000000001 37.650000000000013 1650.0000000000002 417.00000000000006 -174.99999999999997 -1.1022005733138356 0.97745592712796858 2150.0000000000005 37.850000000000001 54.81666666666667 471.00000000000006 1.5000000000000002 5.416666666666667 97.500000000000014 5.6500000000000012 55.958333333333336 10.65 14.500000000000002 5.5000000000000009 2.8750000000000004 39.050000000000004 195.00000000000003 69.500000000000014 182.50000000000003
decision_type=2 10 10 2 10 8 2 10 10 2 10 10 10 8 10 10 2 10 10 10 10 8 2 8 10 10 10 10 10 8 10
left_child=10 20 -3 5 -5 6 7 12 9 28 -1 15 14 -9 -4 16 18 -18 -12 -19 -2 -22 -21 30 -25 -26 -27 -17 -8 -30 -6
right_child=1 2 3 4 23 -7 8 13 -10 -11 11 -13 -14 -15 -16 27 17 19 -20 22 21 -23 -24 24 25 26 -28 -29 29 -31 -32
leaf_value=-0.04926775500525446 0.01307167144783941 0.016807443806887739 0.0565740806810381 0.017318625752861729 -0.0044700631235500736 -0.023674666787617954 0.011485036379357492 -0.014280023227467546 -0.00083991074409524985 0.035182190026632441 0.091839170766565448 -0.015615664727735205 -0.00045362332216331762 -0.055120103818225699 -0.0099837716977253278 -0.04602809056864042 -0.094076123727363403 0.1020674914213537 -0.020688079457940232 -0.12656853769353046 0.015925053096235955 -0.035063727186319796 0.038934071693524655 -0.070726068378952386 -0.03819784376732821 0.065990414588438254 -0.012980607229217164 0.041827511040103224 -0.057361096415191506 0.018775033400766916 -0.085353405745546285
leaf_weight=399.11405172757804 6215.3185720900074 1880.0144161973149 322.16165978088975 669.30734195746481 1452.0934756323695 1151.3608783995733 2034.3295914512128 2046.4861298548058 3952.6550720781088 1498.4696075012907 191.62801310606301 2698.2091049123555 4370.7045291513205 346.20146715454757 168.11247303150594 178.88402701728046 66.266787713393569 73.957833264023066 56.800651581957936 24.725128127261996 325.28681061603129 433.73991423472762 50.492847569286823 294.50040590949357 938.98712596017867 91.078323949128389 480.5520403124392 84.987845804542303 203.06789048667997 135.55744643509388 67.929858164861798
leaf_count=11504 26283 7748 902 4538 6683 16487 8606 11407 20345 5405 959 20664 20732 3400 694 1605 647 305 462 272 1065 2177 364 2450 6858 431 3254 619 1117 563 428
internal_value=0 0.00164573 -0.00105693 -0.00271763 -0.0144253 0.000163974 0.00198433 -0.00465166 0.00813652 0.0173013 -0.013046 -0.00882624 0.0029963 -0.0201892 0.0337517 0.0163465 0.0357317 0.000701054 0.066111 0.0428029 0.0102112 -0.0132121 -0.0154688 -0.020815 -0.0315346 -0.0238941 -0.000398091 -0.0177316 0.00600991 -0.0268825 -0.00808474
internal_weight=0 29077.9 22103.6 20223.6 3994.45 16229.1 15077.7 7253.67 7824.08 3871.42 3825.07 3425.95 4860.98 2392.69 490.274 727.743 463.871 215.443 248.429 149.176 6974.35 759.027 75.218 3325.14 1805.12 1510.62 571.63 263.872 2372.95 338.625 1520.02
internal_count=188974 151573 122048 114300 24642 89658 73171 37135 36036 15691 37401 25897 22328 14807 1596 5233 3009 1588 1421 941 29525 3242 636 20104 12993 10543 3685 2224 10286 1680 7111
is_linear=0
shrinkage=0.1


Tree=40
num_leaves=32
num_cat=0
split_feature=92 4 20 18 82 82 18 20 18 16 2 82 44 16 71 90 21 21 5 49 44 81 73 3 82 88 2 44 90 72 73
split_gain=64.6301 64.6456 171.035 110.184 294.454 125.048 140.325 85.9581 81.6775 81.913 69.1705 60.8307 57.3334 55.0051 53.3933 54.88 52.0244 83.1345 49.6126 59.5716 56.3027 54.9395 48.7472 48.6871 48.4923 47.6659 47.3809 60.3524 48.7551 57.1931 54.7254
threshold=0.017350121289130105 6.5000000000000009 6.5000000000000009 2.5000000000000004 742.50000000000011 1.0000000180025095e-35 1.5000000000000002 5.5000000000000009 1.5000000000000002 37.350000000000001 2.5000000000000004 25.500000000000004 35.95000000000001 41.550000000000004 1.5000000000000002 19.500000000000004 -0.33697485396112981 -0.39921809429125438 1.0000000180025095e-35 0.4172667641568486 39.45000000000001 195.00000000000003 15.875000000000002 51.250000000000007 83.500000000000014 85.500000000000014 2.5000000000000004 34.750000000000007 12.500000000000002 38.45000000000001 1.8750000000000002
decision_type=2 2 10 10 8 10 8 10 10 10 2 10 10 10 8 8 10 10 2 10 10 10 10 2 8 8 2 10 10 8 10
left_child=-1 2 3 5 11 6 -2 12 9 -7 -4 13 25 26 15 -13 17 -11 19 -17 -20 -21 24 -9 -16 -3 27 -5 29 -28 -30
right_child=1 7 10 4 -6 8 -8 23 -10 16 -12 14 -14 -15 22 18 -18 -19 20 21 -22 -23 -24 -25 -26 -27 28 -29 30 -31 -32
leaf_value=-0.043794565848088524 0.10344891839843383 -0.10689913914873367 -0.049250368680788588 0.018845878117864895 -0.10322458841849891 0.0047584482301745576 -0.011760582665439286 0.10467790292781048 0.016869054344645133 -0.035303516854761116 0.062328845526771051 -0.019988464601142671 -0.10732599978322746 -0.096398024096774393 0.0010041041437570831 0.0089117582058072381 -0.067112215934700861 0.077224371881687473 0.021043540676334661 -0.0079687271981046318 -0.012124957847725503 -0.065943530005448253 -0.14156093715434481 -0.0077530883172056593 -0.022415371645567519 -0.014034354514146353 0.016967646982643001 -0.03640748884257558 0.022386717446065536 -0.01492279405378044 -0.014498122143404395
leaf_weight=334.43846097495407 293.40107320994139 67.615007592365146 61.210026641376317 246.46716077439487 288.61193726491183 1943.9957752004266 165.27332454826683 39.132691659964621 4053.9079182446003 311.87732708454132 601.79466781206429 679.93682706169784 133.96234656590968 70.216218752786517 3258.4382410394028 2528.6396869774908 295.09161855280399 83.160247586667538 3852.7782645253465 790.59345724247396 590.16586232557893 206.06209868937731 26.429434634745121 2444.4085431164131 1213.3644358711317 302.78143018856645 1737.3721395786852 998.82424974627793 448.22230210714042 831.52816412877291 3921.5989557858557
leaf_count=5060 1678 388 320 1568 19415 6466 3118 165 11917 1366 1881 4121 793 893 22342 11170 1428 189 17436 4184 3386 1397 248 12187 9880 1188 7581 6410 1874 7428 21497
internal_value=0 0.000391308 0.001811 0.000656409 -0.00289192 0.0114251 0.0619357 -0.0136251 0.00796099 -0.00574848 0.0520276 -0.00153882 -0.0512631 -0.00826724 0.00268575 0.00728195 -0.035345 -0.011615 0.00960896 0.000750615 0.0166377 -0.0199552 -0.00615077 -0.00598153 -0.00535046 -0.0309866 -0.00751111 -0.0254718 -0.00428771 0.00664502 -0.0107148
internal_weight=0 32486.9 29499 28836 21689.2 7146.71 458.674 2987.9 6688.03 2634.12 663.005 21400.6 504.359 8254.23 13146.4 8648.18 690.129 395.038 7968.24 3525.3 4442.94 996.656 4498.23 2483.54 4471.8 370.396 8184.01 1245.29 6938.72 2568.9 4369.82
internal_count=188974 183914 169193 166992 140830 26162 4796 14721 21366 9449 2201 121415 2369 47251 74164 41694 2983 1555 37573 16751 20822 5581 32470 12352 32222 1576 46358 7978 38380 15009 23371
is_linear=0
shrinkage=0.1


Tree=41
num_leaves=32
num_cat=0
split_feature=10 13 72 73 10 16 27 81 43 86 5 31 29 44 27 90 0 58 56 82 71 13 49 35 67 13 17 28 42 82 58
split_gain=61.6447 80.8967 56.5169 54.5471 71.7614 77.2175 71.4253 58.3689 61.787 57.9359 65.3513 54.7104 52.9636 52.6389 51.2532 50.3207 48.797 49.19 48.6579 47.264 45.3849 45.1449 44.7868 44.5929 44.3273 44.1715 45.455 50.4728 43.5788 42.445 66.9979
threshold=3.5000000000000004 4.3500000000000005 39.550000000000004 4.416666666666667 8.5000000000000018 41.550000000000004 149.45000000000002 -194.99999999999997 14.500000000000002 58.500000000000007 1.0000000180025095e-35 6.7083333333333348 1.5000000000000002 37.550000000000004 42.750000000000007 27.500000000000004 10.500000000000002 39.150000000000013 489.00000000000006 12.500000000000002 4.5000000000000009 11.950000000000001 -0.35894305643058549 0.59667375099073661 5.5000000000000009 117.55000000000001 8.5833333333333339 473.00000000000006 517.00000000000011 161.50000000000003 35.95000000000001
decision_type=2 10 8 8 2 10 8 10 10 8 2 10 8 10 10 10 2 10 10 10 8 10 8 10 8 10 10 10 10 10 10
left_child=2 28 -1 7 5 6 9 11 29 14 16 -3 20 -14 -5 23 17 -11 -10 -16 -6 -15 -8 25 -13 26 -12 -28 -2 -9 -31
right_child=1 3 -4 4 12 -7 22 8 18 10 15 24 13 21 19 -17 -18 -19 -20 -21 -22 -23 -24 -25 -26 -27 27 -29 -30 30 -32
leaf_value=0.010290452559007469 0.0055447538005430107 0.026674733776464028 -0.013975514102085418 -0.012626308464594794 0.0055345242568979047 -0.088303226633223375 -0.0054798745969245376 -0.00071321406263007386 -0.16162419079846163 -0.0040466245656533622 0.013082631620914727 0.020327236557161316 0.049963139080304204 0.045318602650752375 0.078295992162326272 -0.020611991681789829 -0.042130616405659967 -0.12114725217515232 -0.010956965215048745 -0.044297123172846391 -0.053081904365903557 -0.062100218921778971 -0.062814123275815079 -0.0074184872818690148 -0.057261685096422266 -0.048841622143840122 0.0073403212418280753 0.068264083213598142 0.037807534647773706 0.018973801156383981 -0.11562122334617662
leaf_weight=7531.7517618602142 4738.6784451310523 1327.9496496990323 1099.9806907419115 3940.3527097320184 734.5513009019196 133.22035137051716 200.48742789914832 4943.0413246667013 43.795390447601676 1541.0611536437646 994.71980747161433 138.61355116963387 464.77908462844789 67.969305658712983 32.696626573801041 517.81901310198009 518.60698564443737 36.727167500182986 41.981396859511733 823.77138177771121 161.05194432940334 92.191834580618888 425.1969926469028 701.1304332697764 157.07036838121712 82.342827284242958 204.91650270810351 404.23036798741668 459.24507320486009 67.448374410159886 81.878353357315063
leaf_count=35619 17634 5210 11739 19125 4360 2801 2809 24696 369 11250 5885 693 2721 232 314 2936 4615 365 241 7123 2420 860 10100 5866 1060 1438 1873 2422 1338 268 592
internal_value=0 -0.00265169 0.00719813 -0.00569312 -0.00972685 -0.0126522 -0.0116854 0.00146951 -0.00371773 -0.00959361 -0.00206315 0.0180128 0.010584 0.0329263 -0.0174455 0.007647 -0.0155194 -0.00677245 -0.0878837 -0.039617 -0.00500618 -0.0165137 -0.0444426 0.0137764 -0.0208888 0.0225893 0.0262566 0.0477694 0.00839522 -0.00230002 -0.0548269
internal_weight=0 24077.5 8631.73 18879.6 12077.8 10557.3 10424.1 6801.78 5178.14 9798.37 5001.55 1623.63 1520.54 624.94 4796.82 2905.16 2096.4 1577.79 85.7768 856.468 895.603 160.161 625.684 2387.34 295.684 1686.21 1603.87 609.147 5197.92 5092.37 149.327
internal_count=188974 141616 47358 122644 89515 78922 76121 33129 26166 63212 36650 6963 10593 3813 26562 20420 16230 11615 610 7437 6780 1092 12909 17484 1753 11618 10180 4295 18972 25556 860
is_linear=0
shrinkage=0.1


Tree=42
num_leaves=32
num_cat=0
split_feature=92 10 42 4 31 92 0 31 18 55 63 0 10 83 20 13 62 77 16 0 84 4 18 82 81 35 71 88 84 90 48
split_gain=57.9463 61.8622 65.8171 69.6945 73.4081 60.9291 59.6122 59.1683 56.5273 67.7007 55.5777 49.8806 49.6883 50.8739 49.1849 50.5252 48.5126 52.8101 58.1237 70.1651 52.8678 47.8228 46.5938 59.5608 46.0087 55.9428 50.806 49.9697 45.2555 44.8691 44.262
threshold=0.21968832934880353 3.5000000000000004 453.00000000000006 2.0000000000000004 4.1250000000000009 0.030787141475990955 1.5000000000000002 13.875000000000002 9.5000000000000018 18.250000000000004 -0.83492077660212527 8.5000000000000018 8.5000000000000018 -1.0000000180025095e-35 2.0000000000000004 4.1500000000000012 5.5000000000000009 -0.57496371404689961 38.850000000000001 8.5000000000000018 33.500000000000007 5.5000000000000009 2.5000000000000004 27.500000000000004 -154.99999999999997 -1.1241687757832917 7.5000000000000009 28.500000000000004 15.500000000000002 13.500000000000002 3.5000000000000004
decision_type=2 2 10 2 10 2 2 10 10 8 10 2 2 10 10 10 10 10 10 2 10 2 10 10 10 10 10 8 8 10 10
left_child=1 16 8 7 14 -6 -7 22 11 -10 -9 -3 -8 -14 -5 -16 17 18 -1 -20 -21 29 -4 -24 25 -17 30 -28 -25 -19 -27
right_child=-2 2 3 4 5 6 12 10 9 -11 -12 -13 13 -15 15 24 -18 21 19 20 -22 -23 23 28 -26 26 27 -29 -30 -31 -32
leaf_value=-0.0038009037931149314 0.018484986748699566 -9.2284058778705955e-05 0.024620590386204941 -0.034218653260847366 -0.053888356416624816 -0.045675201134277268 -0.010240378835902656 0.15503771019426726 -0.0065159781426172196 -0.060256018784048931 0.033628582788996365 -0.021943731242775422 0.066311238713158735 0.0020033716202606617 0.025911670375327486 -0.057399476540984928 0.029905681824457239 0.02100120375470356 -0.10651608942496577 0.039229174916166183 -0.10771110073997606 -0.033737153911885497 -0.010801557550225428 -0.02135290415295003 -0.0055380593604459558 -0.0115998408542846 0.038292143334451086 -0.12587634280744561 0.01838628897330213 0.002797586506044036 0.053055630460091999
leaf_weight=1586.8751456523314 1603.6261910283938 2660.4494602046907 1076.4712244877592 309.55270682647824 328.58956641796976 431.03408938506618 5420.8064741999842 44.999424318782985 432.45691009704024 511.91455132840201 232.60025374172255 1720.0424057161435 169.8234285581857 446.33668393781409 1072.4718944197521 80.045672342181206 789.13111752271652 2345.2142036557198 130.3034301372245 89.054304314777255 33.770871926099062 255.74310011044145 2090.6615530028939 335.90351374261081 2567.5084655266255 133.40078070387244 35.44413916580379 38.877480838447809 1951.2938616480678 3203.8031800892204 513.26507408451289
leaf_count=11365 5404 15809 3160 1332 3871 2809 31504 511 2837 14356 1556 11519 672 2576 3443 455 3448 11814 1997 984 512 1185 12200 2019 13881 562 139 271 9412 15404 1967
internal_value=0 -0.00100899 -0.00373601 -0.000740503 -0.00521508 -0.011881 -0.00974695 0.00827367 -0.0134564 -0.0356468 0.0533092 -0.00867247 -0.00718171 0.0197276 0.00432183 0.00700822 0.00629979 0.00386307 -0.0108994 -0.0554002 -0.00117216 0.0085425 0.00598158 0.00139843 0.000989763 0.021913 0.0307185 -0.047584 0.0125501 0.0104911 0.0397178
internal_weight=0 31037.8 22603.9 17279.1 11547.2 6796.59 6468 5731.93 5324.86 944.371 277.6 4380.49 6036.97 616.16 4750.57 4441.01 8433.9 7644.76 1840 253.129 122.825 5804.76 5454.33 4377.86 3368.54 801.033 720.987 74.3216 2287.2 5549.02 646.666
internal_count=188974 183570 136861 92340 63482 41432 37561 28858 44521 17193 2067 27328 34752 3248 22050 20718 46709 43261 14858 3493 1496 28403 26791 23631 17275 3394 2939 410 11431 27218 2529
is_linear=0
shrinkage=0.1


Tree=43
num_leaves=32
num_cat=0
split_feature=16 55 4 48 20 18 82 82 18 18 5 90 20 64 16 76 55 84 3 43 10 88 16 74 10 77 39 35 92 76 77
split_gain=54.2118 68.4501 57.2318 125.459 67.2828 61.1329 249.15 112.438 117.885 72.6728 67.2697 73.966 63.4881 56.8414 56.5942 56.0842 69.7197 51.5751 51.4087 54.5426 48.9583 59.7724 58.6474 51.6376 47.3696 56.2702 49.0068 47.2878 46.8669 45.6746 45.2476
threshold=40.250000000000007 20.050000000000004 6.5000000000000009 6.5000000000000009 5.5000000000000009 2.5000000000000004 742.50000000000011 7.5000000000000009 1.5000000000000002 1.5000000000000002 1.0000000180025095e-35 6.5000000000000009 6.5000000000000009 1.0000000180025095e-35 36.45000000000001 2.0000000000000004 168.55000000000004 82.500000000000014 52.250000000000007 7.5000000000000009 8.5000000000000018 148.50000000000003 33.95000000000001 1.5000000000000002 3.5000000000000004 -0.70311156178539114 10.500000000000002 1.1348947114924011 0.033499505639212855 5.5000000000000009 1.1568629139618565
decision_type=10 8 2 10 10 10 8 10 8 10 2 10 10 8 10 8 10 10 2 10 2 10 10 10 2 8 8 8 2 10 10
left_child=2 -2 3 5 -4 7 10 8 -1 13 12 14 20 -9 -12 16 -16 28 19 -13 22 23 -7 -22 -24 -26 -27 30 -15 -20 -25
right_child=1 -3 4 -5 -6 6 -8 9 -10 -11 11 18 -14 17 15 -17 -18 -19 29 -21 21 -23 24 27 25 26 -28 -29 -30 -31 -32
leaf_value=0.097161445039702934 -0.00026519581595018928 -0.045164850679208786 -0.045557999308205921 0.040993141565176354 -0.0055589076128084404 0.015942357210140329 -0.10291921934682036 0.0067079539825710454 0.0042097145208619324 0.014122426602077685 0.03309545570850686 0.037453962964213834 0.035384432790576043 -0.12256837408541639 0.025394038699948926 0.0023977720287519256 0.14674755455016736 0.024103160624466585 -0.0073019767023668556 -0.075017845648699899 -0.067240325196754394 0.12939802059569741 -0.0042082872155834814 0.017345509621526572 -0.00013178547616836397 -0.036163703269309427 -0.0084261201720741054 -0.029335321907866908 -0.027268220823746997 0.025813136979121076 0.10750602666840542
leaf_weight=285.33637858182192 797.56885904399678 591.23723111627623 507.37720176298171 809.80017226934433 2457.04012123961 695.29717221017927 240.25038968306035 1304.9647148996592 261.46828073170036 3831.0666693821549 1173.5847299182788 486.57455080375075 338.87227455992252 54.531635046005249 538.75272973440588 3056.7076588571072 51.903465999290347 192.22106640785933 5669.0320941787213 47.30922693759203 87.488686695694923 41.001176342368126 2653.295809593983 702.34140799567103 947.96775541082025 2165.8693505721167 902.3447940312326 207.64466295950115 961.03875882923603 449.53401788324118 60.45359611324966
leaf_count=1744 4412 9647 2403 2649 12274 3024 17864 4339 3503 11452 6142 2306 1187 343 2087 20061 300 615 30314 359 1225 126 15209 3449 4538 13511 6343 1195 3873 2263 217
internal_value=0 -0.0193797 0.000812725 0.00220137 -0.012405 0.00105517 -0.00168191 0.0092046 0.0527143 0.00545429 -0.000482352 0.00456284 -0.00705832 -0.00776155 0.0139946 0.00784871 0.0360579 -0.0233952 -0.00227227 0.0274875 -0.00875766 0.0109315 -0.0116956 0.00634023 -0.0145768 -0.0214268 -0.0280062 0.0129738 -0.0323854 -0.00486899 0.024491
internal_weight=0 1388.81 31181.1 28216.7 2964.42 27406.9 20516.2 6890.63 546.805 6343.82 20276 11473.4 8802.58 2512.76 4820.95 3647.36 590.656 1207.79 6652.45 533.884 8463.7 1098.93 7364.77 1057.93 6669.48 4016.18 3068.21 970.44 1015.57 6118.57 762.795
internal_count=188974 14059 174915 160238 14677 157589 131720 25869 5247 20622 113856 63832 50024 9170 28590 22448 2387 4831 35242 2665 48837 6212 42625 6086 39601 24392 19854 4861 4216 32577 3666
is_linear=0
shrinkage=0.1


Tree=44
num_leaves=32
num_cat=0
split_feature=27 18 45 84 15 22 52 73 67 82 44 10 62 10 4 69 70 45 84 54 0 5 10 13 11 21 40 92 69 69 35
split_gain=52.5705 53.5104 66.5285 57.8177 56.8091 51.755 65.7758 86.1836 56.6338 50.6897 47.9576 47.3888 64.2284 55.111 51.6668 51.5506 47.1774 57.4044 46.1521 68.4495 44.2456 52.9055 80.5103 50.6388 49.016 48.2188 43.6909 43.6677 43.6541 48.5059 43.3669
threshold=2.1500000000000008 10.500000000000002 16.875000000000004 301.50000000000006 15.500000000000002 1.0000000180025095e-35 1.0000000180025095e-35 4.8750000000000009 4.5000000000000009 252.50000000000003 38.750000000000007 3.5000000000000004 5.5000000000000009 4.5000000000000009 3.5000000000000004 192.95000000000002 453.00000000000006 11.875000000000002 7.5000000000000009 56.250000000000007 12.500000000000002 1.0000000180025095e-35 8.5000000000000018 5.8500000000000005 12.500000000000002 -0.52370457495150313 56.250000000000007 0.14521926530867671 16.650000000000002 3.7500000000000004 0.68088519379031676
decision_type=8 10 8 10 10 10 10 8 10 8 10 2 10 2 2 10 10 10 10 8 2 2 2 8 10 8 10 2 10 10 10
left_child=-1 4 3 5 11 9 7 28 -8 16 18 12 15 14 -13 -2 -3 -18 19 -9 30 22 23 -22 -25 -23 -27 -20 29 -7 -15
right_child=1 2 -4 -5 -6 6 8 10 -10 -11 -12 13 -14 20 -16 -17 17 -19 27 -21 21 25 -24 24 -26 26 -28 -29 -30 -31 -32
leaf_value=0.01889230645268862 0.002502273088123402 -0.017306779410274562 -0.085608162699430126 -0.14150231773176489 0.030899487262123812 0.048055624632360107 -0.0058647393087623385 -0.0069580604842736458 -0.066141863386974989 -0.09640246777804766 -0.076869704117697668 0.001514089928175027 0.037551677814124891 0.0057024396268187585 -0.022002570906115744 0.055305236633015765 0.0060854892385166426 0.059549825235498656 -0.032925246731537641 0.29955289308996697 -0.012244182942895065 -0.047081529313240091 0.018337374118908917 -0.086974103775008443 -0.0093908785387992293 0.014664132501278657 -0.040531369308908938 0.084173838298827144 0.054620224759713398 -0.027562727380045372 -0.0080276945404641788
leaf_weight=1402.7706610709429 6232.3012936422601 654.64389965683222 117.34268108662218 32.788466828875244 610.61519261822104 131.83806550502777 240.29452663566917 20.742103966418657 443.67072425084189 50.55500310799107 172.82150295423344 1509.6522054909728 629.00813912972808 9881.2125950236805 2451.105962571688 190.54436744749546 1191.9406973570585 241.51631798781455 405.43471653712913 11.230685973539947 252.00366156455129 189.3441901486367 247.17274469230324 338.75725744105875 107.20397851848975 1054.3357884269208 165.98925660643727 34.5605648458004 233.63118243869394 237.89823608566076 2998.5061686909758
leaf_count=4646 30582 7458 7782 407 2718 535 3177 360 4291 2758 3246 9581 2312 49903 11893 1176 7307 1574 4612 191 1002 1325 1239 2426 978 4979 1005 94 1670 1533 16214
internal_value=0 -0.000898524 -0.0113655 -0.00924248 0.000746439 -0.00817718 -0.0200401 -0.00638173 -0.044965 0.0025401 -0.0318008 4.49566e-05 0.00705536 -0.00253048 -0.0130391 0.00406876 0.00493559 0.0150934 -0.0152978 0.100706 0.000201617 -0.012402 -0.0307076 -0.0480761 -0.068324 -0.00012873 0.00715641 -0.0237274 0.0207824 -0.000599248 0.00250595
internal_weight=0 31078.7 4220.91 4103.57 26857.8 4070.78 1932.12 1248.16 683.965 2138.66 644.79 26247.1 7051.85 19195.3 3960.76 6422.85 2088.1 1433.46 471.968 31.9728 15234.5 2354.81 945.138 697.965 445.961 1409.67 1220.33 439.995 603.367 369.736 12879.7
internal_count=188974 184328 46995 39213 137333 38806 19709 12241 7468 19097 8503 134615 34070 100545 21474 31758 16339 8881 5257 551 79071 12954 5645 4406 3404 7309 5984 4706 3738 2068 66117
is_linear=0
shrinkage=0.1


Tree=45
num_leaves=32
num_cat=0
split_feature=13 92 17 16 70 28 2 21 17 81 73 69 49 76 75 87 16 92 39 92 69 88 15 69 91 70 38 3 60 83 0
split_gain=48.6219 46.1023 47.4601 44.2782 63.1185 52.4836 50.2776 46.7209 67.5213 63.202 47.7503 50.8583 49.7991 46.8939 47.9574 46.7661 44.503 43.0472 42.0543 43.0135 56.4429 41.3754 41.5648 38.812 38.3771 38.2428 37.8349 36.985 48.2453 36.2221 36.0353
threshold=1.7500000000000002 0.017350121289130105 2.8750000000000004 38.850000000000001 435.00000000000006 533.00000000000011 5.5000000000000009 0.38797582753090759 9.4166666666666696 -104.99999999999999 12.29166666666667 28.250000000000004 -1.8491194572753293 3.5000000000000004 1750.0000000000002 810.00000000000011 13.450000000000001 0.044535649908192858 11.500000000000002 0.060828107996061552 2.7500000000000004 54.500000000000007 15.500000000000002 2.1500000000000008 52.916666666666679 431.00000000000006 1.5000000000000002 52.250000000000007 11.500000000000002 695.00000000000011 3.5000000000000004
decision_type=8 2 10 10 10 10 2 10 10 10 10 10 8 10 10 10 10 2 8 2 10 8 10 8 2 10 10 2 8 10 2
left_child=-1 -2 27 6 5 -5 7 8 10 17 11 12 16 -12 -15 -13 -4 -9 19 20 -8 22 -10 -11 -23 -25 -21 28 -3 -6 -27
right_child=1 2 3 4 29 -7 18 9 21 23 13 15 -14 14 -16 -17 -18 -19 -20 26 -22 24 -24 25 -26 30 -28 -29 -30 -31 -32
leaf_value=0.027334181051612283 -0.038312108492800374 0.036288757363132904 0.023967121830139253 -0.058854067864884778 -0.0094908851113998331 0.12587817262436132 0.087271497945596452 0.056675281013218393 0.00029030848672856319 0.031332439076313154 0.04667050933250963 -0.021616303077460739 0.0037174656911112673 -0.070117885335261906 0.026054346281036679 0.096132769039974086 -0.071217506699165073 0.0062708107892278904 0.0089526614306902445 -0.0046736623901888919 -0.05422069747465013 -0.045892574259804052 0.10851200071405252 -0.029196544202459221 0.028835035726070324 -0.023589146905913093 -0.071148841935889523 0.0042883172083414611 -0.040525250327594978 0.093229634171560313 -0.0029490666504883348
leaf_weight=635.88735395669937 320.77034099586308 691.57246842887253 69.669352980330586 373.3690810026601 2643.1220064200461 16.040056383237243 29.812796372454613 237.24717214610428 1287.1524669760838 234.61167282983661 405.15261939167976 1445.6985956691206 5694.7343071685173 83.947347482666373 135.61436833068728 34.53575755469501 166.53014845680445 592.80372574366629 511.76502746902406 852.25695961527526 518.9737777360715 71.303317567333579 36.495476893149316 898.68343170871958 1899.9487498337403 1047.8718756423332 95.181772659532726 6888.0757796904072 92.729856252670288 34.780605850741267 4388.0145710236393
leaf_count=1907 5059 2444 242 9915 17388 290 352 1540 6792 748 1497 9003 26349 505 548 94 946 2892 3687 4343 5260 1094 138 11239 12707 5905 649 31606 845 186 22804
internal_value=0 -0.000592894 -0.00020852 -0.00241292 -0.013627 -0.0512448 -0.000754277 0.000857911 0.0048939 -0.00532258 -4.91467e-05 -0.00228719 0.00185129 0.0265014 -0.0107162 -0.0188691 -0.0431419 0.0206775 -0.0157924 -0.0242561 -0.0465341 0.0169494 0.00327419 -0.00860784 0.026132 -0.0100871 -0.0113519 0.00663115 0.0272069 -0.00815675 -0.00692784
internal_weight=0 31798.5 31477.7 23805.3 3067.31 389.409 20738 18730 11330.8 7399.23 8035.88 7411.17 5930.93 624.714 219.562 1480.23 236.2 830.051 2007.99 1496.23 548.787 3294.9 1323.65 6569.18 1971.25 6334.57 947.439 7672.38 784.302 2677.9 5435.89
internal_count=188974 187067 182008 147113 27779 10205 119334 105043 59915 45128 39184 36634 27537 2550 1053 9097 1188 4432 14291 10604 5612 20731 6930 40696 13801 39948 4992 34895 3289 17574 28709
is_linear=0
shrinkage=0.1


Tree=46
num_leaves=32
num_cat=0
split_feature=92 27 77 4 34 20 0 17 68 39 71 13 16 5 59 88 41 27 82 45 42 86 35 63 44 25 77 27 14 30 45
split_gain=44.5415 42.6761 67.7522 47.8779 113.368 62.0937 46.5225 50.1499 58.4673 45.2578 49.6771 64.8515 48.7162 53.3325 60.6023 51.9818 65.7188 51.342 47.6659 47.6561 58.7211 48.4573 55.5515 48.7504 51.9399 48.3588 59.8781 47.6111 46.8758 46.2829 44.6187
threshold=0.25529377203290254 238.05000000000004 -0.71409566302011884 6.5000000000000009 6.5000000000000009 5.5000000000000009 3.5000000000000004 4.5833333333333348 53.500000000000007 11.500000000000002 1.5000000000000002 148.15000000000001 38.550000000000004 1.0000000180025095e-35 11.41666666666667 188.50000000000003 51.550000000000004 26.050000000000004 26.500000000000004 5.8750000000000009 437.00000000000006 14.500000000000002 -0.26008614531803492 0.74678980119868388 36.150000000000013 4.5000000000000009 -0.52370457495150313 55.850000000000001 427.00000000000006 34.750000000000007 13.125000000000002
decision_type=2 10 8 2 10 10 2 10 8 10 8 10 10 2 10 8 10 10 10 10 10 10 10 10 10 10 10 8 10 10 10
left_child=1 3 -3 4 9 -5 -7 -8 -9 10 12 19 13 17 -15 -16 -17 -1 -14 -12 25 -22 -23 24 -24 26 -21 -13 -20 -11 -19
right_child=-2 2 -4 5 -6 6 7 8 -10 29 11 27 18 14 15 16 -18 30 28 20 21 22 23 -25 -26 -27 -28 -29 -30 -31 -32
leaf_value=0.0028124802415371393 0.024395433591958289 0.060980420472874199 -0.052365288115511534 -0.045253789210968343 0.040556431095878948 0.020137269167594014 0.0062991668693318159 0.045042719649586629 -0.034884577457263442 0.027253474759993408 -0.00021321531742302271 0.0058191813794376927 -0.026408067235498774 0.006809637020088956 0.016358391742864992 0.027238349228931244 0.11824334146988824 -0.025085233480783078 -0.10457067291176934 0.073314842801919175 0.0062758367709339338 -0.0043743802856038971 -0.095110479178299623 -0.01243131640471312 -0.032876965913367383 -0.10297127298208408 -0.096765434066276135 -0.098018659082188098 0.0026429496273094127 0.0037681210822033181 0.032712328707089483
leaf_weight=4468.2347409361973 728.98248642217368 63.107088526710868 320.91989286663011 482.71097137220204 707.84609460365027 531.93443359620869 753.82724860589951 101.03721459396183 971.76655867602676 1005.884301555343 4083.4643637095578 65.072122178506106 1125.857137194369 4781.7275262712501 519.70651748031378 179.32907752506435 142.33456292655319 1271.2634388445877 41.792895162478089 44.208703702781349 895.37472490034997 917.82676964113489 224.62430688180029 406.97996489983052 332.79637194238603 137.21257884800434 38.925171305425465 137.38066467549652 1682.8438827288337 5061.5089096934535 149.24732492817566
leaf_count=19725 2378 626 6834 2327 2358 2417 3261 440 5755 4365 29031 1067 7919 20745 2610 783 718 10312 415 458 7644 4676 1509 2318 2092 1673 301 6051 8583 28385 1198
internal_value=0 -0.000606244 -0.0337392 -0.000199243 0.00103809 -0.0125764 -0.00588853 -0.0134675 -0.027357 2.87364e-05 -0.00211076 -0.00883771 0.00130083 0.00419891 0.0111643 0.0359132 0.0675076 -0.00245229 -0.0104032 -0.00724227 -0.0168165 -0.0128746 -0.0219844 -0.038744 -0.0579553 -0.0665062 -0.00632061 -0.0646432 4.48561e-05 0.00766165 -0.0190127
internal_weight=0 31646.7 384.027 31262.7 28421.4 2841.28 2358.57 1826.63 1072.8 27713.6 21646.2 7283.87 14362.3 11511.8 5623.1 841.37 321.664 5888.75 2850.49 7081.41 2997.95 2777.6 1882.23 964.401 557.421 220.346 83.1339 202.453 1724.64 6067.39 1420.51
internal_count=188974 186596 7460 179136 164936 14200 11873 9456 6195 162578 129828 56820 73008 56091 24856 4111 1501 31235 16917 49702 20671 18239 10595 5919 3601 2432 759 7118 8998 32750 11510
is_linear=0
shrinkage=0.1


Tree=47
num_leaves=32
num_cat=0
split_feature=16 5 58 27 27 44 81 49 82 18 21 21 46 82 82 84 42 2 55 44 18 82 30 63 41 46 82 0 13 11 55
split_gain=42.5668 78.242 50.735 59.5103 47.7371 49.4247 47.2225 57.6999 42.7645 64.3133 63.263 64.241 57.3758 64.9376 55.7693 67.7746 57.3153 55.3003 57.6053 46.3881 46.1887 51.2153 53.7285 44.6637 43.6679 42.0063 70.1348 57.7852 42.9043 47.4007 41.4063
threshold=35.850000000000001 1.0000000180025095e-35 35.550000000000004 48.150000000000013 238.05000000000004 42.250000000000007 245.00000000000003 -0.22713384161385147 105.50000000000001 1.5000000000000002 1.0000000180025095e-35 -0.46512270169962128 1.5000000000000002 301.50000000000006 106.50000000000001 113.50000000000001 461.00000000000006 3.5000000000000004 13.750000000000002 36.150000000000013 2.5000000000000004 26.500000000000004 38.150000000000013 -1.6953420399891399 146.85000000000005 3.5000000000000004 500.50000000000006 9.5000000000000018 38.350000000000001 8.5000000000000018 1.8500000000000003
decision_type=10 2 8 8 10 10 10 8 8 10 10 10 8 8 10 8 10 2 10 10 10 10 10 8 10 10 8 2 10 10 8
left_child=25 2 -2 6 8 -6 -4 -8 9 10 11 -3 13 -10 -14 16 -16 -18 -19 -17 -11 22 24 -24 -22 27 -27 28 -1 -30 -23
right_child=1 4 3 -5 5 -7 7 -9 12 20 -12 -13 14 -15 15 19 17 18 -20 -21 21 30 23 -25 -26 26 -28 -29 29 -31 -32
leaf_value=0.014679851330144459 -0.00060146789894608874 -0.05170748773300974 -0.010432253885306136 -0.04958341033451992 -0.062803768170510296 0.17586540997902123 -0.023448215793563282 -0.13096419079951852 -0.010220031810901269 0.019504934752576482 -0.048055482013746431 0.018606909978680277 -0.081218488749542544 0.089650511647716313 -0.078764034328901486 -0.075336675178866566 0.018726384224500021 -0.0091469509848000827 -0.083597012007872576 0.061363713309874904 0.0013192900936164226 0.063804983242031238 0.087772705407803867 -0.019985501563559827 0.06103982837400887 0.00045830173073139872 -0.10580954183320193 -0.0048247355492025447 0.012098787840511349 0.089768992549151494 0.0076497090758832756
leaf_weight=3472.4019651962444 1821.0712822298519 176.45023082941771 2275.6589055308141 611.36045032041147 169.90406880574301 9.1435717525891942 154.75534657016397 73.67923666164279 177.87291871104389 1938.9170745909214 461.45051284506917 492.88452187180519 148.58008368872106 102.69511445984244 173.84786799876019 29.574155535548925 293.55927087645978 275.24058106448501 166.97648512199521 154.54292855318636 2250.8386816987768 134.60271424800158 39.253731566481292 1911.7841623690911 129.48100553546101 7346.038230933249 62.63502965355292 1590.6613986026496 148.47341009927914 166.89685287093744 5361.7710477672517
leaf_count=13827 9160 819 14806 11519 3789 146 939 766 804 5628 2038 1631 8800 658 1491 496 1301 1332 1455 786 11436 335 154 11871 976 36746 4591 7907 1424 844 30499
internal_value=0 -0.00297809 -0.0138614 -0.0216122 0.000701902 -0.0506155 -0.0147831 -0.0581264 0.00133908 0.00321035 -0.0195687 7.06071e-05 -0.0145088 0.0263352 -0.0237331 -0.015924 -0.0271233 -0.0149217 -0.0372585 0.039406 0.00539943 0.00261655 -0.00551549 -0.0178175 0.00456788 0.00444335 -0.000440117 0.0111702 0.0178873 0.0532026 0.00902492
internal_weight=0 19535.9 4936.53 3115.45 14599.4 179.048 2504.09 228.435 14420.3 12897.4 1130.79 669.335 1522.89 280.568 1242.32 1093.74 909.624 735.776 442.217 184.117 11766.6 9827.73 4331.36 1951.04 2380.32 12787.1 7408.67 5378.43 3787.77 315.37 5496.37
internal_count=188974 123635 37190 28030 86445 3935 16511 1705 82510 65387 4488 2450 17123 1462 15661 6861 5579 4088 2787 1282 60899 55271 24437 12025 12412 65339 41337 24002 16095 2268 30834
is_linear=0
shrinkage=0.1


Tree=48
num_leaves=32
num_cat=0
split_feature=28 88 31 81 79 32 82 16 73 83 81 46 61 21 30 35 6 87 82 27 92 3 88 82 52 77 77 78 13 13 81
split_gain=40.2221 57.8608 52.1614 64.974 45.4061 47.7498 46.3035 43.8117 42.7251 42.4093 52.0043 49.6039 47.4081 51.592 41.9155 42.6308 53.6197 40.9189 40.772 42.5839 40.5531 38.6417 41.9414 38.2648 38.1484 37.1218 40.7232 35.6206 34.747 40.0831 81.7509
threshold=461.00000000000006 110.50000000000001 4.416666666666667 25.000000000000004 2.5000000000000004 9.5000000000000018 98.500000000000014 37.250000000000007 10.125000000000002 765.00000000000011 -589.99999999999989 6.5000000000000009 2855.0000000000005 -0.75803206795903033 38.850000000000001 -0.76901616919375804 1350.0000000000002 695.00000000000011 24.500000000000004 3.4500000000000006 0.019442692943304904 52.250000000000007 133.50000000000003 78.500000000000014 1.5000000000000002 1.1824924835095547 1.123910610257673 1.0000000180025095e-35 141.85000000000005 103.75000000000001 -194.99999999999997
decision_type=10 8 10 10 8 10 10 10 10 10 10 10 10 10 10 10 2 10 10 10 2 2 10 10 10 10 8 10 10 10 8
left_child=4 2 3 25 20 6 8 9 28 10 -4 27 13 -13 -3 -16 -17 -5 -18 -20 -1 -22 -23 -21 -9 26 -2 -12 29 -6 -31
right_child=1 14 7 17 5 -7 -8 24 -10 -11 11 12 -14 -15 15 16 18 -19 19 23 21 22 -24 -25 -26 -27 -28 -29 -30 30 -32
leaf_value=-0.060881592050879112 0.011126553493570689 0.011889593889986526 -0.11547985312571163 -0.017562756615110264 -0.0025273045140912112 -0.067800031235292602 -0.084019940819232752 -0.012144726113650577 -0.088977292137879471 0.053384827086054881 -0.0037326415427760269 0.024227323918913524 -0.13475917485522623 -0.021955276357918274 0.040560364776355919 0.027904403525550306 -0.047091636459346276 0.083391795464266491 -0.099829113488111146 0.017957886751497128 0.01411039054604625 -0.0058413614519914805 0.034935487947678749 -0.046291632495450437 -0.044440569169206044 0.044047151604475865 -0.038885074677032706 0.018534082813301943 -0.10804272403518433 0.34625204768768775 -0.02348581138763392
leaf_weight=118.26857144432142 3693.8607383081689 7194.2797008277848 40.765266397967935 1218.9329543355852 837.24381293263286 199.88964043883607 87.586428306996822 2287.6438561868854 61.049686580896378 137.19551499001682 1685.2621004041284 296.1636706944555 32.89434027671814 1320.0867394134402 165.62030218914151 249.35400909651071 430.0320653016679 41.516234252601862 44.40567733719945 380.97718298947439 1290.6338849198073 7812.1113009778783 260.65736708417535 122.50175248505548 435.35327988490462 326.28823693841696 170.32457316853106 1252.2995404917747 30.142769775353372 10.059746825136243 14.745646415743979
leaf_count=1672 14104 40133 362 5774 9839 7748 1312 13546 458 509 7127 1394 280 8622 1268 1912 5357 113 252 2348 6857 42703 1139 1078 2863 1161 925 4919 2319 139 741
internal_value=0 0.00245142 -0.0017723 0.00566935 -0.0050451 -0.0230345 -0.0144374 -0.00718973 -0.00804394 -0.00140704 -0.00303152 -0.00203211 -0.0159115 -0.0134927 0.00881543 -0.00706262 -0.0134893 -0.0142376 -0.0240441 -0.00595425 -0.00269111 -0.00195611 -0.00452474 0.0023253 -0.0173082 0.0116571 0.00892215 0.00575979 -0.00250594 0.0011843 0.12646
internal_weight=0 21525.8 12938.6 5450.92 10722.4 1240.72 1040.83 7487.66 953.242 4764.67 4627.47 4586.71 1649.14 1616.25 8587.17 1392.89 1227.27 1260.45 977.917 547.885 9481.67 9363.4 8072.77 503.479 2723 4190.47 3864.19 2937.56 892.192 862.049 24.8054
internal_count=188974 114047 61699 22077 74927 22556 14808 39622 13496 23213 22704 22342 10296 10016 52348 12215 10947 5887 9035 3678 52371 50699 43842 3426 16409 16190 15029 12046 13038 10719 880
is_linear=0
shrinkage=0.1


Tree=49
num_leaves=32
num_cat=0
split_feature=4 20 2 82 18 82 82 18 82 32 13 35 82 42 31 45 59 80 94 31 37 53 45 27 5 19 4 76 26 3 76
split_gain=37.2062 105.971 55.1999 54.8259 50.1569 221.314 93.0124 135.709 65.0204 49.3685 48.563 48.7462 45.1785 61.3394 57.3615 51.4436 57.4139 47.0894 46.6792 45.2062 45.1459 44.8653 45.3084 43.562 44.8585 46.6405 47.3622 78.0426 45.1855 43.7026 42.8563
threshold=6.5000000000000009 6.5000000000000009 2.5000000000000004 33.500000000000007 2.5000000000000004 742.50000000000011 1.0000000180025095e-35 1.5000000000000002 70.500000000000014 1.5000000000000002 117.55000000000001 -0.53102730910798812 15.500000000000002 499.00000000000006 14.41666666666667 5.8750000000000009 3.416666666666667 1.5000000000000002 0.28738482602530163 8.4166666666666696 1.0000000180025095e-35 11.500000000000002 7.8750000000000009 204.75000000000003 1.0000000180025095e-35 1175.0000000000002 4.5000000000000009 6.5000000000000009 52.250000000000007 51.250000000000007 2.0000000000000004
decision_type=2 10 2 8 10 8 10 8 10 8 10 8 10 10 10 8 10 10 2 10 10 8 10 10 2 10 2 8 8 2 8
left_child=1 4 -3 10 6 9 7 -1 -8 30 11 20 13 15 21 17 18 19 -17 -11 -2 -15 -23 24 -14 28 -27 -28 -26 -25 -6
right_child=3 2 -4 -5 5 -7 8 -9 -10 12 -12 -13 23 14 -16 16 -18 -19 -20 -21 -22 22 -24 29 25 26 27 -29 -30 -31 -32
leaf_value=0.10293448990748424 -0.14553003296335407 -0.04944657488131831 0.050356718012203316 -0.0029250151316603311 -0.043350259034780805 -0.10239746124019267 0.0094497459257766973 -0.014289434449697781 -0.015876126925276429 -0.0052926984875071026 0.080841047056346843 -0.026723021921952611 -0.0031230258337763914 -0.0048761237494026801 0.14008802457453262 -0.061702487366698644 -0.021607994387973638 -0.052305240122525055 -0.21165931687651607 0.041388817255505722 -0.033239646112664958 0.0084167563312295985 0.11696608515039782 0.077668365613466267 0.038692169339769038 0.012665990290931115 -0.010717858919291799 0.085756341227488472 -0.048037105227871704 -0.045868577505007967 -0.0070268914245735547
leaf_weight=236.35088127851486 75.220012322068214 61.173405555076897 588.99302233569324 2246.6629509078339 481.44708077982068 218.41689678374678 5332.2023032233119 169.64399450458586 1251.691202390939 1043.1209696806036 34.840349455364048 556.59185774624348 6683.1685087601654 464.35041168238968 36.262168812565506 154.875476220157 1390.0814100033604 167.72054827865213 23.97114085033536 258.94405980641022 68.327506795525551 85.564856777898967 69.836982331704348 31.726444232743233 77.561095762997866 7105.0092637315392 1640.8931772327051 88.366818998940289 266.39763912558556 293.98749843798578 998.44302136264741
leaf_count=1686 567 328 1894 10797 2334 20141 16912 3268 4634 5293 342 2833 37437 2533 199 2621 10102 983 256 1345 355 452 367 542 373 38435 9527 562 1827 5680 4349
internal_value=0 0.00104584 0.0409663 -0.0106809 0.000137367 -0.00224725 0.00749947 0.0539528 0.00463494 -0.00122324 -0.034389 -0.0401231 8.83332e-05 -0.00988938 0.0178417 -0.0158761 -0.0284696 -0.00243314 -0.0818015 0.00399094 -0.0920807 0.010689 0.0571984 0.00236576 0.00310915 0.00764714 0.00905373 -0.00578794 -0.0284801 -0.0338354 -0.0188438
internal_weight=0 29220.2 650.166 2981.64 28570 21580.1 6989.89 405.995 6583.89 21361.7 734.98 700.139 19881.8 3694.73 656.014 3038.71 1568.93 1469.79 178.847 1302.07 143.548 619.752 155.402 16187.1 15861.4 9178.23 8834.27 1729.26 343.959 325.714 1479.89
internal_count=188974 174080 2222 14894 171858 145358 26500 4954 21546 125217 4097 3755 118534 24151 3551 20600 12979 7621 2877 6638 922 3352 819 94383 88161 50724 48524 10089 2200 6222 6683
is_linear=0
shrinkage=0.1


Tree=50
num_leaves=32
num_cat=0
split_feature=48 4 4 46 82 82 18 69 91 67 14 40 91 44 17 71 0 45 6 42 13 90 85 84 13 55 79 30 16 41 81
split_gain=37.1236 98.9437 86.3442 49.2267 70.0082 69.6472 153.564 62.3275 54.5784 48.1738 84.1825 58.2749 53.2406 46.9163 48.4921 43.1904 43.1878 42.4896 44.2791 42.0845 39.521 39.0499 38.6466 37.6697 55.1006 42.5495 41.8874 39.2788 36.2396 36.1854 34.7177
threshold=5.5000000000000009 5.5000000000000009 5.5000000000000009 3.5000000000000004 175.50000000000003 1.0000000180025095e-35 1.5000000000000002 9.8500000000000032 52.81666666666667 3.5000000000000004 485.00000000000006 56.750000000000007 56.125000000000007 39.250000000000007 13.708333333333334 -1.0000000180025095e-35 15.500000000000002 14.125000000000002 1750.0000000000002 463.00000000000006 12.350000000000003 133.50000000000003 115.00000000000001 13.500000000000002 27.750000000000004 95.450000000000017 2.5000000000000004 35.650000000000013 41.550000000000004 236.35000000000005 295.00000000000006
decision_type=10 2 2 8 8 10 10 10 2 10 10 10 2 10 10 10 2 10 2 10 10 10 10 8 10 10 8 10 10 10 10
left_child=2 -2 3 5 9 6 -1 17 19 10 13 28 -13 14 29 -15 -4 20 -19 -9 -6 -12 -7 24 -3 26 -25 -27 -11 -5 -10
right_child=1 23 16 4 7 22 -8 8 30 11 21 12 -14 15 -16 -17 -18 18 -20 -21 -22 -23 -24 25 -26 27 -28 -29 -30 -31 -32
leaf_value=0.10206586805327662 0.040833978116512626 -0.012114531714777775 -0.019166304639778683 -0.011727981793841057 0.0021492833697532867 0.002110735325907206 -0.10333815183011973 -0.08285474858939397 -0.097105555677350172 0.0051349815799646139 0.010533836324712553 -0.085191796972339653 -0.011038677002760662 -0.10497957863773499 -0.082116074698371913 -0.029767171331375509 -0.10442156326667446 -0.055022495901728835 0.2712980173646069 0.18173238044563594 -0.061481983902058515 -0.10283398005722809 0.021657857673856792 -0.0013973157135831651 0.1351526227138132 -0.0089283571630054091 0.041765158021767342 -0.11862549092780302 -0.042907928166458574 -0.11607284584103 0.024014609152857684
leaf_weight=181.56632544845343 781.09561288356781 50.90870813280344 1842.4281476764008 2273.8228744068183 329.304401260335 7403.5228598117828 45.523242740891874 10.317335579078646 225.48078230023384 10313.207940813154 1481.034173653461 103.03129121102393 1607.1819163672626 117.86545097036287 107.00015995232388 216.76269517000765 61.398221269249916 6.8722570631653097 10.52927389461547 14.404445148073135 138.72859194735065 31.020102318376303 1171.5019196467474 2958.2107114433311 50.717619456350803 76.467981671914458 243.33295553922653 56.951927301008254 159.4363757558167 33.727651164401323 26.440767218358815
leaf_count=1557 2578 228 8271 19246 5803 27288 3030 450 7933 51658 9832 959 9429 2439 2742 1407 387 372 137 229 8172 233 4101 14908 279 761 1310 801 1352 905 177
internal_value=0 0.00870708 -0.00135866 0.000146141 -0.00296555 0.00622879 0.0608898 -0.032596 -0.070479 -0.00159237 -0.0107442 0.00160869 -0.015506 -0.021168 -0.0163048 -0.0562591 -0.0219158 -0.0110068 0.142427 0.0713101 -0.0167115 0.00820807 0.00478122 0.00140502 0.0613806 -0.000422613 0.00188324 -0.0557539 0.00440357 -0.0132531 -0.0843932
internal_weight=0 4217.69 27912.1 26008.3 17206.2 8802.11 227.09 762.078 276.643 16444.1 4261.23 12182.9 1710.21 2749.18 2414.55 334.628 1903.83 485.435 17.4015 24.7218 468.033 1512.05 8575.02 3436.59 101.626 3334.96 3201.54 133.42 10472.6 2307.55 251.922
internal_count=188974 20865 168109 159451 123475 35976 4587 23273 8789 100202 36804 63398 10388 26739 22893 3846 8658 14484 509 679 13975 10065 31389 18287 507 17780 16218 1562 53010 20151 8110
is_linear=0
shrinkage=0.1


Tree=51
num_leaves=32
num_cat=0
split_feature=13 81 21 6 81 13 16 0 72 88 82 84 28 45 18 86 88 82 41 32 14 61 32 25 21 91 37 41 88 30 45
split_gain=36.7003 35.8299 109.953 68.7487 101.131 62.4034 49.4397 54.7874 51.3796 52.4337 47.5785 60.8257 48.967 46.0478 46.016 47 45.9314 43.3861 42.4446 42.2746 42.1347 46.0714 40.4452 39.9644 57.8069 39.7045 39.141 44.8564 40.8877 56.1559 38.5281
threshold=1.7500000000000002 -134.99999999999997 0.16463243575810824 1650.0000000000002 195.00000000000003 34.250000000000007 40.250000000000007 12.500000000000002 36.250000000000007 27.500000000000004 41.500000000000007 132.50000000000003 499.00000000000006 1.1250000000000002 3.5000000000000004 63.500000000000007 13.500000000000002 97.500000000000014 66.15000000000002 4.5000000000000009 459.00000000000006 2855.0000000000005 3.5000000000000004 5.5000000000000009 1.1532015468836141 56.225000000000009 1.0000000180025095e-35 17.950000000000003 35.500000000000007 35.050000000000004 12.875000000000002
decision_type=8 10 10 2 10 10 10 2 10 8 10 8 10 8 10 10 8 10 8 10 8 8 10 10 10 2 10 10 10 10 10
left_child=-1 2 20 4 5 17 7 -5 -8 -10 14 -12 18 -6 15 -7 -16 -3 -13 -11 21 -2 -15 24 30 -19 27 -25 29 -28 -24
right_child=1 3 -4 6 13 10 8 -9 9 19 11 12 -14 22 16 -17 -18 25 -20 -21 -22 -23 23 26 -26 -27 28 -29 -30 -31 -32
leaf_value=0.024067254291444157 -0.016364161035105428 0.0023632848810523892 0.023466652895371518 0.006329903398071185 -0.089941160255228553 0.016695098999784948 -0.070281022053839792 -0.013493002147842282 -0.056728318897252827 -0.040643604184973849 -0.01567484280556709 -0.036785160475847893 0.17960871974987663 -0.0045792299904731512 0.045608238168712123 -0.10613345332855373 -0.055669584997993994 -0.012481506250987534 0.096061452257785521 0.029785625978797987 0.0023254887129116205 -0.12720868733170099 -0.12173199125245225 -0.038201729073002073 -0.018174159164670359 -0.073135510181780369 0.057938910698829796 0.025800124802873615 -0.12094737297588312 -0.061470505254270127 -0.0012813893996323857
leaf_weight=619.45273145334795 1068.4264136259444 6841.3499434357509 2339.1750366301276 11383.264822748723 120.0826512016356 228.52776355668902 172.77929577673785 1588.8790333683137 161.51147026382387 118.02758636232466 520.20590651640669 48.864610024727881 27.641727482434362 580.21881653135642 48.004671217408031 36.070053312927485 666.55255333776586 658.95025626104325 47.360341758467257 306.66534512722865 3257.9540021568537 38.861439708154649 160.43859269237146 214.14108747290447 145.03314288333058 129.06307517178357 52.488918271381408 224.11129724280909 67.831346172839403 157.74170412030071 31.823196119628847
leaf_count=1907 6431 33216 11971 61008 789 1222 3719 9678 1293 654 5151 394 134 2503 408 248 13522 2905 813 2501 18051 1246 1660 1349 1005 751 258 1815 621 1470 281
internal_value=0 -0.000511931 0.00597241 -0.00226932 -0.00815751 -0.00398412 0.00245049 0.00390192 -0.0223565 -0.00823112 -0.0217885 -0.000679178 0.0622985 -0.0301739 -0.0356739 -4.89259e-05 -0.0488656 -0.000196049 0.0285998 0.0102124 -0.00340212 -0.0202544 -0.0257811 -0.0374569 -0.0658389 -0.0224156 -0.0240925 -0.00547278 -0.0534389 -0.0316572 -0.101795
internal_weight=0 31442 6704.42 24737.6 11006.5 9252.59 13731.1 12972.1 758.984 586.204 1623.23 644.073 123.867 1753.91 979.155 264.598 714.557 7629.36 96.225 424.693 4365.24 1107.29 1633.83 1053.61 337.295 788.013 716.314 438.252 278.062 210.231 192.262
internal_count=188974 187067 37699 149368 70515 58764 78853 70686 8167 4448 21892 6492 1341 11751 15400 1470 13930 36872 1207 3155 25728 7677 10962 8459 2946 3656 5513 3164 2349 1728 1941
is_linear=0
shrinkage=0.1


Tree=52
num_leaves=32
num_cat=0
split_feature=16 49 2 86 3 70 92 48 68 25 94 11 31 69 69 82 30 6 13 31 84 81 53 0 26 5 0 21 31 81 39
split_gain=34.3552 53.6174 48.6736 67.7337 68.0866 55.0758 55.4403 46.9923 41.3292 46.7511 43.1494 41.9335 45.3173 38.9231 40.8554 42.9995 38.2838 44.0572 42.4313 61.931 54.2622 42.1639 40.1798 43.9588 39.7187 41.9887 58.2582 47.3011 39.4754 37.6385 37.3771
threshold=33.750000000000007 -1.7173102424585951 4.5000000000000009 295.50000000000006 57.750000000000007 455.00000000000006 0.010700008586721052 5.5000000000000009 53.500000000000007 10.500000000000002 0.43522372997423014 3.5000000000000004 9.1250000000000018 223.45000000000002 268.15000000000003 47.500000000000007 38.150000000000013 1250.0000000000002 99.65000000000002 7.5833333333333348 49.500000000000007 -254.99999999999997 9.5000000000000018 3.5000000000000004 56.250000000000007 1.0000000180025095e-35 12.500000000000002 1.1824924835095547 9.8750000000000018 -154.99999999999997 10.500000000000002
decision_type=8 8 2 8 2 10 2 10 10 8 2 10 10 10 10 10 10 2 10 10 8 10 10 2 10 2 2 10 10 10 10
left_child=1 -1 5 30 8 6 -2 13 9 -5 -11 -10 -13 -8 -15 -16 18 29 24 20 -20 -21 23 -23 25 26 -7 -28 -25 -18 -4
right_child=2 -3 3 4 -6 16 7 -9 11 10 -12 12 -14 14 15 -17 17 -19 19 21 -22 22 -24 28 -26 -27 27 -29 -30 -31 -32
leaf_value=-0.010600478663474694 -0.12560894160526517 0.022024541173129967 -0.019800381680031152 0.083917140357948394 0.11199985203050655 0.0061160333501014521 -0.0079446948241441058 0.027386807017466059 0.042290955316693433 -0.053353379935036332 0.14745023035949936 -0.0048163279912247729 -0.087979030628115781 0.095965935387164775 -0.078649391402392049 0.10056465384678984 0.043740289151003274 -0.0077941804340454293 0.1094753855704937 0.10148668740915164 0.003519587804301292 -0.11056645160611661 -0.080740281825151194 -0.069452581164287749 -0.011501723754472896 0.014895898027718095 -0.03619908810830802 0.038700994825502703 0.069540118617026248 0.00024339155438327705 -0.00049000260126207053
leaf_weight=738.01322825998068 38.418244395870715 1586.8650250793435 3294.5325226476416 126.53123138612136 70.00992966350168 4321.0448974855244 7474.4560480474029 419.55792357353494 130.81628514500335 59.051944972481579 13.069622630253432 293.09893407020718 84.391557074151933 74.203494574408978 38.09417123766616 20.643066017888486 331.34476957563311 3837.7305015865713 150.04820162057877 36.428417327813804 71.300810258835554 23.512990219052881 64.408527082763612 26.178902215790004 1134.5712789255194 4841.636407868471 582.33840785035864 98.589829406235367 93.104530685115606 497.83278012042865 1440.687923269812
leaf_count=3434 1282 6505 21552 1316 305 18918 63299 1741 715 1192 27 1869 886 583 614 224 1430 20660 804 286 724 366 957 324 5135 18272 3153 323 871 2462 8745
internal_value=0 0.011668 -0.000955172 -0.00943494 0.0179309 0.000978282 -0.00576746 -0.00519388 0.00861525 0.0472917 -0.0169644 -0.00650002 -0.0234081 -0.00699075 0.046644 -0.015665 0.00435548 -0.0032779 0.00746863 0.0370567 0.075345 0.00227061 -0.0151724 0.014402 0.00621542 0.0082575 0.00183189 -0.0253545 0.0390357 0.017625 -0.0139252
internal_weight=0 2324.88 29687.6 5512.19 776.97 24175.4 8065.37 8026.95 706.96 198.653 72.1216 508.307 377.49 7607.4 132.941 58.7372 16110.1 4666.91 11443.2 464.982 221.349 243.633 207.205 142.796 10978.2 9843.61 5001.97 680.928 119.283 829.178 4735.22
internal_count=188974 9939 179035 36607 6310 142428 67743 66461 6005 2535 1219 3470 2755 64720 1421 838 74685 24552 50133 4332 1528 2804 2518 1561 45801 40666 22394 3476 1195 3892 30297
is_linear=0
shrinkage=0.1


Tree=53
num_leaves=32
num_cat=0
split_feature=73 56 83 32 85 56 45 90 6 82 60 92 80 81 10 83 13 11 89 61 14 30 26 17 93 48 44 46 90 14 80
split_gain=33.0423 45.0218 42.0531 42.535 49.6054 39.9941 40.4981 68.2941 53.2387 41.3744 40.093 39.0557 46.166 37.1595 36.4427 42.0558 71.3453 48.47 43.0163 39.8362 42.8157 40.8631 45.658 40.1574 39.9283 39.3565 40.1932 38.5978 42.6416 37.733 38.3971
threshold=2.8750000000000004 541.00000000000011 695.00000000000011 9.5000000000000018 255.00000000000003 541.00000000000011 12.875000000000002 70.500000000000014 2050.0000000000005 132.50000000000003 5.5000000000000009 0.10239625977591062 1.0000000180025095e-35 145.00000000000003 3.5000000000000004 25.000000000000004 28.650000000000002 2.5000000000000004 -84.999999999999986 2900.0000000000005 481.00000000000006 33.150000000000013 57.250000000000007 8.5833333333333339 0.16942961669576781 4.5000000000000009 34.750000000000007 7.5000000000000009 27.500000000000004 437.00000000000006 1.5000000000000002
decision_type=8 10 10 10 8 10 10 10 2 10 10 2 8 10 2 10 10 10 8 10 8 8 10 8 2 10 10 10 8 10 8
left_child=1 -1 3 14 5 6 11 8 9 10 -8 -5 -13 -12 15 18 17 -17 -2 20 21 -16 -23 25 -24 -22 -27 -18 -29 -19 -31
right_child=2 -3 -4 4 -6 -7 7 -9 -10 -11 13 12 -14 -15 19 16 27 29 -20 -21 23 22 24 -25 -26 26 -28 28 -30 30 -32
leaf_value=0.0066751071391408338 -0.025129093369588115 -0.076224613533618923 0.03390536675019349 -0.019530592534753595 -0.047531660368042891 0.079778072550132029 -0.060002524455698925 -0.11373963418832052 0.11015200026054817 0.12630133619022732 0.03430353627266336 0.023996063514854449 -0.032737438792963307 -0.038987365739338295 0.034128120243816472 -0.054914743282500601 0.092429467247461317 0.067905870990548026 0.0058397352511775306 -0.057029955650715981 0.0040225218105734706 -0.007313159673543089 -0.14745523693528684 0.015827433135489271 -0.022576301216099166 -0.05755788411022747 -0.0086069235852948688 -0.078765676067370421 0.052318776873436501 0.016444757985395748 -0.056678556206364764
leaf_weight=7152.1764019755647 514.53794096596539 66.116969850845635 326.00839806813747 2529.3167208915111 348.08309681224637 51.078183375764638 78.755500135244802 38.994544479995966 62.487732369918376 29.988953788764775 311.8315469531808 487.39860034035519 203.24023308511823 88.900363196153194 234.99583139875904 106.80722623784095 187.86243457952514 122.38427099678665 3495.8101311437786 134.50822578184307 3281.9211805947125 8170.1046463639941 43.132676254026592 1945.2080440111458 63.001643853262067 207.11517895013094 882.25459476793185 31.681838590651751 114.51028272975236 588.60828613862395 81.788496566936374
leaf_count=31549 2551 391 1591 25999 7680 319 1655 467 429 270 3549 2068 1443 1017 869 525 952 358 18969 771 15160 48863 459 11763 282 1097 4215 336 857 2033 487
internal_value=0 0.00591578 -0.00177315 -0.00224914 -0.0113677 -0.00812497 -0.009297 0.014307 0.0230368 0.012352 0.00522517 -0.0137756 0.00730061 0.0180443 -0.000340222 0.00683326 0.0229798 0.00832513 0.00186636 -0.0028544 -0.00236295 -0.00699215 -0.00815972 0.00387472 -0.0733267 -0.0014442 -0.0179137 0.0624438 0.023911 0.0168451 0.0075237
internal_weight=0 7218.29 24762.3 24436.3 4230.08 3881.99 3830.91 610.959 571.964 509.476 479.487 3219.96 690.639 400.732 20206.2 5243.99 1233.64 899.588 4010.35 14962.2 14827.7 8511.23 8276.24 6316.5 106.134 4371.29 1089.37 334.055 146.192 792.781 670.397
internal_count=188974 31940 157034 155443 44896 37216 36897 7387 6920 6491 6221 29510 3511 4566 110547 27068 5548 3403 21520 83479 82708 50473 49604 32235 741 20472 5312 2145 1193 2878 2520
is_linear=0
shrinkage=0.1


Tree=54
num_leaves=32
num_cat=0
split_feature=16 5 29 74 48 88 30 70 16 31 88 21 77 18 82 82 73 92 17 93 25 27 84 49 27 82 71 92 63 58 66
split_gain=31.1144 56.2635 42.5895 52.723 41.4509 45.9207 41.0307 37.749 35.9724 39.6487 42.6258 35.9198 71.0957 61.5794 77.826 51.4373 48.8553 54.2606 46.8642 46.5284 55.5358 54.3653 46.3913 63.0977 51.6836 44.9723 44.0667 49.8685 43.0074 41.0253 40.8267
threshold=35.850000000000001 1.0000000180025095e-35 -8.4999999999999982 2.5000000000000004 3.5000000000000004 111.50000000000001 39.850000000000001 519.00000000000011 40.250000000000007 4.1250000000000009 69.500000000000014 -0.32232938564815933 0.20856884069701948 1.5000000000000002 inf 742.50000000000011 2.5833333333333335 0.027585966403007752 3.8750000000000004 0.066245237784397712 14.500000000000002 6.3500000000000005 197.50000000000003 1.0616673699275487 31.950000000000003 204.50000000000003 1.0000000180025095e-35 0.036012652071632602 -0.44315449923016553 37.550000000000004 1.0000000180025095e-35
decision_type=10 2 8 10 10 8 10 8 10 8 10 10 10 10 8 8 8 2 10 2 8 10 8 8 10 10 8 2 8 8 8
left_child=-1 2 3 -2 -4 7 -7 -6 11 10 -10 12 25 14 18 16 17 -15 -13 -18 21 -21 26 24 -24 -3 27 -23 -28 -26 -31
right_child=1 8 4 -5 5 6 -8 -9 9 -11 -12 13 -14 15 -16 -17 19 -19 -20 20 -22 22 23 -25 29 -27 28 -29 -30 30 -32
leaf_value=0.0038173251590382972 -0.072037694380658185 0.0061055680859855212 -0.0225142812054182 0.048515827878070107 -0.01054834035834148 0.013240464284360084 0.1273650707906806 -0.11058020342322097 0.012305332532095814 -0.036002497081381916 -0.08306615929667488 -0.01824408968490852 0.044481303814832895 -0.088467839161694539 0.10246300206500202 -0.10225522950225857 0.026601196433289606 0.018082589099439574 -0.070772523367183274 0.0077601433305067016 0.024828610810176913 -0.066557274717165785 -0.00082566527386032759 -0.068494016091436183 0.12368254242530435 -0.073811588144184065 0.0096567842451102722 -0.0073152342785147081 -0.046915120005439667 0.081358799012630545 -0.06070038902241174
leaf_weight=12653.181493798736 43.773500064620748 4151.0280300520826 2569.5204907215666 211.85458245733753 1390.0206367652863 581.31991088669747 33.307878790888935 38.777400521561503 464.47905737347901 543.82835675543174 52.122409195639193 526.48428751900792 504.14719134848565 49.047075999900699 43.364433296024799 48.06188309728168 486.28905578609556 1870.8201509546489 250.73140091449022 1372.3363993866369 536.39372890535742 153.90052884444594 232.19842187315226 78.721289401873946 80.114874956198037 71.630003128200769 160.56032301485538 1851.6867019142956 824.21145587600768 49.771810701582581 34.084619775880128
leaf_count=65339 470 21512 23248 1092 8310 3539 186 345 2931 7836 379 2056 2067 427 372 5024 4719 7124 1267 4836 3060 1384 1084 1030 366 512 942 9704 6934 357 522
internal_value=0 -0.00256294 -0.0118592 0.0278724 -0.0140609 -0.00343111 0.0194251 -0.0132632 0.000572221 -0.0171565 0.00268284 0.00197777 0.00898755 -0.00185328 -0.0279155 0.000878656 0.00151577 0.0153605 -0.0351899 -0.00301988 -0.00570028 -0.00908534 -0.0157566 0.013278 0.0295265 0.00474991 -0.0203675 -0.0118612 -0.0376915 0.072508 0.0236169
internal_weight=0 19304.6 4868.57 255.628 4612.95 2043.43 614.628 1428.8 14436 1060.43 516.601 13375.6 4726.81 8648.78 820.58 7828.2 7780.14 1919.87 777.216 5860.27 5373.98 4837.59 3465.25 474.891 396.17 4222.66 2990.36 2005.59 984.772 163.971 83.8564
internal_count=188974 123635 37190 1562 35628 12380 3725 8655 86445 11146 3310 75299 24091 51208 3695 47513 42489 7551 3323 34938 30219 27159 22323 3359 2329 22024 18964 11088 7876 1245 879
is_linear=0
shrinkage=0.1


Tree=55
num_leaves=32
num_cat=0
split_feature=27 10 61 6 49 56 26 16 67 31 91 84 60 69 77 41 14 73 84 90 74 77 17 81 77 34 48 62 84 68 69
split_gain=30.5403 33.6368 38.0876 41.3034 51.9046 40.173 47.8929 41.5844 35.5466 40.272 41.6564 45.2352 38.1297 36.5534 38.2031 36.2863 34.6367 31.8355 44.9939 31.4688 40.3494 47.2167 39.276 33.4748 59.829 50.834 45.1228 45.4015 48.6989 39.7269 38.3244
threshold=2.1500000000000008 3.5000000000000004 2870.0000000000005 2550.0000000000005 -2.1456901906129806 481.00000000000006 57.750000000000007 42.250000000000007 3.5000000000000004 2.291666666666667 53.366666666666674 140.50000000000003 14.500000000000002 192.95000000000002 0.73580569996395584 17.950000000000003 483.00000000000006 5.5833333333333348 6.5000000000000009 14.500000000000002 5.5000000000000009 -0.72507976425484688 16.291666666666668 45.000000000000007 0.36966899213969445 2.0000000000000004 5.5000000000000009 4.5000000000000009 57.500000000000007 55.250000000000007 7.8500000000000005
decision_type=8 2 10 2 8 10 10 10 10 8 2 10 10 10 10 10 10 8 10 8 10 10 10 10 8 8 8 8 10 10 8
left_child=-1 8 3 4 -3 7 -7 19 9 17 12 -12 15 -10 16 -11 -15 -2 -19 20 -6 -22 23 26 29 -26 27 -21 -29 -25 -30
right_child=1 2 -4 -5 5 6 -8 -9 13 10 11 -13 -14 14 -16 -17 -18 18 -20 22 21 -23 -24 24 25 -27 -28 28 30 -31 -32
leaf_value=0.014614945760952637 -0.0029218686816228699 -0.071265955324472496 -0.040817278706360073 0.021558749460715648 -0.0077872157867865657 0.0042420863381802277 -0.034842126683798824 -0.084607421698499413 0.0071662523310520258 -0.029472977716565131 -0.0047919562293318842 -0.11112366995626149 0.095243079075648371 0.090628430122858122 -0.064591907836599474 -0.11832388180542774 -0.025650924933746502 0.15759290219530123 0.028685285724650497 -0.0011869532149465982 0.039079717937056981 -0.071064189367803177 -0.092502711780558591 -0.010979327535816841 -0.0012386449408917576 -0.044612062195005929 0.015130513502471209 -0.012174620876809983 -0.02084906112196008 0.022568923566093049 -0.10398631470556773
leaf_weight=1362.2059229775332 253.04410163685679 110.9265376906842 259.11447716876864 705.16258501820266 510.42211071774364 8033.9507972793654 326.25442169699818 67.258117744000629 6003.9900557426736 103.00662771170028 1342.6880564596504 41.237120238598436 15.272975644562392 135.579559228383 24.694702575914562 83.0015535983257 31.585072882473469 32.954932325519621 151.8001686129719 6600.6025405125692 46.01700179092586 252.36323226056993 50.486953941406682 1235.1741291610524 403.31972703151405 818.76080082450062 1440.7607413716614 761.23999657784589 103.6518843434751 494.20451335888356 119.22783003654331
leaf_count=4646 1102 806 1506 3260 2565 40337 2039 1689 28788 1332 10684 427 123 927 329 1372 280 300 832 38814 271 2190 898 6442 3611 7502 13988 7809 478 2241 1386
internal_value=0 -0.000688373 -0.0027008 -0.00225349 -0.00303908 -0.00268316 0.00271684 -0.00618182 0.00478143 -0.00672777 -0.0141425 -0.00796035 -0.0566488 0.0085393 0.051507 -0.0691205 0.0686579 0.02012 0.0516787 -0.0057709 -0.0248644 -0.0540775 -0.00448692 -0.00411591 -0.0133608 -0.0302977 -0.00109269 -0.00417438 -0.0242114 -0.00139224 -0.0653227
internal_weight=0 30557.8 22338.9 22079.8 21374.6 21263.7 8360.21 12903.5 8218.85 2023.01 1585.21 1383.93 201.281 6195.85 191.859 186.008 167.165 437.799 184.755 12836.2 808.802 298.38 12027.4 11976.9 2951.46 1222.08 9025.48 7584.72 984.12 1729.38 222.88
internal_count=188974 184328 137832 136326 133066 132260 42376 89884 46496 16172 13938 11111 2827 30324 1536 2704 1207 2234 1132 88195 5026 2461 83169 82271 19796 11113 62475 48487 9673 8683 1864
is_linear=0
shrinkage=0.1


Tree=56
num_leaves=32
num_cat=0
split_feature=2 69 3 41 55 30 82 48 4 4 16 17 72 13 55 58 27 54 88 93 92 84 34 21 17 58 90 63 56 84 2
split_gain=29.6432 46.9497 42.4013 57.8185 42.5061 53.0282 42.1283 39.5438 61.688 50.2291 43.2151 42.9443 42.1008 51.3716 42.0854 42.2117 37.8904 37.2759 37.2504 45.9873 43.9898 36.1456 35.6971 40.2354 34.3203 34.0359 37.3204 66.1494 34.5806 35.2965 33.809
threshold=5.5000000000000009 5.1500000000000012 59.500000000000007 83.850000000000009 16.750000000000004 34.050000000000004 12.500000000000002 5.5000000000000009 5.5000000000000009 5.5000000000000009 34.250000000000007 14.41666666666667 40.050000000000004 59.150000000000013 4.0500000000000007 43.350000000000001 83.550000000000011 53.500000000000007 21.500000000000004 0.20388038079470197 0.048059277164137555 21.500000000000004 2.0000000000000004 0.21955294193174749 1.2916666666666667 39.250000000000007 33.500000000000007 1.2154447872137384 491.00000000000006 33.500000000000007 2.5000000000000004
decision_type=2 10 2 10 10 10 10 10 2 2 10 10 8 10 8 10 10 8 8 2 2 10 10 10 10 10 10 10 10 8 2
left_child=7 16 3 4 -3 -6 -5 8 12 -9 -11 24 30 18 -15 -16 -2 -10 19 20 -14 -22 23 -19 -12 26 28 -28 -7 -30 -1
right_child=1 2 -4 6 5 25 -8 9 17 10 11 -13 13 14 15 -17 -18 22 -20 -21 21 -23 -24 -25 -26 -27 27 -29 29 -31 -32
leaf_value=-0.0071281176487259026 0.008534616344230285 -0.036367649044743454 0.011916930683306624 0.10766040048422479 -0.083478394772225517 -0.0085458115593173116 -0.084583583737060819 0.03604514073285657 -0.067497429300090686 0.028444286940438421 0.038812036155361898 -0.090450648959155319 -0.018762531617937669 0.18163642285245979 -0.052387016707063964 0.1069259323980202 0.10841653970298654 -0.11438047963739062 0.00037930625711072945 0.021180869460972165 -0.050748441285322667 -0.16638981603599709 -0.009388434002347984 -0.010887486970569786 -0.0050858878209965814 0.077336349617803946 -0.045326429669222887 0.10303763064083914 0.091529917366847402 0.0071437105876605211 0.0040622052882451857
leaf_weight=3162.3599276486784 500.87777279224247 644.06525169126689 411.67992181703448 12.106383566278963 73.545116106048226 225.21219703741372 195.101094821468 661.28197515290231 141.97153768735006 588.57626074366271 201.20339535735548 54.167497132904828 118.38839838840067 8.2713708216324431 418.79553099535406 17.319284946424887 41.096287094522268 72.143323061056435 2001.3124784990214 97.736078269779682 55.590797383338213 52.607304833829403 1487.9452947159298 78.375932876951993 1551.011989347171 60.580432391725481 259.37241518311203 33.989841215312481 97.702190846204758 100.60643303440884 18462.232041194104
leaf_count=21441 2940 4010 1708 280 638 1901 2943 2197 761 2186 718 438 724 47 17910 223 567 523 20080 310 289 433 6047 358 7719 364 2214 158 468 736 87643
internal_value=0 -0.01015 -0.016882 -0.0238468 -0.0169857 -0.00231701 -0.0733515 0.00088418 -0.000372617 0.011648 0.00491156 -0.00275614 0.000938897 -0.0106684 -0.0418221 -0.0460603 0.0161084 -0.0183423 -0.00471548 -0.0361541 -0.0608851 -0.106975 -0.0140831 -0.0604913 -4.51768e-05 0.00536055 -0.000721787 -0.0281365 0.0182677 0.0487189 0.00242574
internal_weight=0 2655.94 2113.96 1702.28 1495.07 851.009 207.207 29231.3 26175 3056.24 2394.96 1806.38 24394.6 2770.02 444.386 436.115 541.974 1780.44 2325.64 324.323 226.587 108.198 1638.46 150.519 1752.22 777.464 716.883 293.362 423.521 198.309 21624.6
internal_count=188974 18927 15420 13712 10489 6479 3223 170047 156789 13258 11061 8875 149100 40016 18180 18133 3507 7689 21836 1756 1446 722 6928 881 8437 5841 5477 2372 3105 1204 109084
is_linear=0
shrinkage=0.1


Tree=57
num_leaves=32
num_cat=0
split_feature=92 39 92 72 81 49 88 82 41 60 41 63 49 70 30 0 59 44 86 90 34 4 4 69 38 63 21 13 6 30 5
split_gain=29.4295 29.1931 34.5179 46.9533 41.3478 44.9227 35.9646 35.2606 33.0543 31.7362 34.6332 29.148 35.9867 31.7626 30.0884 28.7864 51.9515 40.9011 33.2902 28.5304 56.9288 81.9963 53.2483 43.6024 49.2827 43.0102 43.4494 42.1339 41.9924 43.1998 51.9884
threshold=0.25529377203290254 15.500000000000002 0.022431865828092205 35.650000000000013 395.00000000000006 1.1715083822748271 1.0000000180025095e-35 50.500000000000007 194.95000000000002 10.500000000000002 140.35000000000005 -0.4724454358561066 -0.28571571486573327 433.00000000000006 37.150000000000013 8.5000000000000018 7.416666666666667 37.850000000000001 7.5000000000000009 40.500000000000007 3.5000000000000004 3.5000000000000004 4.5000000000000009 10.250000000000002 2.5000000000000004 1.237412989683194 -1.7282943436933229 184.35000000000005 1075.0000000000002 34.45000000000001 1.0000000180025095e-35
decision_type=2 10 2 8 10 8 10 8 8 8 10 10 10 10 10 2 10 10 10 8 10 2 2 10 10 10 10 10 2 8 2
left_child=1 2 3 -1 7 6 -6 8 15 11 -11 -3 -13 14 -14 16 -5 -17 -19 20 21 -4 23 -22 27 26 -24 -25 -21 -30 -31
right_child=-2 9 19 4 5 -7 -8 -9 -10 10 -12 12 13 -15 -16 17 -18 18 -20 28 22 -23 25 24 -26 -27 -28 -29 29 30 -32
leaf_value=-0.097396284874795361 0.020163656366668246 0.03886471146047122 -0.007751919881276232 -0.021810975528774892 0.12044984233537742 0.24938511502724472 -0.12221757699997304 -0.07340799820868199 -0.1190085541248412 0.056920386856422527 -0.054955345994975514 -0.070389695275430986 -0.092468132093912928 0.011900394760369706 0.037462740415709898 -0.10968036006822957 0.095204697589165221 0.10348718580181292 -0.048717114119363136 0.028578734388991136 0.02242230106274325 -0.048879742777416774 -0.066252535850419431 0.0044454560247223236 -0.087852858275488208 -0.077497033693069095 -0.0047808927454210341 -0.10044493833673536 0.011800955375696004 -0.007650446486427479 0.00358113240669024
leaf_weight=80.06934735365212 705.33391331788152 211.15264654206112 2009.7982395086437 81.009856238029897 13.607992877718063 11.7063612784259 11.080213508103041 103.24426078121178 23.267005760222673 245.90373434824869 31.17924903286621 72.01014687679708 59.327263424638659 606.98252431349829 25.476143980398774 43.062900534365326 71.365171942859888 25.847378029022366 32.362621600739658 553.4835812302772 1390.2545310407877 638.84173585474491 119.21961928904057 1543.1475345306098 63.72378565557301 88.744295677170157 3235.8231813162565 39.271212661638856 2953.8526818184182 7305.9680094032083 9454.2493676834274
leaf_count=1163 2378 847 9697 720 225 155 238 2830 930 1543 553 472 500 2734 166 511 586 178 328 2931 5320 3416 797 8517 512 597 16633 782 13360 50092 59263
internal_value=0 -0.000492858 -0.00111943 -0.0272633 -0.0137825 0.0880427 0.0115393 -0.0235307 -0.00493463 0.0144668 0.0443314 0.00597926 -0.00311198 0.00389117 -0.0534351 0.00552932 0.0329936 -0.0357933 0.0188672 -0.000677751 -0.0053197 -0.0176718 -0.000271035 0.00938276 -0.00162982 -0.00878282 -0.00696525 0.00184237 0.00141305 0.000650362 -0.00131484
internal_weight=0 31145 29893 496.623 416.554 36.3946 24.6882 380.159 276.915 1252.03 277.083 974.949 763.796 691.786 84.8034 253.648 152.375 101.273 58.21 29396.4 9128.82 2648.64 6480.18 3036.4 1646.14 3443.79 3355.04 1582.42 20267.6 19714.1 16760.2
internal_count=188974 186596 179781 7864 6701 618 463 6083 3253 6815 2096 4719 3872 3400 666 2323 1306 1017 506 171917 46271 13113 33158 15131 9811 18027 17430 9299 125646 122715 109355
is_linear=0
shrinkage=0.1


Tree=58
num_leaves=32
num_cat=0
split_feature=16 66 27 44 5 2 82 22 16 10 0 7 94 73 45 3 46 8 76 41 26 88 88 84 21 13 46 82 73 40 76
split_gain=27.2727 47.8523 59.9862 49.7564 37.1281 58.6835 67.4498 57.3892 51.931 52.3845 50.5342 63.6005 50.6581 44.9394 100.902 57.975 44.3926 48.2741 46.312 48.0713 42.8783 41.846 40.1051 48.6786 39.0246 41.5809 42.9227 38.8933 38.3769 41.1878 39.8904
threshold=37.550000000000004 1.5000000000000002 45.750000000000007 38.95000000000001 1.0000000180025095e-35 3.5000000000000004 97.500000000000014 1.0000000180025095e-35 33.650000000000013 8.5000000000000018 8.5000000000000018 2.5000000000000004 0.10172413793103446 7.8750000000000009 9.5833333333333339 53.500000000000007 6.5000000000000009 1.0000000180025095e-35 2.0000000000000004 31.250000000000004 52.250000000000007 28.500000000000004 63.500000000000007 62.500000000000007 1.0689901040840339 9.0500000000000025 5.5000000000000009 97.500000000000014 12.29166666666667 56.750000000000007 5.5000000000000009
decision_type=10 8 10 10 2 2 8 10 8 2 2 2 2 10 10 2 10 2 8 10 10 8 10 8 10 10 8 8 10 10 8
left_child=4 -2 3 -3 7 -6 28 8 -1 10 16 12 -12 14 15 27 -10 18 21 -20 -19 -18 23 -8 -9 -26 -27 -14 30 -30 -7
right_child=1 2 -4 -5 5 6 22 24 9 -11 11 -13 13 -15 -16 -17 17 20 19 -21 -22 -23 -24 -25 25 26 -28 -29 29 -31 -32
leaf_value=0.021566520415565196 -0.001102046295105228 -0.0013844214542129583 -0.058878901751005325 -0.045887231431319009 0.016432913026691514 0.0023504555224736902 -0.040515092754170118 -0.098720158980679484 0.0059430816556286375 0.016468920192176099 -0.11609498848341154 0.068572043244937347 0.033652491251730338 0.0014319297276505559 -0.085629752184652297 -0.02202794214207373 -0.042933084687146919 0.094713044144768929 -0.015034834011118617 -0.057746430473970246 0.0038709999856110459 0.042944973826927108 -0.075574239800907786 0.021645824850527153 -0.10363065200645459 0.11185104381106195 -0.04818292171884099 -0.071802322611819486 0.0022985008989737628 -0.063998349851055347 0.028248680606045906
leaf_weight=985.60118182189763 8501.22216180549 1197.6254334805999 311.8637189604342 317.9237795015797 3777.4521633761469 2741.4248512815684 328.52684268308803 99.880181527230889 4708.8381104653236 1320.844539500773 49.351098152343184 92.276302435901016 313.2010374343954 1254.3797742226161 224.87739575887099 2046.5695827056188 82.462104397825897 58.863019307376817 738.97924233833328 409.54587499401532 443.02633290109225 181.90282406378537 147.65611482458189 204.33849955489859 32.190263442695141 34.726727820932865 32.392747598700225 39.369994275970384 225.40997547656298 160.38666037097573 759.51459346711636
leaf_count=3916 50356 10452 8242 2782 18288 12679 1981 892 22629 7503 1003 411 1351 7374 2193 12369 504 320 4464 5112 3006 866 982 2048 179 125 331 557 1281 1183 3595
internal_value=0 -0.00425783 -0.0189387 -0.01072 0.00199465 0.00721185 -0.000414628 -0.00131626 -0.00049693 -0.00231446 -0.00464542 -0.0134901 -0.015418 -0.0141369 -0.0215794 -0.0155758 0.000722608 -0.0121156 -0.021579 -0.0302651 0.0145252 0.0161574 -0.0294571 -0.0166782 -0.0545843 -0.0101949 0.0346165 0.0218768 0.00467037 -0.025263 0.00796897
internal_weight=0 10328.6 1827.41 1515.55 21494 8344.71 4567.26 13149.3 12950.1 11964.5 10643.6 4020.03 3927.75 3878.4 2624.02 2399.14 6623.62 1914.78 1412.89 1148.53 501.889 264.365 680.521 532.865 199.19 99.3097 67.1195 352.571 3886.74 385.797 3500.94
internal_count=188974 71832 21476 13234 117142 42037 23749 75105 73578 69662 62159 25258 24847 23844 16470 14277 36901 14272 10946 9576 3326 1370 5011 4029 1527 635 456 1908 18738 2464 16274
is_linear=0
shrinkage=0.1


Tree=59
num_leaves=32
num_cat=0
split_feature=13 25 17 7 13 69 6 73 93 12 71 29 69 2 56 17 16 82 58 82 60 25 77 13 86 45 3 81 90 16 5
split_gain=26.719 28.2123 34.6943 33.9146 35.1656 60.0753 48.5617 50.1819 46.6042 58.5402 41.1085 38.1768 35.7378 32.8175 48.3033 53.2801 46.6633 43.2968 39.5798 39.202 31.4425 29.5474 36.7169 53.5292 35.9615 36.3072 35.7535 53.1705 39.0364 37.3641 51.3094
threshold=1.7500000000000002 3.5000000000000004 1.8750000000000002 2.5000000000000004 62.350000000000001 7.5500000000000007 1850.0000000000002 10.875000000000002 0.096357191016909358 54.500000000000007 -7.4999999999999991 -14.499999999999998 6.2500000000000009 5.5000000000000009 499.00000000000006 3.416666666666667 37.850000000000001 10.500000000000002 38.150000000000013 14.500000000000002 10.500000000000002 14.500000000000002 1.0982810407099752 172.35000000000005 111.50000000000001 15.125000000000002 54.250000000000007 -214.99999999999997 25.500000000000004 36.750000000000007 1.0000000180025095e-35
decision_type=8 8 8 2 10 8 2 10 2 10 8 10 10 2 8 10 10 8 10 8 10 10 8 10 10 10 2 10 8 8 2
left_child=-1 3 -3 4 11 12 7 -7 9 -9 -8 -2 -6 21 15 -15 -16 -17 -18 -19 -12 22 26 -24 25 -23 27 28 -4 -29 -31
right_child=1 2 13 -5 5 6 10 8 -10 -11 20 -13 -14 14 16 17 18 19 -20 -21 -22 24 23 -25 -26 -27 -28 29 -30 30 -32
leaf_value=0.020787076778173177 0.07990019057453189 0.011983037963055214 -0.033156151525416767 0.065545300750039184 -0.0024873309233752888 -0.081824222563337587 0.14794490429720461 0.12819323987115064 -0.070691492669127734 -0.069487381241780069 0.01396961213230037 -0.0052086449961897281 0.11765414671415537 -0.078474738963206267 0.019880263000312117 0.097317702133021267 -0.11953000903817786 -0.0946855348258379 0.0096515982448287033 -0.014978531905404522 -0.10562225188602133 0.010370151394707025 -0.008168576598669602 -0.089896515430480939 0.055193233721105676 -0.091387049928616237 -0.0020562804970877071 0.013104330633624997 0.051939976039428987 -0.035370574331263997 0.0027748226468267585
leaf_weight=604.6469916459173 53.1778066419065 2632.690142565174 62.292478322051466 65.282431015744805 71.385334793478251 292.25549739645794 18.276056861970574 39.684496306348592 57.319654824677855 24.064632454887033 99.759369367035106 5924.9250422678888 37.907383099198341 160.56463422905654 560.55915215960704 32.343512532301247 48.187706611119211 66.061644835397601 46.706213539466262 935.49995787162334 28.19854380749166 1760.5088275549933 2877.3387217316777 82.436130786081776 180.28495265869424 35.776638753246516 9366.1809889744036 2759.0949899563566 400.4904924267903 426.76806435873732 2029.6899858051911
leaf_count=1907 193 11411 404 288 469 5679 130 454 736 450 1227 29128 168 1135 3606 246 713 737 366 7194 496 10309 28691 5513 712 478 46429 13506 1760 3431 11008
internal_value=0 -0.000437091 0.00113865 -0.00618006 -0.0068845 -0.0286298 -0.0418749 -0.0593977 -0.00526078 0.0535709 0.0076525 -0.00445157 0.0391829 -0.000169131 -0.0129115 -0.0248815 0.0089022 -0.0165585 -0.0559476 -0.0202359 -0.0123853 0.00101061 -0.000263537 -0.0104449 0.0126167 0.00834345 0.00173948 0.00800044 0.0404857 0.00511798 -0.0038523
internal_weight=0 31175.7 24463.5 6712.24 6646.95 668.851 559.558 413.324 121.069 63.7491 146.234 5978.1 109.293 21830.8 1849.92 1194.47 655.453 1033.91 94.8939 1001.56 127.958 19980.9 18004.3 2959.77 1976.57 1796.29 15044.5 5678.34 462.783 5215.55 2456.46
internal_count=188974 187067 147649 39418 39130 9809 9172 7319 1640 904 1853 29321 637 136238 13997 9312 4685 8177 1079 7931 1723 122241 110742 34204 11499 10787 76538 30109 2164 27945 14439
is_linear=0
shrinkage=0.1


Tree=60
num_leaves=32
num_cat=0
split_feature=62 4 4 20 11 15 56 86 46 79 3 88 34 14 58 43 87 15 11 16 94 94 67 29 73 50 90 32 41 49 5
split_gain=27.2593 55.1461 47.6534 41.3557 49.726 37.1814 33.7795 33.3446 63.2623 66.7243 65.6046 61.8968 58.8208 54.584 51.0875 49.5289 50.7014 49.4422 47.9016 46.5179 60.3908 61.1808 45.8171 45.3241 41.7292 38.2334 37.8588 40.7218 39.0625 48.2605 41.6186
threshold=5.5000000000000009 5.5000000000000009 5.5000000000000009 5.5000000000000009 8.5000000000000018 15.500000000000002 441.00000000000006 71.500000000000014 6.5000000000000009 2.5000000000000004 54.250000000000007 76.500000000000014 2.0000000000000004 469.00000000000006 34.750000000000007 1.0000000180025095e-35 1.0000000180025095e-35 -8.4999999999999982 14.500000000000002 38.850000000000001 0.27905286963506132 0.22910733774427883 1.5000000000000002 -1.0000000180025095e-35 10.29166666666667 1.0000000180025095e-35 13.500000000000002 15.500000000000002 5.9500000000000011 1.1532015468836141 1.0000000180025095e-35
decision_type=10 2 2 10 10 10 8 8 10 8 2 8 8 8 8 8 8 10 10 10 2 2 10 10 10 10 8 10 10 10 2
left_child=1 3 -2 5 -5 7 -7 8 -1 10 17 -11 15 14 -14 18 -17 -10 24 -15 21 -21 -12 -18 -9 -13 -19 28 -28 30 -30
right_child=2 -3 -4 4 -6 6 -8 12 9 11 22 25 13 19 -16 16 23 26 -20 20 -22 -23 -24 -25 -26 -27 27 -29 29 -31 -32
leaf_value=0.00064645847429430482 0.030644486133501916 -0.016102769083406927 0.0023865279938756301 -0.0012145861519758134 0.064406838905198036 0.071428538136108166 0.012340959518407279 0.010425376730792482 -0.081128032095136415 -0.10368291831916837 -0.071199374360662523 0.024840612633082442 0.013088725533094054 0.010823835903110885 -0.016584383723472703 0.0091126359333201512 -0.15072945318301506 -0.063898511481678466 0.073300430134154701 -0.016552194049287771 0.023715735983887574 -0.097191319153983088 -0.016800425220071167 -0.025804929846876046 0.047192182932282431 -0.069404922312061135 0.049384553276844968 0.11939294170934077 -0.015720060785482336 -0.067244995161146071 0.02185499086511344
leaf_weight=9278.8174579357728 742.42387210857123 2256.2518524436746 3042.0334054045379 244.24829230550677 219.02896427642554 120.92190800467506 484.05566933890805 1189.1768836553674 64.401855941861868 152.51977319456637 165.04910786543041 98.108553220983595 735.23859753459692 3814.3162603594828 2751.8119564568624 578.4995992963668 37.052608434343711 69.832157507538795 188.14938852167688 404.1192703882698 258.13512423960492 122.63787519722246 2499.8842769376934 134.34290022938512 416.92088171746582 76.694176826626062 207.31580783426762 34.123353576287627 469.63694601226598 91.77081900741905 791.68447317183018
leaf_count=39494 2570 10476 16469 983 626 511 2914 7595 596 1827 1277 1381 4160 23821 28776 3214 678 610 996 5124 1463 1332 16386 2776 2190 1321 618 220 3225 726 4619
internal_value=0 -0.00111319 0.00793009 0.000202853 0.02981 -0.000340686 0.0241513 -0.000942267 -0.00414848 -0.0135726 -0.0103277 -0.0571289 0.00328019 -0.000892226 -0.0103279 0.0165417 -0.00504067 0.00484376 0.0255619 0.00626173 -0.0159086 -0.0353263 -0.0201696 -0.0528114 0.0199695 -0.0165093 0.0081704 0.0113266 0.00896343 0.00277025 0.0078644
internal_weight=0 27954.7 3784.46 25698.5 463.277 25235.2 604.978 24630.2 13999.8 4721.02 4393.7 327.323 10630.4 8086.26 3487.05 2544.14 749.895 1728.77 1794.25 4599.21 784.892 526.757 2664.93 171.396 1606.1 174.803 1664.36 1594.53 1560.41 1353.09 1261.32
internal_count=188974 169935 19039 159459 1609 157850 3425 154425 72300 32806 28277 4529 82125 64676 32936 17449 6668 10614 10781 31740 7919 6456 17663 3454 9785 2702 10018 9408 9188 8570 7844
is_linear=0
shrinkage=0.1


Tree=61
num_leaves=32
num_cat=0
split_feature=82 14 19 6 6 49 33 0 30 58 17 30 45 0 90 73 94 94 16 31 23 55 90 27 73 93 35 29 30 48 44
split_gain=24.9781 47.5481 47.086 39.4318 63.5933 47.6902 45.2606 43.2339 45.589 40.6303 37.6261 38.1509 36.7881 36.5396 52.5681 53.5299 51.7189 35.396 56.1415 50.6214 46.0135 35.3273 41.3331 39.8731 34.7986 34.4521 43.112 34.3461 33.2149 33.1272 35.144
threshold=15.500000000000002 499.00000000000006 1175.0000000000002 1250.0000000000002 1650.0000000000002 0.79072620613759514 1350.0000000000002 12.500000000000002 34.250000000000007 40.250000000000007 11.875000000000002 40.050000000000004 14.125000000000002 5.5000000000000009 8.5000000000000018 3.291666666666667 0.14502878574734859 0.13496417874952624 34.550000000000004 10.29166666666667 2.5000000000000004 3.9500000000000006 20.500000000000004 13.750000000000002 5.1250000000000009 0.075204502060094408 -0.33331348688288709 4.5000000000000009 36.050000000000004 2.0000000000000004 40.95000000000001
decision_type=8 10 8 2 2 10 10 2 8 10 10 10 10 2 10 8 2 2 8 8 10 8 8 10 10 2 10 10 10 10 10
left_child=1 28 -2 6 5 21 12 9 -9 17 11 -3 -4 14 15 -11 -17 18 25 -20 -21 27 23 -23 -25 26 -6 -5 -1 -10 -31
right_child=2 10 3 4 7 -7 -8 8 29 13 -12 -13 -14 -15 -16 16 -18 -19 19 20 -22 22 -24 24 -26 -27 -28 -29 -30 30 -32
leaf_value=4.350941580324905e-05 -0.024565744195777513 0.012302641421137756 0.0048217666171183225 0.018155006340758954 -0.066886017329588932 -0.026540597785093746 0.022784503189835166 -0.064037431414093557 0.013133888011703235 0.090379768465216004 0.066613055985246972 -0.061845176745021428 -0.057854770992225524 -0.00019948535388543068 -0.10131805594317739 0.071179914009060916 -0.13501324465374748 0.0088709338773986495 -0.0069432020527284647 -0.083814983991093328 0.081147132535135835 -0.012495461622453715 -0.0054316919761135118 -0.025641503430828827 -0.12118901373140262 0.14805272566755678 0.091343204386307914 -0.028408009454555606 -0.018430490519764028 -0.020811278656036342 0.07592324756069288
leaf_weight=1593.634204281494 690.97431006561965 821.18283938756213 3530.5256539161783 1023.2183377626352 31.184708463493735 1149.7611879536416 1738.4374677436426 148.05760155897588 574.48259429447353 38.852250995114446 115.77326850104146 75.79667713213712 96.199348299531266 317.6689371233806 109.91893429681659 18.599010088481009 35.163060172926635 10496.612496501999 647.55175636266358 162.78341896017082 18.868927963078022 215.29485795646906 4142.5980371735059 68.180532908067107 86.44692066218704 30.418470045085996 38.452403637580574 187.43272183137015 2499.86940451595 957.45691827684641 39.090044613229111
leaf_count=8626 4624 3722 23041 3804 326 7098 9456 880 3866 163 747 573 1079 2199 836 227 481 52148 5557 3061 218 934 30512 496 953 121 198 800 16016 5930 282
internal_value=0 -0.00643865 0.00119737 0.00188461 -0.000109541 -0.00795579 0.0095183 0.00383675 -0.0109908 0.00597049 0.0129618 0.00603699 0.00315926 -0.0213615 -0.0545536 0.000948606 -0.0636806 0.00721487 -0.0114914 -0.0200296 -0.0666797 -0.00422218 -0.00829164 -0.0403189 -0.0790588 0.0592679 0.0204854 0.0109461 -0.0112384 -0.00599153 -0.0170168
internal_weight=0 5106.26 26594.2 25903.3 20538.1 6872.93 5365.16 13665.2 1719.09 11946.1 1012.75 896.98 3626.73 520.202 202.533 92.6143 53.7621 11425.9 929.26 829.204 181.652 5723.17 4512.52 369.922 154.627 100.056 69.6371 1210.65 4093.5 1571.03 996.547
internal_count=188974 29684 159290 154666 121090 44597 33576 76493 10958 65535 5042 4295 24120 3906 1707 871 708 61629 9481 8836 3279 37499 32895 2383 1449 645 524 4604 24642 10078 6212
is_linear=0
shrinkage=0.1


Tree=62
num_leaves=32
num_cat=0
split_feature=76 4 20 2 12 46 28 84 91 18 0 73 85 41 70 94 27 53 79 21 55 55 69 2 94 82 27 73 18 49 88
split_gain=23.6325 53.5139 39.4773 36.7748 33.9534 43.5132 35.6779 31.8391 45.4642 46.4587 33.669 36.3261 37.6378 50.6529 32.4903 32.0375 32.002 37.858 31.2609 32.6493 31.5951 31.0761 38.1636 30.7794 38.3467 37.2418 34.1445 30.3987 35.7672 30.2853 31.4634
threshold=5.5000000000000009 5.5000000000000009 5.5000000000000009 2.5000000000000004 55.750000000000007 3.5000000000000004 439.00000000000006 76.500000000000014 56.541666666666679 10.500000000000002 2.5000000000000004 3.291666666666667 45.000000000000007 44.45000000000001 483.00000000000006 0.18878111435911063 2.9500000000000006 6.5000000000000009 2.5000000000000004 1.1202492431794304 27.850000000000005 24.950000000000003 9.4500000000000011 4.5000000000000009 0.16726788313508772 35.500000000000007 13.750000000000002 4.8750000000000009 11.500000000000002 0.67722382671207437 61.500000000000007
decision_type=10 2 10 2 8 8 10 8 2 10 2 10 10 10 10 2 10 10 8 10 10 10 8 2 2 10 10 10 10 10 10
left_child=1 2 -1 -4 5 -3 -7 10 9 21 -2 -12 13 16 -14 -16 -13 -18 19 20 29 22 -9 -19 25 -25 -26 -15 -29 -6 -31
right_child=7 4 3 -5 18 6 -8 8 -10 -11 11 12 14 27 15 -17 17 23 -20 -21 -22 -23 -24 24 26 -27 -28 28 -30 30 -32
leaf_value=-0.00014616254227100254 0.041243719303161612 -0.013474162204448352 -0.044363189163521388 0.039160672299689656 -0.0041745004238220949 -0.14263417333666831 -0.042899358908725399 -0.00066969836823032171 0.026240780857159935 -0.076735031279575344 0.030311385294597787 0.037262632215822961 0.046858199064769811 0.1134041859098163 -0.086679251331727325 0.013857090243334758 -0.058675613598384462 0.021874790777179656 0.040165604321548913 0.034777050621885942 -0.084930739556286272 0.027935791993789483 -0.063931269839361399 0.10926200049971453 -0.018938033508504315 -0.044701749397480839 -0.10393562241951121 0.031719363253675005 -0.087336987423071 -0.10990162927673593 0.0075949415238097465
leaf_weight=25195.394930595998 381.16517245676368 917.38406922668219 60.235179655253887 422.2007724782452 776.30478683114052 39.547734334832057 385.47058244887739 261.2145015085116 285.41661420185119 123.65640975907445 571.42175746709108 80.344683974981308 268.35816798638552 36.839826436713338 39.9450509743765 153.49794433452189 270.40005721524358 171.78061621263623 149.25189848965965 149.23441155720502 61.401933643966913 162.06240951362997 150.18977186083794 32.575132429599762 111.86343871057034 30.346360152587295 81.837016398087144 177.77179188095033 29.407894720323384 58.11225938051939 37.495688699185848
leaf_count=157827 1604 3801 321 1357 3094 436 2297 1136 1359 1254 2317 218 1166 179 387 628 1580 637 1027 538 439 918 918 172 495 243 617 1089 403 364 153
internal_value=0 -0.0009816 0.000396405 0.0287322 -0.0147273 -0.0257287 -0.0521796 0.00781975 -0.00737745 -0.0211415 0.0139455 0.0088856 0.000640872 -0.0100548 0.0243382 -0.00690318 -0.0225066 -0.0293785 -0.00273804 -0.0086532 -0.0155976 -0.00915383 -0.0237644 -0.0108867 -0.032817 0.0350069 -0.0548489 0.0297034 0.01482 -0.010715 -0.0638216
internal_weight=0 28252 25677.8 482.436 2574.2 1342.4 425.018 3420.09 982.54 697.123 2437.55 2056.39 1484.97 1023.17 461.801 193.443 779.147 698.803 1231.8 1082.55 933.315 573.467 411.404 428.403 256.622 62.9215 193.7 244.02 207.18 871.913 95.6079
internal_count=188974 171654 159505 1678 12149 6534 2733 17320 5585 4226 11735 10131 7814 5633 2181 1015 3962 3744 5615 4588 4050 2972 2054 2164 1527 415 1112 1671 1492 3611 517
is_linear=0
shrinkage=0.1


Tree=63
num_leaves=32
num_cat=0
split_feature=44 55 27 19 55 67 44 56 42 58 49 16 6 26 29 43 89 59 27 48 81 49 55 69 31 48 11 63 83 83 91
split_gain=23.4416 29.0856 24.4389 50.572 43.9925 42.2586 41.0808 31.5679 29.1099 49.788 25.1706 43.5739 32.2845 28.1927 46.3405 40.8063 36.1884 30.6738 34.9507 43.4957 28.9762 49.7785 50.3006 52.7888 41.5146 36.0153 35.4896 35.0928 33.7938 33.2168 32.0805
threshold=44.45000000000001 27.450000000000003 238.05000000000004 1850.0000000000002 447.55000000000007 8.5000000000000018 37.350000000000001 483.00000000000006 453.00000000000006 38.850000000000001 -1.8491194572753293 33.650000000000013 1850.0000000000002 57.250000000000007 3.5000000000000004 -7.4999999999999991 1.0000000180025095e-35 2.1250000000000004 42.750000000000007 4.5000000000000009 -394.99999999999994 -0.13559966465778608 31.950000000000003 124.55000000000001 16.875000000000004 4.5000000000000009 3.5000000000000004 -1.786876216945205 395.00000000000006 695.00000000000011 53.541666666666679
decision_type=10 10 10 10 10 8 8 10 8 10 8 8 2 10 10 8 8 10 10 10 8 10 8 10 10 10 10 8 10 10 2
left_child=2 -2 10 4 8 7 -7 -5 9 -4 12 -12 -1 20 15 -15 17 -16 19 -19 21 22 26 29 27 28 -13 -22 -23 -24 -30
right_child=1 -3 3 5 -6 6 -8 -9 -10 -11 11 13 -14 14 16 -17 -18 18 -20 -21 24 25 23 -25 -26 -27 -28 -29 30 -31 -32
leaf_value=-0.076657770580559906 -0.007326244796078212 0.14703803136739668 -0.05925736766998882 -0.11166494896893989 0.15635664744456157 0.17007780875094666 -0.022304926229095898 0.06451978443882854 -0.087552035776685092 0.10549115067105969 0.018486707838458186 -0.037082748216259745 -0.0097242114235254612 0.048063303289913012 0.10726657313961113 -0.047259833681179531 -0.070866932841787869 0.043521385085121052 0.094931294297627339 -0.089008312826544242 0.038271876550679512 0.036373736117166759 -0.08697925913153437 0.064283966524997474 -0.088810845584151935 0.073660157486648239 0.021745466106585724 -0.00054291934617214097 0.059813982534458299 0.059065880537494633 -0.051276428015540033
leaf_weight=76.940818388946354 24.62027549254708 24.208414952270687 69.859342827694491 23.856199274305254 9.8866933230310661 30.915243885247037 17.316925888648257 17.726333075203001 142.19529907335527 24.875118372263387 1320.1258386231493 125.87447609007359 1136.4349764706567 50.138717263005674 45.840988242998719 430.52678780118003 37.936162569560111 53.1259794998914 37.585244228132069 46.38622363563627 235.0179232545197 365.58829564088956 142.83102022996172 35.136708637699485 52.975580069934949 171.88866765145212 553.38552892114967 26206.56336678029 35.197179045062512 17.47925482923165 99.425938961561769
leaf_count=665 221 161 1809 418 206 348 405 169 3683 380 5359 665 5621 224 139 2810 287 192 232 317 1068 1950 2230 310 677 689 2264 154292 248 106 829
internal_value=0 0.0692049 -0.000136239 -0.0269365 -0.0503176 0.0373162 0.101006 -0.0365587 -0.0589418 -0.0159981 0.000152215 0.000722142 -0.0139685 -9.37624e-05 -0.0198943 -0.0373166 0.01802 0.0364526 0.0127747 -0.0182555 0.000401608 0.0137056 -0.00201934 -0.0467246 -0.000375106 0.0341709 0.0108439 -0.000197926 0.0206011 -0.0710554 -0.0222319
internal_weight=0 48.8287 31613 336.631 246.816 89.8147 48.2322 41.5825 236.93 94.7345 31276.4 30063 1213.38 28742.9 701.54 480.666 220.875 182.938 137.097 99.5122 28041.4 1546.81 874.707 195.447 26494.6 672.1 679.26 26441.6 500.211 160.31 134.623
internal_count=188974 382 188592 7418 6078 1340 753 587 5872 2189 181174 174888 6286 169529 4201 3034 1167 880 741 509 165328 9291 5575 2646 156037 3716 2929 155360 3027 2336 1077
is_linear=0
shrinkage=0.1


Tree=64
num_leaves=32
num_cat=0
split_feature=92 89 16 10 1 2 90 2 45 14 10 41 49 21 0 39 77 49 70 31 92 44 16 71 45 72 46 5 82 73 88
split_gain=23.162 34.9042 24.9139 22.7947 39.3643 45.9642 55.6842 42.2226 37.976 41.6096 36.9555 51.2678 37.4683 42.799 46.8136 36.079 34.6641 56.2451 33.6411 39.1206 51.8109 33.4092 33.3715 41.3822 39.4041 35.1686 36.9247 34.1762 33.066 46.809 53.6929
threshold=0.0099132083489972007 195.00000000000003 34.45000000000001 3.5000000000000004 1.0000000180025095e-35 5.5000000000000009 6.5000000000000009 6.5000000000000009 2.8750000000000004 423.00000000000006 4.5000000000000009 119.35000000000001 -1.2596393576782685 -0.26374751239627753 11.500000000000002 15.500000000000002 0.60399648514722204 0.5820282826777663 509.00000000000006 6.5833333333333348 0.081749331749331716 35.050000000000004 38.350000000000001 4.5000000000000009 13.708333333333334 37.95000000000001 7.5000000000000009 1.0000000180025095e-35 83.500000000000014 10.708333333333334 23.500000000000004
decision_type=2 10 8 2 2 2 10 2 8 8 2 10 8 10 2 10 10 10 10 10 2 10 8 10 10 10 10 2 10 10 8
left_child=1 2 -1 -2 8 15 7 -7 -5 -10 12 22 -11 -14 -15 28 17 -16 19 20 -13 -9 23 27 25 -25 -27 -12 -6 30 -30
right_child=3 -3 -4 4 5 6 -8 21 9 10 11 18 13 14 16 -17 -18 -19 -20 -21 -22 -23 -24 24 -26 26 -28 -29 29 -31 -32
leaf_value=0.075620931706463043 0.0045787827688144713 0.086267475357222526 -0.10764654834633447 0.011409652852988171 -0.003266232041158894 0.049739948106778148 -0.050192559694203144 0.010997130438021479 -0.086750098572310697 -0.062984669161354589 0.0027541073513983605 -0.0567829393409836 0.0079267672337579292 -0.033157701608252106 4.3599923724224864e-05 0.023703932850937845 -0.034242262531413742 0.10607650672284646 0.04127943596966363 -0.073277130050372383 0.068005804476179918 -0.16781794964649019 -0.0082013782268492829 0.0017497518331208652 -0.11102716660105867 -0.020138097198405175 -0.12810518855080508 0.018835377815476458 -0.075275868143060906 0.021515579389023622 -0.018439163127791265
leaf_weight=8.50619915477 8373.5524339943659 14.661535564810036 57.967684028437361 3213.4203234235756 6932.615753880702 115.86473444639705 464.89121202379465 24.023971874732524 56.288016026373953 134.72873543808237 2553.4154731377494 77.982498558470979 903.4163205884397 876.70925407158211 167.19815489184111 427.17863727593794 119.34102406399325 71.386057707015425 52.589461611583829 196.90543730231002 58.029784672427922 18.490597487892956 1679.758961973479 716.87683182721958 38.477657571900636 112.34825795888901 44.114173665177077 2739.3093650215305 200.60590340476483 226.13098430400714 969.40626562782563
leaf_count=84 46827 151 1423 14029 46568 821 3963 224 813 876 13705 964 5041 6016 1135 2319 730 262 451 3618 205 248 12698 3435 325 551 366 12639 1351 1167 5969
internal_value=0 -0.0533917 -0.0841951 0.000106558 -0.00150819 -0.0065078 -0.0327463 0.0184636 0.00188679 -0.0010004 -0.000542577 0.00256125 -0.0118362 -0.00861314 -0.0207158 -0.00464007 0.00975949 0.0317694 -0.0330461 -0.044787 -0.00354169 -0.0667738 0.00430229 0.00768741 -0.0119886 -0.00762519 -0.0505791 0.0110772 -0.00609383 -0.0201344 -0.0281842
internal_weight=0 81.1354 66.4739 31565.1 23191.5 9379.21 623.271 158.379 13812.3 10598.9 10542.6 8269.81 2272.78 2138.05 1234.63 8755.94 357.925 238.584 385.507 332.918 136.012 42.5146 7884.3 6204.54 911.817 873.339 156.462 5292.72 8328.76 1396.14 1170.01
internal_count=188974 1658 1507 187316 140489 62630 5256 1293 77859 63830 63017 48957 14060 13184 8143 57374 2127 1397 5238 4787 1169 472 43719 31021 4677 4352 917 26344 55055 8487 7320
is_linear=0
shrinkage=0.1


Tree=65
num_leaves=32
num_cat=0
split_feature=4 34 82 41 94 16 13 90 3 48 16 43 82 39 6 53 49 69 49 0 13 55 69 22 14 73 67 18 76 30 73
split_gain=22.5259 49.4835 40.9061 40.0803 42.7243 61.6851 36.8687 36.99 37.7091 36.4546 35.6799 33.8989 33.7513 32.0721 30.1791 28.4003 48.6054 39.8713 35.5549 42.5814 32.3939 31.4593 29.6653 36.1611 29.0617 28.8421 28.2378 33.9031 29.6241 28.2352 40.4083
threshold=6.5000000000000009 6.5000000000000009 33.500000000000007 19.450000000000003 0.21532227666792306 34.850000000000001 136.05000000000004 83.500000000000014 57.250000000000007 3.5000000000000004 37.95000000000001 -7.4999999999999991 44.500000000000007 3.5000000000000004 1550.0000000000002 9.5000000000000018 -0.71409566302011884 13.450000000000001 0.71749886457274281 10.500000000000002 7.4500000000000011 7.4500000000000011 6.4500000000000011 1.0000000180025095e-35 471.00000000000006 7.7083333333333348 9.5000000000000018 8.5000000000000018 6.5000000000000009 33.45000000000001 10.875000000000002
decision_type=2 10 10 10 2 10 10 10 2 8 8 10 10 10 2 10 8 8 10 2 10 10 8 10 10 8 8 10 10 10 10
left_child=1 -1 6 15 5 14 7 8 10 12 29 -6 -3 -13 -5 16 17 -4 19 -17 22 -20 -18 24 -24 -22 28 -28 -15 -2 -31
right_child=2 9 3 4 11 -7 -8 -9 -10 -11 -12 13 -14 26 -16 18 20 -19 21 -21 25 -23 23 -25 -26 -27 27 -29 -30 30 -32
leaf_value=0.00015443624194359741 0.039678265320019834 -0.078153100451191879 -0.068570708020957979 0.058324246134762392 0.074287283116122413 -0.11408915664433805 0.077660891454432918 0.022788752458802568 0.044954615378613318 0.037482873069715157 -0.14365557429774903 -0.10299337710650686 0.021027023184532298 -0.1086541906117954 -0.072487233560528747 0.017786554353143684 0.018972573419995632 0.036866683787319297 -0.12474241331954708 -0.054575448988091496 0.022895420348128793 -0.013974098400176339 -0.020132874329173885 0.02659149082151991 -0.14027657497380469 0.072603363652804287 -0.016814084361745696 0.1052821629825313 -0.0015281401379412323 -0.039537221268497041 -0.13449037027974239
leaf_weight=27928.810321604135 38.664626095909625 57.380518388934433 115.36920016258955 43.394643912091851 46.806505737826228 106.67401645565405 31.373971409164369 101.81373910792172 45.916763817891479 589.06930077169091 37.403903604950756 38.034864043816924 85.345142754726112 37.673638559877872 29.71238580532372 314.78720539063215 372.88312522694468 52.04403518140316 48.714925304055214 109.64554653689265 341.18026688881218 54.130300156772137 41.561279900372028 55.43201756849885 39.050739660859108 177.43332244176418 50.219502680003643 41.565596833825111 82.001213118433952 448.18678388930857 49.79764686524868
leaf_count=171490 195 332 584 272 158 1178 364 446 220 1946 463 277 312 234 249 1140 1124 203 308 563 1331 287 164 178 239 718 234 187 408 2689 481
internal_value=0 0.000827035 -0.00834796 -0.00145711 -0.0271389 -0.0655973 -0.028461 -0.0330738 -0.0422478 0.0264966 -0.0492228 -0.00380423 -0.0188467 -0.0184546 0.00515944 0.0056422 0.0141724 -0.0357932 -0.0136896 -0.000907035 0.0223131 -0.066442 0.00438947 -0.0355814 -0.0783339 0.039902 -0.00324878 0.0384782 -0.0352514 -0.0426409 -0.0490324
internal_weight=0 28660.6 2951.47 2198.31 476.082 179.781 753.157 721.783 619.97 731.795 574.053 296.301 142.726 249.495 73.107 1722.23 1194.95 167.413 527.278 424.433 1027.54 102.845 508.927 136.044 80.612 518.614 211.46 91.7851 119.675 536.649 497.984
internal_count=188974 174080 14894 10036 3197 1699 4858 4494 4048 2590 3828 1498 644 1340 521 6839 4541 787 2298 1703 3754 595 1705 581 403 2049 1063 421 642 3365 3170
is_linear=0
shrinkage=0.1


Tree=66
num_leaves=32
num_cat=0
split_feature=39 16 91 86 77 56 44 23 67 77 58 46 71 94 82 3 35 53 30 48 55 27 28 59 90 41 32 85 77 73 82
split_gain=21.6021 40.7622 42.7882 37.3671 70.3294 44.7882 48.9662 44.6046 48.5303 38.2788 36.9763 35.0103 58.4255 43.9383 38.7922 36.4748 40.14 69.7757 53.2476 36.316 34.8222 43.5506 57.4816 34.299 39.8474 33.9134 33.8731 31.0206 30.7614 30.4704 30.3552
threshold=10.500000000000002 41.550000000000004 56.612500000000004 99.500000000000014 1.6804384061505504 455.00000000000006 34.750000000000007 2.5000000000000004 3.5000000000000004 0.036484588019616758 36.650000000000013 6.5000000000000009 -9.4999999999999982 0.15431197728638463 103.50000000000001 53.500000000000007 0.27447344810538676 1.5000000000000002 37.95000000000001 5.5000000000000009 13.050000000000002 52.250000000000007 493.00000000000006 8.5833333333333339 78.500000000000014 227.95000000000002 6.5000000000000009 195.00000000000003 0.27447344810538676 7.5833333333333348 51.500000000000007
decision_type=8 10 2 8 8 10 10 10 10 8 10 10 10 2 10 2 10 10 10 10 10 10 10 10 10 10 10 10 10 8 10
left_child=3 -2 -3 4 11 6 -5 8 -8 -9 26 25 13 -13 15 16 27 -18 -19 -15 21 22 -16 -7 30 -1 -6 28 -14 -11 -25
right_child=1 2 -4 5 10 23 7 9 -10 29 -12 12 14 19 20 -17 17 18 -20 -21 -22 -23 -24 24 -26 -27 -28 -29 -30 -31 -32
leaf_value=-0.00083263322023624856 0.0047045339122129912 -0.088493508101026366 0.097131530092767704 0.019009434802189272 4.3215728805159545e-05 0.004302690669621332 -0.045429140409249481 -0.073594723180213692 -0.0077251797580845166 0.0076310968995243929 -0.13650612112497881 0.087539356827284032 -0.011248226380801873 -0.027349930508924581 -0.080789417542218592 -0.014766681951854745 0.15234491279472984 -0.0096626208450109191 0.076919397379978119 0.073062959540066308 -0.071940840890721933 0.082707756762580853 0.032024361331552884 0.014641279621675912 -0.07522812390917516 0.077028125664558342 -0.098585698441286729 -0.055672767267243677 0.081828608802110903 0.12350115361405765 0.046619528655619462
leaf_weight=9869.0061161140911 9191.5546977543272 82.302395063685253 14.624573331326244 499.03062559012324 89.992330321110785 3928.4666095399298 540.28079100139439 22.52586032403633 927.30573198525235 40.936412733979523 51.636775764403865 98.945668352767825 176.92236805707216 116.78408009000123 110.64856782509014 3417.7091344082728 43.07548744417727 229.93706299830228 102.78058813605458 52.080371798947453 204.25602019415237 37.986687013879418 76.316782234236598 849.00216586026363 40.226014776155353 56.260416593402624 56.79918263759464 120.19956874474883 44.423297821544111 50.932299676351249 456.42160978075117
leaf_count=41448 61409 2176 96 2938 658 21065 8670 188 6535 238 1220 606 1251 694 696 21697 159 1449 521 182 2067 177 316 6480 284 308 1804 965 187 554 1936
internal_value=0 0.00402426 -0.060486 -0.00171501 -0.00458497 0.00412073 -0.00830221 -0.0169176 -0.0216056 0.0432259 -0.0637229 -0.0037898 -0.0107705 0.0346243 -0.0134341 -0.0104639 0.0100365 0.032588 0.0170836 0.00361894 -0.0420491 -0.0149074 -0.0347403 0.00902246 0.0228013 -0.000391287 -0.03812 -0.0147764 0.00743197 0.0718698 0.025822
internal_weight=0 9288.48 96.927 22310.9 14955.8 7355.13 2081.01 1581.98 1467.59 114.395 198.428 14757.3 4832.07 267.81 4564.26 4135.05 717.338 375.793 332.718 168.864 429.208 224.952 186.965 5274.12 1345.65 9925.27 146.792 341.545 221.346 91.8687 1305.42
internal_count=188974 63681 2272 125293 76405 48888 19123 16185 15205 980 3682 72723 30967 1482 29485 26229 4532 2129 1970 876 3256 1189 1012 29765 8700 41756 2462 2403 1438 792 8416
is_linear=0
shrinkage=0.1


Tree=67
num_leaves=32
num_cat=0
split_feature=14 92 83 18 12 70 32 45 91 55 79 31 88 57 49 82 6 15 27 34 43 39 10 10 0 17 49 70 17 10 16
split_gain=21.3323 24.2688 21.0778 48.4035 43.9458 40.1857 34.9345 34.0512 33.4868 32.7359 47.9245 30.1305 36.7072 34.3512 33.4202 30.84 40.6898 29.5885 33.9195 30.585 28.1242 26.9471 24.824 34.0635 46.9362 46.7016 37.8048 37.4063 40.4762 52.1603 38.1755
threshold=395.00000000000006 0.062733767788929112 -214.99999999999997 14.500000000000002 57.750000000000007 435.00000000000006 2.5000000000000004 5.1250000000000009 56.408333333333339 3.6500000000000008 1.5000000000000002 6.7083333333333348 83.500000000000014 -2.4999999999999996 -1.2193643198175999 19.500000000000004 1350.0000000000002 -4.4999999999999991 15.850000000000003 6.5000000000000009 4.5000000000000009 5.5000000000000009 3.5000000000000004 4.5000000000000009 10.500000000000002 12.41666666666667 -0.78366163750672868 453.00000000000006 5.5833333333333348 8.5000000000000018 34.550000000000004
decision_type=8 2 8 10 10 10 10 10 2 10 10 10 10 10 10 10 2 10 10 10 10 10 2 2 2 8 10 10 10 2 10
left_child=1 -1 3 4 5 20 -7 -6 9 -8 11 13 14 -11 -13 16 -16 21 -19 -20 -2 -15 -4 25 -25 26 -24 -26 -29 -30 -31
right_child=2 -3 22 -5 7 6 8 -9 -10 10 -12 12 -14 17 15 -17 -18 18 19 -21 -22 -23 23 24 27 -27 -28 28 29 30 -32
leaf_value=-0.11927541589615508 -0.033867222994988927 0.0018637539941963877 0.0055750302650775171 -0.11130670368723448 -0.019202320719818679 0.044726746000852226 0.029298513323873218 -0.11885105518948272 0.037298994675138739 -0.079739708413943941 -0.095141763578425909 -0.10255178232159817 0.080790128635725711 0.079998772946251642 0.034250476454219657 0.026022289691295549 -0.1430487630805416 0.00045813158177564174 -0.080408862086549182 0.032235163869678882 -0.15771634389424413 -0.014451511128271597 -0.03932033363670228 0.0041449682683753607 -0.022779504025724005 0.018040937717693072 -0.0090303186450986367 0.0075217817412568224 -0.022700563104355132 0.095388821182179062 0.0045377829924009702
leaf_weight=32.028738122200593 154.21538285794668 34.193387138191611 7828.4593321708962 46.130172048462555 81.032831290736794 170.02480295300484 184.92710586264729 59.449773790314794 176.575239777565 94.247839767485857 71.914566575549543 30.019133912399411 64.429766439832747 55.859586634673178 24.336358015425503 208.85648301243782 27.651420681737363 193.65901752468199 139.2379840305075 29.150578344240785 20.809728307183832 65.776110224425793 468.10308858403005 12725.350881820079 1205.6731933574192 567.50837092637084 3440.9641832367051 1877.1293089096434 1255.6109686642885 62.469130254350603 178.15516721457243
leaf_count=835 1858 256 43645 772 391 502 572 526 938 652 565 251 295 184 130 1160 305 743 1054 133 255 355 4030 74521 12239 4834 19470 8113 8137 203 1050
internal_value=0 -0.056726 9.04219e-05 -0.0101245 -0.00760449 -0.00319166 0.00197944 -0.0613719 -0.00333878 -0.00936838 -0.0164824 -0.0104209 0.012496 -0.0245094 -0.00263203 0.00886718 -0.060052 -0.0137475 -0.0280835 -0.0609085 -0.0485923 0.0289235 0.000745317 -0.000990566 0.00102085 -0.00876576 -0.0126575 -0.00766123 -0.00225781 -0.014527 0.0281239
internal_weight=0 66.2221 31507.7 1898.3 1852.17 1711.69 1536.67 140.483 1366.64 1190.07 1005.14 933.224 355.293 577.931 290.863 260.844 51.9878 483.683 362.048 168.389 175.025 121.636 29609.4 21781 17304.4 4476.58 3909.07 4579.04 3373.36 1496.24 240.624
internal_count=188974 1091 187883 11641 10869 9952 7839 917 7337 6399 5827 5262 2141 3121 1846 1595 435 2469 1930 1187 2113 539 176242 132597 104263 28334 23500 29742 17503 9390 1253
is_linear=0
shrinkage=0.1


Tree=68
num_leaves=32
num_cat=0
split_feature=86 3 88 43 82 15 30 90 12 59 17 81 63 48 21 86 66 56 18 40 5 90 24 16 82 35 74 41 13 84 84
split_gain=20.8393 29.1703 31.6048 49.4493 27.9424 34.5304 25.8182 25.2585 27.6203 25.3061 21.5508 29.3922 42.6203 38.0791 30.2109 37.6273 38.4348 41.8335 40.8112 31.8955 30.4343 34.3375 28.8084 27.3135 44.2135 61.7375 45.0424 41.6902 61.8292 34.2946 44.6645
threshold=8.5000000000000018 57.750000000000007 77.500000000000014 1.0000000180025095e-35 60.500000000000007 -2.4999999999999996 34.550000000000004 70.500000000000014 54.500000000000007 8.8750000000000018 1.8750000000000002 105.00000000000001 1.1275719773359156 5.5000000000000009 0.28179618226187181 106.50000000000001 1.0000000180025095e-35 433.00000000000006 8.5000000000000018 54.500000000000007 1.0000000180025095e-35 39.500000000000007 1.0000000180025095e-35 35.850000000000001 83.500000000000014 1.0763128382405192 1.5000000000000002 15.350000000000003 9.0500000000000025 124.50000000000001 139.50000000000003
decision_type=8 2 10 8 10 10 10 10 10 10 8 10 8 8 10 10 10 8 10 10 2 8 10 8 8 10 8 10 10 8 8
left_child=1 2 4 -4 6 -6 -1 8 9 -8 11 13 -13 14 19 16 17 -16 -18 20 21 -2 -22 -12 -25 26 27 28 -26 -27 -31
right_child=10 -3 3 -5 5 -7 7 -9 -10 -11 23 12 -14 -15 15 -17 18 -19 -20 -21 22 -23 -24 24 25 29 -28 -29 -30 30 -32
leaf_value=0.070256684288335078 -0.11926374541952545 -0.1193570097311188 0.10624395466363656 -0.037392658662187717 0.0039308493971194017 -0.1387674524866018 -0.12911764399932657 0.042917992649872783 -0.012270794118084242 -0.01271417449104608 0.0031886492768095501 -0.0062383097207414796 -0.11070067856922375 0.039730883907253108 -0.084919334815956718 -0.06422499354510304 0.033449997223572628 0.015667820654199346 0.11799142025572731 0.010219036045385021 0.018803397838456821 -0.027575892522897938 -0.038734134018490886 -0.000771335365834899 0.03339214060615469 -0.070223347547420586 -0.014393149340894612 0.07188934086851094 -0.072392725051848864 0.22851911159020438 -0.021123799488530035
leaf_weight=32.31727294716984 49.867163566872478 28.048081051558256 49.59569403110072 46.383415593300015 27.615761365042999 43.937895280774683 49.788826769217849 46.403800248168409 146.20809234073386 29.887660819571465 11155.806601517135 363.57050249073654 43.757438531145453 404.0358868946787 44.456528183538467 50.977598893456161 320.58478545816615 591.04003056441434 69.47490885714069 888.62260614568368 256.56059323204681 225.77510311687365 131.68381152348593 13452.878298407421 176.55895994976163 270.11515365121886 2296.9295753423357 118.96544178016484 80.417365068569779 8.2875387165695411 52.995211166562513
leaf_count=129 333 267 210 320 178 450 442 239 925 227 58277 1553 326 1841 307 273 1087 2406 244 3809 1016 1390 659 77884 733 2130 28770 561 536 30 1422
internal_value=0 -0.0202767 -0.0143907 0.0368293 -0.0274597 -0.0836938 -0.01425 -0.0242799 -0.0380845 -0.0854532 0.000298566 0.00776183 -0.0174602 0.011149 0.00675652 0.0196297 0.0237979 0.00863119 0.048508 -0.00216996 -0.0187528 -0.0441634 -0.000712045 -0.000631311 -0.00322075 -0.014189 -0.00914135 0.0229461 0.000288157 -0.0549007 0.0126365
internal_weight=0 500.187 472.138 95.9791 376.159 71.5537 304.606 272.288 225.885 79.6765 31053.4 3440.41 407.328 3033.08 2629.04 1076.53 1025.56 635.497 390.06 1552.51 663.887 275.642 388.244 27613 16457.1 3004.27 2672.87 375.942 256.976 331.398 61.2827
internal_count=188974 3387 3120 530 2590 628 1962 1833 1594 669 185587 15244 1879 13365 11524 4317 4044 2713 1331 7207 3398 1723 1675 170343 112066 34182 30600 1830 1269 3582 1452
is_linear=0
shrinkage=0.1


Tree=69
num_leaves=32
num_cat=0
split_feature=82 19 30 14 6 60 49 6 16 5 58 41 30 84 93 10 0 6 88 10 76 31 44 31 11 6 73 55 82 55 51
split_gain=20.4956 38.8209 37.9036 42.4026 38.678 33.4038 33.391 49.3289 35.1888 38.7348 45.9898 41.394 40.1288 38.7159 41.8456 37.7206 46.7899 52.7813 42.3769 39.8877 43.4458 39.5528 44.2179 39.5087 42.5268 42.4081 39.2591 37.4185 40.2509 44.209 37.6641
threshold=18.500000000000004 1175.0000000000002 39.750000000000007 499.00000000000006 1950.0000000000002 13.500000000000002 -1.8491194572753293 1850.0000000000002 33.650000000000013 1.0000000180025095e-35 41.850000000000001 213.45000000000002 37.050000000000004 7.5000000000000009 0.2151333138818268 8.5000000000000018 12.500000000000002 1175.0000000000002 148.50000000000003 7.5000000000000009 6.5000000000000009 8.5833333333333339 40.250000000000007 5.5833333333333348 6.5000000000000009 2150.0000000000005 8.8750000000000018 144.35000000000005 68.500000000000014 106.25000000000001 2.5000000000000004
decision_type=8 8 10 10 2 10 8 2 8 2 10 10 8 10 2 2 2 2 10 2 8 8 8 10 8 2 10 10 10 10 10
left_child=2 -2 3 -1 5 -4 7 -3 -8 10 15 12 27 -13 -15 16 23 -18 -17 21 -21 22 -19 24 -10 -25 -27 28 29 -11 -30
right_child=1 6 4 -5 -6 -7 8 -9 9 11 -12 13 -14 14 -16 18 17 19 -20 20 -22 -23 -24 25 -26 26 -28 -29 30 -31 -32
leaf_value=-0.0077754150885969101 -0.02233203972900262 -0.11017125407970337 -0.057375663948785405 0.016086951078877525 0.03002814587485645 0.050423402685201013 0.019790009783480899 -0.010674112225395467 -0.0056715623679817169 0.020725091720940777 -0.1049271540743886 0.070000733000883816 0.0020550885728679654 -0.085220997855792027 0.065071931343500658 0.010926840369885692 0.077409130395694345 -0.034742561577049157 0.10718064750961878 -0.096612793450619072 0.010508461201446816 0.0090510963778362586 0.076314025371969116 -0.013405247362802006 0.013737615829902872 -0.0062817528583165236 0.043853599165511022 0.067279102300075638 -0.0074654688916122609 -0.080209830440090571 0.057379970460925238
leaf_weight=3865.5242767329328 687.91704250522889 52.38992399116978 326.2278705725912 922.36124704871327 77.540902783395723 31.522873536450788 1122.5749843823723 1019.2895567654632 2058.3246134049259 2754.5582379831467 43.764302956871688 25.743878526147455 7971.8224699175917 125.03203698131256 21.74797253170982 1104.1916205323068 52.866587900323793 806.79861475061625 47.716280469670892 137.21230594580993 52.289930514059961 379.75463168811984 37.518867524573579 3240.2479260799009 2499.9991844613105 372.5634151478298 268.93582274299115 128.50121104670689 1154.8936729582492 44.088396912440658 97.102445802185684
leaf_count=22446 4621 532 2774 4346 607 252 4464 5131 11469 12547 454 726 50622 2235 80 7251 233 5069 138 1030 526 3469 365 23623 12883 2057 1128 934 6133 462 367
internal_value=0 0.00111084 -0.00574702 -0.00317845 -0.0339994 -0.047877 0.0017403 -0.0155381 0.00249461 0.0016658 -0.00261838 0.0055254 0.00621599 -0.0431133 -0.0629525 -0.00221348 -0.00420503 -0.0206926 0.014914 -0.0243615 -0.0670545 -0.0177521 -0.0298075 -0.00134036 0.00497334 -0.00875453 0.0147365 0.014153 0.0124677 0.019135 -0.00243618
internal_weight=0 26307.8 5223.18 4787.89 435.292 357.751 25619.9 1071.68 24548.2 23425.7 11102.2 12323.5 12151 172.524 146.78 11058.4 9906.51 1466.44 1151.91 1413.57 189.502 1224.07 844.317 8440.07 4558.32 3881.75 641.499 4179.14 4050.64 2798.65 1252
internal_count=188974 158549 30425 26792 3633 3026 153928 5663 148265 143801 69695 74106 71065 3041 2315 69241 61852 10692 7389 10459 1556 8903 5434 51160 24352 26808 3185 20443 19509 13009 6500
is_linear=0
shrinkage=0.1


Tree=70
num_leaves=32
num_cat=0
split_feature=4 20 49 77 0 90 40 2 82 86 13 53 77 27 67 55 18 29 39 81 3 69 73 71 69 27 21 82 74 13 3
split_gain=20.9394 42.8223 33.9564 42.7536 43.2151 35.1144 33.6116 31.6312 30.8862 39.9622 36.438 33.8422 38.0723 36.7172 30.6134 37.3996 32.5708 33.8446 29.5207 44.4304 29.4341 29.0422 28.3232 28.0014 32.9154 37.949 42.9415 27.8985 37.3672 27.6415 26.6123
threshold=6.5000000000000009 6.5000000000000009 -0.70677292886363374 -0.64086832145526651 4.5000000000000009 40.500000000000007 55.750000000000007 2.5000000000000004 36.500000000000007 43.500000000000007 7.4500000000000011 9.5000000000000018 0.72482159872922813 32.45000000000001 14.500000000000002 9.8500000000000032 10.500000000000002 -3.4999999999999996 14.500000000000002 -214.99999999999997 56.750000000000007 7.7500000000000009 7.416666666666667 -3.4999999999999996 7.5500000000000007 11.850000000000003 0.63694878885140549 43.500000000000007 4.5000000000000009 1.7500000000000002 54.250000000000007
decision_type=2 10 8 10 2 10 10 2 8 10 10 8 10 8 10 10 10 10 10 10 2 10 10 8 8 10 10 8 8 8 2
left_child=1 29 3 18 -5 8 21 -3 9 -4 -11 23 13 -13 15 -8 17 -17 19 -2 -19 -7 -6 -10 -25 26 -26 -27 -29 -1 -23
right_child=2 7 5 4 22 6 14 -9 11 10 -12 12 -14 -15 -16 16 -18 20 -20 -21 -22 30 -24 24 25 27 -28 28 -30 -31 -32
leaf_value=0.023514212006506413 -0.1310984851044133 -0.041772300136958089 -0.017423975811083944 -0.0037912048738228676 -0.20585082212852859 0.012094317256520689 0.038919046209870793 0.034040536722273258 0.058247264185435792 -0.16560781658137788 -0.046883178668582333 0.0035743397006738325 -0.10241065883001872 -0.097332539608743066 0.086031378988645477 0.064193541604862833 -0.10612553033403019 0.0084922745773731208 0.067500971743169561 -0.013320988336009441 -0.10400907089986824 -0.0051831042637027723 -0.070540095944511175 0.019373594095038593 -0.15926825441764308 0.087119279288944459 -0.0042259907149066042 -0.11440488999063558 0.021820782303027454 -0.00020139598807303002 -0.084435909249527957
leaf_weight=500.42641648463905 36.304637788794935 60.968271999619901 413.62199615640566 35.332859037443995 32.945154432207346 230.08178239688277 313.87635222449899 565.40866422187537 103.65472798934206 36.801237992942333 86.875881478190422 220.67306114267558 57.982692031189799 43.103808362968266 75.425454158335924 56.075696378946304 33.908601625822484 63.277327373623848 36.860619316808879 272.02321670204401 36.769879460334778 90.227210367098451 29.163384014740586 360.44369590468705 39.527734636794776 29.476921827532351 32.594434421509504 30.715079311281443 58.4622539174743 27448.68957475177 79.88009817712009
leaf_count=1586 303 328 2163 175 289 868 1057 1894 432 243 576 997 444 645 237 231 378 313 128 1412 268 500 204 1228 302 123 148 241 410 170272 579
internal_value=0 0.000802755 -0.00806545 -0.0335899 -0.0920854 -0.00353443 0.0112188 0.0266613 -0.0130799 -0.0323368 -0.0822108 -0.00248558 -0.0290425 -0.0129149 0.0266148 0.0177212 -0.0172914 0.00200268 -0.0170776 -0.0271889 -0.0328548 -0.0110691 -0.142315 0.0105626 0.00159569 -0.031993 -0.0891994 0.00277904 -0.025099 0.00022323 -0.0423992
internal_weight=0 28575.5 2936.09 442.63 97.4414 2493.46 979.522 626.377 1513.93 537.299 123.677 976.634 321.76 263.777 579.333 503.908 190.032 156.123 345.188 308.328 100.047 400.189 62.1085 654.875 551.22 190.776 72.1222 118.654 89.1773 27949.1 170.107
internal_count=188974 174080 14894 2511 668 12383 4431 2222 7952 2982 819 4970 2086 1642 2484 2247 1190 812 1843 1715 581 1947 493 2884 2452 1224 450 774 651 171858 1079
is_linear=0
shrinkage=0.1


Tree=71
num_leaves=32
num_cat=0
split_feature=25 88 71 18 29 32 73 29 26 88 17 34 94 31 28 57 73 59 21 35 73 41 6 49 18 45 17 18 88 55 6
split_gain=20.0046 29.4018 36.964 32.4733 46.7454 40.4568 37.0014 40.5022 48.3765 40.2273 37.5485 58.5419 43.4001 41.4023 35.9732 35.735 35.2109 35.4503 34.9438 38.0247 37.8468 38.3656 34.5457 41.9393 34.8079 33.9172 33.7956 33.1607 31.5153 35.1051 35.9881
threshold=3.5000000000000004 182.50000000000003 -2.4999999999999996 3.5000000000000004 -14.499999999999998 1.5000000000000002 8.4166666666666696 -8.4999999999999982 54.500000000000007 20.500000000000004 5.8750000000000009 2.0000000000000004 0.15203591299309091 10.125000000000002 503.00000000000006 -9.4999999999999982 4.291666666666667 4.8750000000000009 1.1898152176660401 -0.080679158484146876 14.125000000000002 52.350000000000001 2250.0000000000005 -0.65551378976823726 11.500000000000002 8.5833333333333339 2.1250000000000004 7.5000000000000009 13.500000000000002 7.4500000000000011 1175.0000000000002
decision_type=8 10 10 10 10 10 10 10 10 8 10 10 2 10 10 8 10 8 10 10 10 10 2 10 10 8 10 10 10 8 2
left_child=1 3 -3 -1 -5 16 10 -8 14 -10 12 25 28 26 -9 -13 17 27 19 20 21 -11 24 -24 -17 -12 -14 -6 29 -7 -31
right_child=-2 2 -4 4 5 6 7 8 9 18 11 15 13 -15 -16 22 -18 -19 -20 -21 -22 -23 23 -25 -26 -27 -28 -29 -30 30 -32
leaf_value=0.0030522140649579927 0.001299436335969011 0.11314893863486278 0.0043222281129660966 0.08823069617187218 -0.0017385137429334905 0.079571825537331997 0.081105746869532647 0.015733187137150096 -0.076849172995925766 0.013705725815468093 -0.052789617543484907 0.072468063780706721 -0.020650584977716747 -0.089908555635546505 0.10839799708827641 -0.01911119110201559 -0.078952135691139624 0.054917175915444476 0.09633674593884288 -0.048578661810572146 0.097764597061108072 -0.087588937000078859 -0.032625826213909949 0.11095339924410029 -0.07771147355521392 -0.14183809271898482 0.017438270376595247 -0.10126059188552564 -0.07847230366540689 0.099386203605835402 -0.075715258786472561
leaf_weight=2556.971539940685 24701.653753560386 46.674815195612609 94.205344499088824 46.636140685994178 82.840818680822849 33.814415078610182 66.919577047694474 425.57476742984727 97.157995817251503 197.7090667700395 204.40528832632117 42.235249547287822 327.61480629537255 46.43367353733629 46.468044386710972 632.6102561429143 162.71931723318994 51.862980797886848 30.973337517119944 185.3971292974893 41.58398896548897 46.111950811930001 40.176304483320564 41.213147516362369 120.70279607479461 54.091615927405655 806.19978465279564 56.188369140028954 126.01742167398334 14.462871498893945 62.290935801807791
leaf_count=9671 149123 170 490 240 291 131 340 3089 874 1034 1708 218 1853 391 192 5000 950 193 167 1581 191 627 268 151 1948 1473 4054 364 1097 80 1015
internal_value=0 -0.00482982 0.0403775 -0.00578791 -0.011314 -0.012462 -0.00936573 0.00563106 0.000915049 -0.0179531 -0.0160519 -0.029601 -0.00519373 0.00264225 0.0248551 -0.0172729 -0.0447739 -0.0156398 -0.00654911 -0.0133178 0.0095874 -0.00545134 -0.0218137 0.0400783 -0.0285007 -0.0714234 0.00643253 -0.0419602 -0.0442849 -0.0053206 -0.0427205
internal_weight=0 6788.26 140.88 6647.38 4090.41 4043.78 3690.16 1137.9 1070.98 598.933 2552.27 1135.43 1416.83 1180.25 472.043 876.938 353.611 190.892 501.775 470.802 285.405 243.821 834.703 81.3895 753.313 258.497 1133.81 139.029 236.586 110.568 76.7538
internal_count=188974 39851 660 39191 29520 29280 27482 8095 7755 4474 19387 10766 8621 6298 3281 7585 1798 848 3600 3433 1852 1661 7367 419 6948 3181 5907 655 2323 1226 1095
is_linear=0
shrinkage=0.1


Tree=72
num_leaves=32
num_cat=0
split_feature=3 60 43 10 92 21 18 92 41 69 60 69 55 94 27 57 35 35 71 9 16 84 49 53 55 54 92 42 88 72 77
split_gain=19.5156 39.827 41.221 62.1394 39.65 48.6927 36.0565 35.9747 35.6705 52.5708 46.2959 41.1121 45.8631 37.0806 34.8809 36.7465 34.3293 40.2461 40.0686 48.1465 47.3731 34.3234 34.1815 33.6342 32.1198 30.9275 48.7031 30.874 30.2372 29.8485 29.8425
threshold=53.500000000000007 4.5000000000000009 4.5000000000000009 2.5000000000000004 0.036530617831430807 0.69919202918152978 13.500000000000002 0.0099132083489972007 76.350000000000009 24.550000000000004 6.5000000000000009 77.450000000000017 47.350000000000001 0.15203591299309091 6.7500000000000009 11.500000000000002 -0.73606386548957459 -0.36260442350882821 -1.4999999999999998 1.0000000180025095e-35 34.050000000000004 39.500000000000007 1.1861538505877973 7.5000000000000009 231.55000000000004 52.250000000000007 0.028409148229976856 451.00000000000006 57.500000000000007 37.150000000000013 1.0653287370057913
decision_type=2 8 10 2 2 10 10 2 8 8 8 8 10 2 10 10 10 10 8 2 10 10 10 8 8 8 2 10 10 10 8
left_child=1 4 8 -4 5 -1 -6 22 9 -3 -10 12 27 16 -11 28 18 -18 -13 -20 -21 24 -2 -23 -15 26 -9 -12 -16 -22 -19
right_child=7 2 3 -5 6 -7 -8 25 10 14 11 13 -14 21 15 -17 17 30 19 20 29 23 -24 -25 -26 -27 -28 -29 -30 -31 -32
leaf_value=-0.069081312657542512 -0.10479207511342847 0.0095943966447492868 0.025542222519100644 -0.06339934571755583 0.018733961351245072 0.023477701686293137 0.077873018382109541 -0.1314740371491076 -0.080417107594494719 0.031047950323853903 0.068997140666089737 0.33425921909456929 0.10390631998231506 -0.14308728424457831 -0.035656122367765324 0.091186113047270728 -0.12306944275018789 0.066371279020846552 -0.06026371026682581 0.39083946103019884 -0.11497155192730363 0.13141658939979431 0.095531274327456561 -0.064357315632505838 -0.011366157181701258 -0.0001165030213255268 -0.013085831064743951 -0.060716083705163029 -0.12083998223755635 0.21491316148858794 -0.043523541033559446
leaf_weight=111.31477310135961 56.378494102042168 1001.2960690180771 117.89202670566738 235.40118863480166 1517.2001610947773 116.13258371362463 110.61035764263943 35.840127742383629 38.225035870913416 85.188069307710975 37.225230915471911 7.1325472462922335 130.15158624108881 35.78786641638726 434.00876741996035 21.039769546128809 18.515201651258394 87.094762101303786 14.856345859123392 6.8089152835309532 5.3197949992027116 19.780667799990624 10.033730807248501 15.773008911171926 38.350068266969174 25897.918773878831 1141.1591984529514 36.187441492453218 46.096226677298546 5.6621632743626833 34.498257452505641
leaf_count=814 1384 4633 607 2017 5693 556 415 541 461 380 199 36 734 654 4646 113 643 1025 711 90 382 140 68 331 1202 151615 6350 288 447 28 1771
internal_value=0 0.00621361 -0.00209675 -0.03372 0.0172879 -0.0218215 0.0227525 -0.00101733 0.00317569 -0.00433039 0.0256024 0.0338203 0.0682578 0.00961197 -0.0281101 -0.0381662 0.0375551 0.0142779 0.11954 0.0726292 0.183602 -0.0362132 -0.0745267 0.0445636 -0.0749506 -0.00083702 -0.0166908 0.00505737 -0.0438349 0.055113 0.035192
internal_weight=0 4327.55 2472.29 353.293 1855.26 227.447 1627.81 27141.3 2119 1587.63 531.369 493.144 203.564 289.58 586.333 501.145 179.888 140.108 39.7798 32.6472 17.7909 109.692 66.4122 35.5537 74.1379 27074.9 1177 73.4127 480.105 10.982 121.593
internal_count=188974 29016 21538 2624 7478 1370 6108 159958 18914 10219 8695 8234 1221 7013 5586 5206 4686 3439 1247 1211 500 2327 1452 471 1856 158506 6891 487 5093 410 2796
is_linear=0
shrinkage=0.1


Tree=73
num_leaves=32
num_cat=0
split_feature=44 44 31 81 54 9 53 18 30 39 17 82 57 92 30 69 58 17 88 49 1 49 85 76 13 94 15 81 58 72 65
split_gain=19.2914 30.593 19.4705 45.9733 52.4568 33.6795 30.5979 35.0717 38.3366 26.2496 33.0624 26.9981 25.8838 25.7816 23.1436 22.259 39.1014 45.7438 37.6735 41.2699 30.1113 29.9684 28.0998 27.9178 27.8435 26.4441 28.9028 28.4592 24.529 23.5932 32.0261
threshold=44.45000000000001 45.150000000000013 1.8750000000000002 145.00000000000003 53.500000000000007 2.5000000000000004 2.5000000000000004 2.5000000000000004 35.350000000000001 7.5000000000000009 3.7083333333333335 57.500000000000007 1.5000000000000002 0.21968832934880353 43.750000000000007 18.550000000000004 39.350000000000001 3.7083333333333335 14.500000000000002 1.0982810407099752 1.0000000180025095e-35 -0.8056298399761842 55.000000000000007 3.5000000000000004 30.550000000000004 0.20164429259575486 -2.4999999999999996 -154.99999999999997 35.050000000000004 38.650000000000013 1.0000000180025095e-35
decision_type=10 10 8 10 8 2 8 10 10 10 10 10 10 2 10 10 10 10 8 10 2 10 8 8 10 2 10 10 10 10 10
left_child=2 -2 3 5 -5 15 -6 8 -8 10 -9 -11 -12 14 -4 20 17 18 -17 24 22 -22 29 -24 -20 26 -23 -28 -27 -1 -31
right_child=1 -3 13 4 6 -7 7 9 -10 11 12 -13 -14 -15 -16 16 -18 -19 19 -21 21 25 23 -25 -26 28 27 -29 -30 30 -32
leaf_value=0.024603476453935354 0.14204898469658933 -0.015215506007646921 -0.0015745167538435733 -0.12264387734489818 -0.072564476780989193 0.050765837909043023 0.0068438504545029798 0.027516826010878577 -0.1222602547343213 0.070027031310507221 -0.1190936166442077 -0.02000364966360756 0.0057764212136015057 0.012274727791423539 -0.078880891316089677 0.064418893246031145 0.041775301662855167 -0.063754512388018103 -0.048000847845573742 0.044895373673133135 -0.081556884661715331 -0.031078813764255104 0.017734275544258046 0.082241643771493983 0.01414439908501444 0.02806282333231724 0.090426368516314415 0.019456889354479659 -0.026659654281108464 -0.071092985791223098 0.023522091547626665
leaf_weight=647.15199915715493 24.411370150744915 25.076553480001166 26568.587189758546 45.70702079962939 68.024879645556211 207.51484628487378 48.533452302217484 85.472562490031123 43.71908013895154 114.71232710685581 39.00867965631187 46.937178780790418 28.897370729595423 1391.7534215427004 38.782296957913786 75.069147860631347 146.7706962809898 150.40402809437364 233.80170952063054 97.895637349225581 42.322141667362303 71.682830975390971 120.27113789133728 151.73001302196644 104.23843411495909 111.85644869646057 79.973405910655856 192.54154332797043 305.98101537395269 66.45478022005409 77.492625250015408
leaf_count=2544 142 240 167541 351 397 769 157 368 252 427 324 251 149 4924 563 228 673 1001 1164 357 385 380 400 543 727 463 260 919 1424 376 275
internal_value=0 0.0623598 -0.000124962 0.00701619 -0.0203212 0.0119563 -0.0104815 -0.000112279 -0.0543394 0.0157675 -0.0138665 0.0438854 -0.0659553 -0.000993191 -0.0016872 0.00894635 -0.00491834 -0.0152799 -0.00101243 -0.0122799 0.0149466 0.000348284 0.0259919 0.0537183 -0.0288377 0.00489716 0.0254219 0.0402839 -0.0120103 0.0164588 -0.0201579
internal_weight=0 49.4879 31403.3 3404.16 521.013 2883.15 475.306 407.281 92.2525 315.028 153.379 161.65 67.9061 27999.1 26607.4 2675.64 808.18 661.409 511.005 435.936 1867.46 804.357 1063.1 272.001 338.04 762.035 344.198 272.515 417.837 791.099 143.947
internal_count=188974 382 188592 15564 2676 12888 2325 1928 409 1519 841 678 473 173028 168104 12119 4150 3477 2476 2248 7969 3831 4138 943 1891 3446 1559 1179 1887 3195 651
is_linear=0
shrinkage=0.1


Tree=74
num_leaves=32
num_cat=0
split_feature=88 84 72 94 94 91 82 32 15 83 62 84 58 17 76 25 45 62 4 4 0 88 68 16 45 84 72 13 17 55 84
split_gain=19.2656 36.8267 36.5576 29.3335 33.5817 25.7102 20.1548 18.9455 18.888 32.7655 32.3616 31.9919 39.2644 30.1246 43.267 28.785 22.5424 22.4327 38.2146 32.2786 31.4564 39.0117 37.8147 33.6448 39.7358 43.007 41.7446 34.1628 29.4605 28.6715 28.5392
threshold=7.5000000000000009 28.500000000000004 36.550000000000004 0.15087687902648531 0.20164429259575486 55.633333333333333 16.500000000000004 3.5000000000000004 15.500000000000002 355.00000000000006 5.5000000000000009 333.00000000000006 36.550000000000004 6.8750000000000009 2.0000000000000004 7.5000000000000009 6.8750000000000009 5.5000000000000009 5.5000000000000009 5.5000000000000009 13.500000000000002 48.500000000000007 54.500000000000007 33.550000000000004 5.291666666666667 22.500000000000004 35.250000000000007 3.1500000000000008 7.1250000000000009 7.8500000000000005 13.500000000000002
decision_type=8 10 10 2 2 2 10 10 10 8 8 10 10 10 8 10 8 10 2 2 2 10 8 10 10 10 8 10 10 8 8
left_child=1 3 -3 6 -5 -4 -1 -6 11 10 13 17 -13 -10 -15 -12 -17 18 -2 -19 23 22 -22 -20 -25 27 28 -26 -27 -29 -21
right_child=8 2 5 4 7 -7 -8 -9 9 -11 15 12 -14 14 -16 16 -18 19 20 30 21 -23 -24 24 25 26 -28 29 -30 -31 -32
leaf_value=0.0075632136036698485 0.00014071512312533357 -0.14231017446986935 -0.086795941358638343 0.069253717819403135 0.025575555083886887 0.034945116956143489 -0.12069478732185684 -0.064957753257362166 0.0095730011544380572 -0.078663629276308558 0.013799801826327316 -0.15222003454629135 -0.0067703091650428184 -0.02656020170280414 0.074851814875824291 -0.17888968551709084 -0.027551831362576801 0.026699691771767921 0.035275426837618445 0.057216293525263973 -0.15784739543183152 0.00097797141242636737 -0.046172396691554318 -0.0026667614503020844 0.00078131016789443871 -0.10644640679453386 0.0033135769850354707 -0.17003919252548316 -0.021288255022142648 -0.066273138266591605 0.00098460051125544615
leaf_weight=21.066027006600052 24506.973253789241 43.463149061659351 34.37083010096103 75.909646305255592 45.4228640422225 35.024449143558741 29.283400201238692 47.065352771431208 337.44062168523669 34.720840006601065 53.475521564949304 30.688243996351957 46.961276191286743 52.521005196496844 211.43326378474012 18.58816782431677 20.919348187511787 699.39913263451308 154.37191085284576 93.235004597343504 44.706599939614534 95.263144239783287 94.232866861391813 1177.5887856378686 37.832446030341089 73.761307314038277 296.3252751622349 45.589213293045759 90.4286023741588 64.023171493783593 2825.4825907060876
leaf_count=157 153607 432 305 326 138 180 323 277 1527 356 386 312 330 330 1033 200 270 2443 572 455 329 406 575 5110 128 427 1373 335 426 470 15436
internal_value=0 -0.0239987 -0.0703941 -6.19266e-05 0.0199615 -0.0253521 -0.0670321 -0.020495 0.00023296 0.0161386 0.0208789 -0.000148803 -0.0642542 0.0293676 0.0546731 -0.0340239 -0.0987558 1.54836e-05 -0.000986509 0.00740448 -0.0136927 -0.0483112 -0.0821061 -0.00951329 -0.0133856 -0.0341473 -0.0190977 -0.0811518 -0.059545 -0.109431 0.00278086
internal_weight=0 331.606 112.858 218.747 168.398 69.3953 50.3494 92.4882 31106 729.099 694.378 30376.9 77.6495 601.395 263.954 92.983 39.5075 30299.2 26681.1 3618.12 2174.12 234.203 138.939 1939.92 1785.55 607.96 460.515 147.445 164.19 109.612 2918.72
internal_count=188974 2138 917 1221 741 485 480 415 186836 4102 3746 182734 642 2890 1363 856 470 182092 163758 18334 10151 1310 904 8841 8269 3159 2226 933 853 805 15891
is_linear=0
shrinkage=0.1


Tree=75
num_leaves=32
num_cat=0
split_feature=82 67 84 32 84 26 14 92 48 20 84 13 11 44 70 59 55 31 53 39 61 72 52 87 46 27 46 27 21 16 91
split_gain=17.7546 56.3643 43.0023 38.6446 59.8984 30.8155 29.9131 29.0164 26.9236 30.4063 38.097 35.3138 33.5705 32.7841 26.235 25.031 21.5944 21.3145 31.7906 20.6534 30.3195 32.8024 34.3535 32.604 31.7456 39.7556 32.5615 30.3802 30.9154 30.3153 34.4353
threshold=175.50000000000003 5.5000000000000009 27.500000000000004 6.5000000000000009 27.500000000000004 52.250000000000007 479.00000000000006 0.11236284162244646 6.5000000000000009 4.5000000000000009 55.500000000000007 9.4500000000000011 6.5000000000000009 37.850000000000001 493.00000000000006 2.5833333333333335 5.6500000000000012 2.1250000000000004 5.5000000000000009 10.500000000000002 2900.0000000000005 34.45000000000001 2.5000000000000004 -314.99999999999994 2.5000000000000004 6.9500000000000011 5.5000000000000009 59.650000000000013 0.55273734605182534 41.550000000000004 56.612500000000004
decision_type=10 10 8 10 10 10 10 2 10 10 8 10 10 10 10 8 8 8 8 8 8 10 10 8 10 10 10 10 10 10 2
left_child=19 2 15 7 -5 -3 -6 17 9 10 11 14 -11 -12 -7 -2 -17 -4 -19 20 -1 22 23 -22 -25 26 -26 28 -27 -21 -31
right_child=1 5 3 4 6 8 -8 -9 -10 12 13 -13 -14 -15 -16 16 -18 18 -20 29 21 -23 -24 24 25 27 -28 -29 -30 30 -32
leaf_value=-0.00072209973151721629 0.033816881717864573 0.04299168561299993 0.035565284568646466 0.20576381815211306 0.088718752396364647 -0.07539765128475108 -0.030208374337526069 0.053368179155686861 0.010644951469474867 -0.19656273056510598 -0.036442488700918922 -0.12634789471757915 -0.065312555451318255 0.080293984700106832 0.027764445435045561 0.012227121625820521 -0.091074180728427587 -0.0024795595244418659 -0.12858642818703972 0.0050009597694586844 0.059138616780677881 -0.11847280542954426 0.082419050734806792 0.012921048903463871 -0.21236058995790247 -0.00030204508665080586 -0.042818856285863183 -0.10923750952694995 -0.11401773845124344 -0.080600281527935108 0.087101512327118102
leaf_weight=21032.174073551199 38.074724862352014 42.898173319641501 39.60475355014205 27.910286437021568 48.818142098141834 59.263553524389863 37.315872005652636 77.583319146186113 70.414690628647804 28.742286739870906 63.321119809057564 66.256231808103621 60.522472330369055 38.797917583957314 42.208543792366982 28.327729683369398 70.845639932784252 49.304757767356932 33.622529226588085 8901.9261103213066 40.261791309341788 35.6111278263852 31.220981624908745 99.162350847851485 25.799160399008542 154.82743657263927 20.195356250507757 45.408678497420624 28.273238471709192 75.334651069715619 14.620390199357642
leaf_count=113701 172 212 144 230 333 307 304 209 333 292 356 736 385 165 138 113 711 212 402 59633 140 287 342 497 324 2178 258 2785 890 2094 91
internal_value=0 -0.0136788 0.0115901 0.0319905 0.0784499 -0.0378236 0.0371959 0.00551372 -0.0458949 -0.0569812 -0.0402454 -0.0695635 -0.107574 0.00790901 -0.0324861 -0.0351063 -0.0615674 -0.0247862 -0.0536091 0.00039255 -0.00128969 -0.0261204 -0.0187324 -0.0263618 -0.0355743 -0.0530929 -0.137918 -0.0360193 -0.0178613 0.00441728 -0.0533437
internal_weight=0 923.833 451.408 314.16 114.044 472.425 86.134 200.115 429.527 359.112 269.847 167.728 89.2648 102.119 101.472 137.248 99.1734 122.532 82.9273 30504.8 21512.9 480.76 445.149 413.928 373.666 274.504 45.9945 228.509 183.101 8991.88 89.955
internal_count=188974 5754 2830 1834 867 2924 637 967 2712 2379 1702 1181 677 521 445 996 824 758 614 183220 121402 7701 7414 7072 6932 6435 582 5853 3068 61818 2185
is_linear=0
shrinkage=0.1


Tree=76
num_leaves=32
num_cat=0
split_feature=14 58 3 70 32 37 59 82 37 78 85 88 30 42 48 84 58 72 27 27 92 70 55 69 2 10 45 91 10 23 13
split_gain=17.5323 21.6794 17.8027 42.6713 42.0376 29.5974 36.5873 36.9777 39.4024 28.8973 28.9874 27.9377 46.1194 43.1637 47.4865 43.8419 38.5702 37.9597 37.4875 45.7824 56.2892 34.1647 42.3697 37.908 51.7014 33.6898 33.666 33.0641 33.4406 32.2884 32.1151
threshold=395.00000000000006 35.45000000000001 52.250000000000007 399.00000000000006 1.5000000000000002 1.0000000180025095e-35 9.8750000000000018 63.500000000000007 1.5000000000000002 1.0000000180025095e-35 -154.99999999999997 105.50000000000001 34.45000000000001 451.00000000000006 2.0000000000000004 6.5000000000000009 38.050000000000004 45.050000000000004 175.35000000000005 361.35000000000008 0.087641885855010315 419.00000000000006 61.95000000000001 37.850000000000001 3.5000000000000004 1.5000000000000002 6.291666666666667 52.45000000000001 2.5000000000000004 2.5000000000000004 87.450000000000017
decision_type=8 8 2 10 8 10 10 10 10 10 10 8 8 8 10 10 8 8 10 10 2 8 8 10 2 2 10 2 2 10 10
left_child=1 -1 3 4 -2 9 -7 8 -8 -5 -11 17 -13 14 15 -14 26 25 21 20 -20 -16 23 24 -23 -4 -17 -27 30 -24 -29
right_child=2 -3 11 5 -6 6 7 -9 -10 10 -12 12 13 -15 18 16 -18 -19 19 -21 -22 22 29 -25 -26 27 -28 28 -30 -31 -32
leaf_value=0.0092821206110252873 0.11746489675054722 -0.10755518292825193 -0.016569581828052141 0.0070766885681411429 -0.075345615334172014 0.0062012477653365632 -0.12675826786528507 0.024637750266825981 -0.0038676367503756868 0.080257756037198535 0.025713396313014295 0.01815557466056 0.065002172031172464 0.0036693200849758642 0.014296247505693811 0.062971491102978158 -0.07596234253426136 -0.071452914917524729 -0.049304161636979343 0.24001725813311375 0.17221492271279554 -0.042001004608150191 -0.088382633262662033 0.023123396366113332 0.012026758972598937 -0.047910844869786362 -0.023554100062725455 0.019183420350198387 -0.0023665332191907078 0.064707599532983828 -0.050863865248463383
leaf_weight=30.071871611755341 12.804130820557473 33.654501192271709 1632.0204443093389 765.88255928829312 96.758599705761299 802.59473451646045 66.814560325350612 50.516008266247809 42.806173166725785 119.45969552639872 528.4409974119626 1732.1313879475929 134.54643269465305 8360.0473182821879 208.02948872116394 84.155991804786026 59.714951251400635 81.21755256340839 38.695624826126732 10.97980642877519 16.304358405526727 768.71379338041879 159.68010418454651 158.26478655915707 230.1489996961318 151.59639131859876 96.567950338125229 1122.0646638888866 13735.333131164545 15.077795423800124 69.507007186301053
leaf_count=240 48 851 8128 4209 4161 3968 777 289 287 433 2552 8310 1292 61053 1364 287 709 1435 1098 215 79 5535 3486 1058 1200 959 586 4657 68546 221 941
internal_value=0 -0.0524208 8.43139e-05 0.0082041 -0.0528127 0.0110171 -0.00250658 -0.0461497 -0.0787703 0.0202262 0.0357703 -0.00061503 0.00305399 0.000524437 -0.0127481 0.019293 -0.0062853 -0.00325301 -0.0202299 0.0535822 0.0163636 -0.0233925 -0.0292792 -0.0223477 -0.0295524 -0.00292154 0.0167374 -0.00144435 -0.000972437 -0.0751743 0.0150974
internal_weight=0 63.7264 31350.9 2486.08 109.563 2376.51 962.731 160.137 109.621 1413.78 647.901 28864.8 12073.1 10340.9 1980.88 374.985 240.439 16791.7 1605.89 65.9798 55 1539.91 1331.89 1157.13 998.863 16710.5 180.724 15078.5 14926.9 174.758 1191.57
internal_count=188974 1091 187883 16724 4209 12515 5321 1353 1064 7194 2985 171159 86493 78183 17130 2874 1582 84666 14256 1392 1177 12864 11500 7793 6735 83231 873 75103 74144 3707 5598
is_linear=0
shrinkage=0.1


Tree=77
num_leaves=32
num_cat=0
split_feature=27 44 35 82 33 31 27 35 11 60 69 84 41 16 69 53 31 18 29 77 43 92 53 44 3 55 84 92 94 24 60
split_gain=16.7741 29.7233 33.6599 20.9219 49.1339 43.4908 39.4533 38.3087 37.8463 36.147 33.6054 32.051 48.2765 39.6474 39.9763 39.8163 38.9651 32.8613 43.6099 38.2064 31.8693 29.7226 34.9847 34.3483 32.9469 29.2222 35.3751 28.5646 44.0886 35.3966 33.1694
threshold=2.1500000000000008 37.850000000000001 -0.49441363832556201 97.500000000000014 1175.0000000000002 12.875000000000002 76.050000000000011 0.76875800366813973 7.5000000000000009 5.5000000000000009 34.550000000000004 69.500000000000014 9.3500000000000032 42.050000000000004 20.050000000000004 1.5000000000000002 10.41666666666667 8.5000000000000018 -1.4999999999999998 0.71383749749450043 -1.0000000180025095e-35 0.030160516875320256 3.5000000000000004 38.050000000000004 55.750000000000007 3.4500000000000006 48.500000000000007 0.097121110556837323 0.17251791819238846 1.0000000180025095e-35 5.5000000000000009
decision_type=8 10 10 10 10 10 10 10 10 10 8 8 8 10 10 10 10 10 10 8 10 2 10 10 2 10 10 2 2 10 10
left_child=1 -1 -3 -2 8 11 20 10 9 -5 -8 13 17 14 16 -16 25 19 -19 -13 -7 22 -14 -23 -25 26 -6 28 -27 30 -30
right_child=3 2 -4 4 5 6 7 -9 -10 -11 -12 12 21 -15 15 -17 -18 18 -20 -21 -22 23 -24 24 -26 27 -28 -29 29 -31 -32
leaf_value=0.017630810913646763 0.0004462052911178679 -0.096942349952673978 -0.0019951979209167597 -0.11863187300473686 -0.018613154524673634 -0.061997475430007581 0.12729282797762362 0.22899337296384958 -0.16553611833891524 0.046077315635202253 -0.037546623717741562 0.014253619382854285 0.21180516388905565 0.075889483915165507 0.034410946050279688 -0.047761505964183895 -0.064834164752793785 0.0052982034674835671 -0.12716570178102218 -0.075132247641059469 0.032128972540457844 0.0047208524801670686 0.020473822926794786 0.0038669689446587507 0.11626467943755214 0.018033038718980612 -0.1174441641370996 0.021858254933329421 0.0097722678050978437 -0.07922349297421627 -0.062269713430669615
leaf_weight=1108.4883790151216 26580.805698864977 47.730660132598132 171.47926049726084 24.742906737606972 245.66482248646207 46.619739026296884 28.248637760989368 16.94575914926827 33.408404539106414 28.871164788026363 21.999213189585134 268.77912231534719 18.75594551442191 46.443345015635714 65.996814601123333 553.57836090563796 116.02461715508252 45.482113280333579 54.797818125225604 58.167360573075712 157.47453527525067 300.25858019222505 19.484614606481045 44.007623269688338 64.016506002284586 314.56297345436178 42.479390483116731 458.37507567601278 198.29741636407562 113.56295947590843 94.30258334800601
leaf_count=3734 163495 275 637 385 1350 404 128 190 559 168 455 853 206 337 340 4189 897 232 446 303 791 2050 187 362 280 1783 303 1491 823 698 623
internal_value=0 0.0109771 -0.0226689 -0.000508525 -0.00779808 -0.00589588 0.0325098 0.0989725 -0.0819936 -0.029936 0.0551238 -0.00923206 0.00702197 -0.015546 -0.0174738 -0.0390085 -0.00904668 -0.0170088 -0.0670865 -0.00164911 0.0106284 0.0300142 0.114317 0.0221183 0.0704753 -0.0046352 -0.0331832 0.00234125 -0.0100714 -0.0318376 -0.0134463
internal_weight=0 1327.7 219.21 30062.2 3481.35 3394.33 271.288 67.1936 87.0225 53.6141 50.2479 3123.04 873.75 2249.29 2202.85 619.575 1583.27 427.226 100.28 326.946 204.094 446.523 38.2406 408.283 108.024 1467.25 288.144 1179.1 720.726 406.163 292.6
internal_count=188974 4646 912 184328 20833 19721 1968 773 1112 553 583 17753 4919 12834 12497 4529 7968 1834 678 1156 1195 3085 393 2692 642 7071 1653 5418 3927 2144 1446
is_linear=0
shrinkage=0.1


Tree=78
num_leaves=32
num_cat=0
split_feature=8 25 54 86 63 16 17 43 2 44 89 18 73 11 15 85 31 16 89 9 38 45 44 72 11 77 73 93 55 21 93
split_gain=16.4581 30.9302 33.0699 30.6782 29.2462 25.9881 49.9908 41.9969 62.8484 52.2918 41.4414 32.2423 31.9873 31.7234 40.9424 44.918 30.907 32.8396 36.7711 35.9185 31.1716 33.141 37.2899 31.2063 30.7623 30.9129 49.4875 41.4594 40.708 30.5129 29.0181
threshold=1.0000000180025095e-35 14.500000000000002 52.250000000000007 147.50000000000003 1.1861538505877973 37.250000000000007 6.291666666666667 4.5000000000000009 4.5000000000000009 37.95000000000001 -254.99999999999997 15.500000000000002 12.583333333333334 11.500000000000002 1.5000000000000002 95.000000000000014 12.708333333333334 36.750000000000007 -1.0000000180025095e-35 1.5000000000000002 1.5000000000000002 4.291666666666667 40.250000000000007 33.250000000000007 5.5000000000000009 0.20856884069701948 4.291666666666667 0.091327601207840711 13.050000000000002 -1.3804644712602745 0.17685633575464083
decision_type=2 10 8 10 8 10 10 8 2 8 8 10 10 10 10 10 8 10 10 2 10 8 10 8 10 10 10 2 10 8 2
left_child=1 -1 -3 4 -4 10 12 11 -9 -10 -2 13 -7 24 15 -15 20 19 -19 29 21 -12 23 30 25 -8 -27 -28 -29 -18 -23
right_child=5 2 3 -5 -6 6 7 8 9 -11 16 -13 -14 14 -16 -17 17 18 -20 -21 -22 22 -24 -25 -26 26 27 28 -30 -31 -32
leaf_value=-0.0026985271106932558 0.046376950354575994 -0.046445643958049593 0.0070814133197130442 0.075686690251132657 0.054068946036113397 0.0028468243745376396 -0.022534639313793653 -0.089128246962877522 -0.084944023340902342 0.086151893432598117 0.010486504372535394 0.082739758713877606 0.049482900287535825 -0.046881072856797761 0.054754094767436895 0.069548153208903632 0.096814232251618185 0.17966855814391913 0.043545651454124978 0.056971367712137171 0.022578913305495423 -0.13961602096165943 -0.11026353242764574 -0.0039360798933561853 -0.039191872666293884 0.10584027022216154 0.071379970285269254 0.015663661502141473 -0.13561455162429734 -0.010542102424219168 -0.017729918274927828
leaf_weight=19610.984866230516 264.15533399628475 91.959979207487777 1278.2663510832936 79.74277691077441 147.78040952747688 2664.253386152559 304.89787710143719 167.90370178886224 28.938820451730862 46.672240653540939 1748.2789041094948 36.579311705194414 155.66638209670782 130.98324830201454 142.40290619805455 44.357047065393999 28.920374207664281 26.621969734318554 77.952010208275169 151.92829304584302 711.91771051287651 32.800540733616799 34.821523675695062 2349.3308914464433 486.85361789329909 57.831979598850012 41.73220302676782 38.615816367324442 32.979761944152415 313.04038868122734 48.287837771698833
leaf_count=118149 1065 677 6785 276 1456 14363 2720 3323 328 450 7459 418 609 1413 830 257 106 360 445 1012 3900 298 320 13124 4617 178 360 168 382 2931 195
internal_value=0 -0.0016085 0.0117707 0.015326 0.0119507 0.00328487 -0.00252612 -0.0168852 -0.0550367 0.0206679 0.0076829 -0.00983221 0.00542125 -0.0124763 0.0149223 -0.0174272 0.00583253 0.0272915 0.0781992 0.0165125 0.00322516 -4.48519e-05 -0.00751339 -0.00604125 -0.0215174 -0.0034421 0.0305687 -0.00784298 -0.0540211 -0.00146274 -0.0670333
internal_weight=0 21208.7 1597.75 1505.79 1426.05 10168.7 4380.67 1560.75 243.515 75.6111 5788.06 1317.23 2819.92 1280.65 317.743 175.34 5523.9 598.463 104.574 493.889 4925.44 4213.52 2465.24 2430.42 962.911 476.058 171.16 113.328 71.5956 341.961 81.0884
internal_count=188974 127343 9194 8517 8241 61631 30416 15444 4101 778 31215 11343 14972 10925 2500 1670 30150 4854 805 4049 25296 21396 13937 13617 8425 3808 1088 910 550 3037 493
is_linear=0
shrinkage=0.1


Tree=79
num_leaves=32
num_cat=0
split_feature=4 20 82 13 35 37 32 76 87 53 21 49 55 0 86 25 88 60 27 69 2 27 27 21 52 83 70 30 93 72 55
split_gain=16.5732 33.0812 28.699 33.208 34.0264 36.611 32.1114 36.5145 39.0583 30.06 45.7107 42.7864 38.8198 31.353 29.7407 59.128 28.3306 26.3835 25.9022 45.6203 25.2313 24.3844 23.3179 39.9724 47.2137 30.3426 29.6573 44.2997 29.0505 22.9204 22.8161
threshold=6.5000000000000009 6.5000000000000009 33.500000000000007 117.55000000000001 -0.53102730910798812 1.0000000180025095e-35 5.5000000000000009 6.5000000000000009 95.000000000000014 9.5000000000000018 1.2154447872137384 -0.71409566302011884 41.350000000000001 7.5000000000000009 43.500000000000007 9.5000000000000018 56.500000000000007 4.5000000000000009 15.850000000000003 12.850000000000003 2.5000000000000004 3.9500000000000006 238.05000000000004 -0.72507976425484688 1.0000000180025095e-35 245.00000000000003 461.00000000000006 39.150000000000013 0.083004200132635722 35.050000000000004 6.2500000000000009
decision_type=2 10 8 10 8 10 10 10 10 8 10 10 10 2 10 10 8 10 10 8 2 8 10 10 8 10 8 10 2 10 10
left_child=1 22 3 4 5 -2 14 -8 17 11 12 18 13 -11 16 -16 -6 -9 19 29 -3 -18 -1 24 25 28 27 -25 -24 -4 -15
right_child=2 20 9 -5 6 -7 7 8 -10 10 -12 -13 -14 30 15 -17 21 -19 -20 -21 -22 -23 23 26 -26 -27 -28 -29 -30 -31 -32
leaf_value=0.00050429317038726501 -0.12365365009003444 -0.037585186060820001 -0.10485079609309629 0.069694913183621587 0.058409728338359085 -0.020538535647489125 -0.11435969947848645 0.012472898913970796 0.073103495021506246 0.016869258172090531 -0.11921115602323643 0.013930682123965555 -0.083916988187238195 -0.0027428440672500644 -0.14876384422473174 0.020506350361153544 -0.068815706883416913 -0.10162637624830069 -0.097212187639787867 0.057612284567453757 0.030216374836428413 0.013343117731325941 0.23925729713219651 -0.045283827688966022 -0.11655785277053675 -0.01677594697642161 -0.085370183573930447 0.10987425085546161 0.058896507831455364 -0.012031455783576547 -0.058552854645996445
leaf_weight=27537.140430745902 71.273309801705182 60.860672060633078 47.962455936707556 35.533437385223806 96.179525107145309 66.613519409671426 62.772752608172596 33.888033926486969 32.621497189626098 334.18216569768265 42.041720241308212 1241.992204581853 67.501287720631808 163.01391055015847 36.653801705688238 47.223332047462463 49.201360560953617 50.416179705411196 50.311057377140969 56.458054562099278 559.0822042087093 135.92000325070694 15.01244458905421 86.096304584527388 16.055522438604385 21.772713698912412 111.62374546169303 23.403469800017774 22.04284609737806 59.741168648004532 133.02954418631271
leaf_count=164739 567 328 277 342 337 355 501 155 161 1525 315 5337 664 857 261 189 231 444 463 190 1894 554 210 1599 442 288 3931 374 275 266 903
internal_value=0 0.000713087 -0.00720455 -0.024556 -0.0294612 -0.0738384 -0.018231 -0.0528377 -0.019809 -0.0015296 -0.0179452 0.00680823 -0.0118434 -0.00412388 -0.00120158 -0.0534637 0.0143817 -0.0557615 -0.0344372 -0.0151984 0.0235602 -0.00849297 0.000204201 -0.027713 0.0354341 0.0769162 -0.0490978 -0.0121218 0.131967 -0.0533657 -0.0278215
internal_weight=0 28453.1 2914.53 718.297 682.763 137.887 544.876 179.698 116.926 2196.23 739.769 1456.46 697.727 630.226 365.178 83.8771 281.301 84.3042 214.473 164.162 619.943 185.121 27833.1 296.007 74.8835 58.828 221.124 109.5 37.0553 107.704 296.043
internal_count=188974 174080 14894 4097 3755 922 2833 1261 760 10797 4264 6533 3949 3285 1572 450 1122 599 1196 733 2222 785 171858 7119 1215 773 5904 1973 485 543 1760
is_linear=0
shrinkage=0.1


Tree=80
num_leaves=32
num_cat=0
split_feature=82 85 19 56 27 14 17 29 0 58 45 41 13 66 17 45 72 46 29 63 11 40 49 11 49 16 38 21 21 69 59
split_gain=16.0991 35.4789 30.4061 31.2995 30.3419 30.302 31.0271 31.4894 42.7685 30.4997 30.4761 30.2615 58.6449 34.886 48.6118 50.306 43.1423 45.0275 37.6137 35.3796 30.8594 32.5293 44.9136 30.7334 48.1462 30.0132 26.8477 26.7012 38.8433 32.3678 35.1534
threshold=15.500000000000002 670.00000000000011 1175.0000000000002 493.00000000000006 5.7500000000000009 499.00000000000006 11.875000000000002 -1.0000000180025095e-35 7.5000000000000009 36.95000000000001 2.416666666666667 179.75000000000003 198.15000000000001 1.0000000180025095e-35 5.8750000000000009 11.583333333333334 34.750000000000007 6.5000000000000009 -3.4999999999999996 0.10238919542798371 10.500000000000002 54.500000000000007 -0.12827693050130076 7.5000000000000009 0.058452790489072211 37.45000000000001 1.0000000180025095e-35 1.5156768876296327 1.2483970909179216 10.850000000000003 9.4166666666666696
decision_type=8 8 8 10 10 10 10 10 2 8 10 10 10 8 10 10 8 10 10 8 10 10 10 10 10 10 10 10 10 10 10
left_child=1 5 3 27 -5 11 7 8 9 -7 -10 13 23 -1 19 16 -16 20 -19 25 21 -18 -23 -13 -25 -15 -8 28 -2 -29 -31
right_child=2 -3 -4 4 -6 6 26 -9 10 -11 -12 12 -14 14 15 -17 17 18 -20 -21 -22 22 -24 24 -26 -27 -28 29 -30 30 -32
leaf_value=-0.0031562064191041888 -0.019491237795637908 -0.081702920339777246 0.0015271280680651503 -0.0049491538287743291 -0.11575796171589699 0.056512544727257454 0.015514213863664564 0.017001892148851925 0.0045339186366948545 -0.033176051480570727 -0.11530074613593609 0.094448613576748511 -0.11286981749103671 -0.0022832483543775324 0.046928269836186282 -0.11850560401833968 -0.0021674722802424657 -0.012141557756870808 -0.12119190666294868 0.010965140462639113 0.029584600446996536 -0.17618598213945702 -0.030341878509403949 0.082448683731892472 -0.10474159557163357 -0.067215720023505607 0.11253044241072846 0.032517319552648728 -0.13363704022691289 -0.051422660691561255 0.045398297794781307
leaf_weight=2552.7167073010933 156.80584092065692 59.881592354155146 25601.669310972793 41.589201753027737 60.891375767067075 70.134268128313124 61.802493025083095 624.20019246242009 31.267567928880453 82.536693668924272 66.05896338657476 87.697644532425329 23.49982070713304 145.59077344927937 58.91117637604475 80.819536043098196 94.334936517989263 45.275841947179288 104.93996667000465 451.98927880637348 85.637777790427208 34.295094730332494 54.94505825266242 30.989168440690264 24.685592284193262 139.28826204640791 52.974715325050056 198.3981537478976 36.810918496223167 138.61963223945349 51.406414776109159
leaf_count=13329 1233 1528 154666 165 533 264 440 2731 128 474 504 640 897 607 264 988 485 401 1334 2040 392 316 305 246 326 812 233 974 503 914 302
internal_value=0 -0.00518634 0.000970998 -0.0198287 -0.070789 -0.00427079 0.0114088 0.00499078 -0.0249989 0.00802526 -0.0768021 -0.00813239 0.0335581 -0.00993999 -0.0233016 -0.0455343 -0.0332052 -0.0444604 -0.0883236 -0.0064308 -0.0199855 -0.04311 -0.0863899 0.0575587 -0.00054948 -0.0340312 0.0602915 -0.0108561 -0.0411929 0.00426582 -0.0252304
internal_weight=0 5064.47 26286.2 684.522 102.481 5004.59 988.975 874.198 249.997 152.671 97.3265 4015.62 166.872 3848.74 1296.03 559.159 478.34 419.429 150.216 736.868 269.213 183.575 89.2402 143.372 55.6748 284.879 114.777 582.041 193.617 388.424 190.026
internal_count=188974 29684 159290 4624 698 28156 4774 4101 1370 738 632 23382 2109 21273 7944 4485 3497 3233 1735 3459 1498 1106 621 1212 572 1419 673 3926 1736 2190 1216
is_linear=0
shrinkage=0.1


Tree=81
num_leaves=32
num_cat=0
split_feature=0 70 17 43 88 32 60 25 88 71 13 21 88 32 62 15 15 17 74 74 32 53 91 70 66 59 0 83 72 44 17
split_gain=15.8459 27.9729 22.8899 34.8261 27.4573 30.6544 19.0303 17.9882 24.6568 30.6695 28.3215 38.36 33.6175 39.8921 28.4482 26.074 39.9711 30.5715 32.7245 30.1145 33.1727 28.2148 31.9757 25.4336 24.6749 23.8087 23.4194 29.3439 27.7889 26.0004 28.133
threshold=16.500000000000004 425.00000000000006 5.1250000000000009 3.5000000000000004 85.500000000000014 5.5000000000000009 3.5000000000000004 3.5000000000000004 182.50000000000003 -1.4999999999999998 165.05000000000004 -0.19418153790966794 34.500000000000007 10.500000000000002 3.5000000000000004 -2.4999999999999996 -5.4999999999999991 6.291666666666667 8.5000000000000018 3.5000000000000004 8.5000000000000018 14.500000000000002 55.125000000000007 467.00000000000006 1.5000000000000002 9.2916666666666696 1.5000000000000002 -134.99999999999997 34.350000000000001 35.550000000000004 3.291666666666667
decision_type=2 10 10 10 8 10 10 8 10 10 10 10 8 10 10 10 10 10 10 10 10 10 2 8 10 8 2 8 10 10 10
left_child=7 -2 3 6 5 -4 -3 8 10 -10 15 12 -12 14 -14 16 19 25 -19 20 -1 -17 23 -23 -21 -18 27 28 -9 -30 -31
right_child=1 2 4 -5 -6 -7 -8 26 9 -11 11 -13 13 -15 -16 21 17 18 -20 24 -22 22 -24 -25 -26 -27 -28 -29 29 30 -32
leaf_value=-0.015600521442409324 -0.11646735198763597 -0.039407215023867515 -0.024248879448688018 0.032638081396066769 -0.050905735040566918 0.087160093941841765 -0.14850936478081836 -0.12854202815100499 0.087695902169187712 -0.0061090606917656633 -0.1176820289611642 -0.10490690506959494 0.015911202981425291 -0.088605464053657587 0.18164209721714122 0.00080212998699660072 -0.0089787326741789207 -0.094306219989297932 -0.0044902323873035228 0.016512770741503102 -0.10842174522615462 -0.043649962308757895 -0.0015357644376101163 -0.15290886722356786 -0.044673794529498143 -0.091124248140750097 0.0022939123712013721 -0.0041185426547987727 0.013319033881222644 0.0033815742684407523 -0.086739000415407608
leaf_weight=268.16031456831843 29.184834255836904 32.04636452998966 42.189060211181641 33.01051790220663 47.811304324073717 59.569210084155202 31.903683001175523 31.304554312722757 64.577194820158184 75.725618108175695 19.08871596865356 66.48613207146991 23.770143302157521 18.329590155044571 18.355269021820277 4711.3643110271078 283.90507267229259 143.427569353953 56.56488026259467 545.21214363304898 44.957241634838283 67.551192498765886 121.90290817152709 31.121259171515703 74.971969781443477 40.290384074673057 22687.596922740573 1421.8208700298565 92.3531853267923 54.284467880614102 95.716378123033792
leaf_count=1279 602 156 186 120 396 281 283 361 243 412 446 1909 372 586 122 26242 1251 1104 391 2587 580 378 568 253 464 299 137957 7791 390 218 747
internal_value=0 -0.023892 -0.0129327 -0.0507779 0.011601 0.0409698 -0.0938366 0.000187457 -0.00441188 0.0370666 -0.00530234 -0.0488465 -0.00198884 0.0345414 0.088125 -0.00430714 -0.0160583 -0.0381555 -0.0689031 -0.00364738 -0.0289277 -0.000834441 -0.0357907 -0.0781102 0.00911613 -0.0191876 0.00144669 -0.00989012 -0.039877 -0.0284242 -0.0541249
internal_weight=0 275.715 246.53 96.9606 149.57 101.758 63.95 31058.8 6675.76 140.303 6535.46 146.03 79.5437 60.455 42.1254 6389.43 1457.49 524.188 199.992 933.302 313.118 4931.94 220.575 98.6725 620.184 324.195 24383.1 1695.48 273.659 242.354 150.001
internal_count=188974 2024 1422 559 863 467 439 186950 39486 655 38831 3435 1526 1080 494 35396 7955 3045 1495 4910 1859 27441 1199 631 3051 1550 147464 9507 1716 1355 965
is_linear=0
shrinkage=0.1


Tree=82
num_leaves=32
num_cat=0
split_feature=2 89 69 35 94 0 47 49 90 56 16 25 73 70 16 64 82 84 41 35 54 13 69 82 21 27 90 31 82 58 67
split_gain=15.9004 37.2042 34.0129 30.5426 38.7526 36.7407 32.9102 25.1877 38.326 31.1702 45.3853 44.911 42.7226 35.613 34.0906 34.8908 30.882 29.2441 38.8329 28.2854 28.0835 44.1989 35.6108 34.3099 30.6277 27.9728 27.7939 27.2949 31.307 26.5646 25.9495
threshold=5.5000000000000009 425.00000000000006 206.55000000000004 -0.94842315602764626 0.15231033966089658 10.500000000000002 1650.0000000000002 1.123910610257673 105.50000000000001 499.00000000000006 36.650000000000013 7.5000000000000009 6.8750000000000009 495.00000000000006 37.150000000000013 1.0000000180025095e-35 85.500000000000014 69.500000000000014 13.750000000000002 0.22321430900998987 56.250000000000007 79.65000000000002 87.250000000000014 47.500000000000007 0.24884387855768828 105.55000000000001 1.0000000180025095e-35 3.416666666666667 83.500000000000014 37.250000000000007 5.5000000000000009
decision_type=2 8 10 10 2 2 10 10 10 10 10 10 10 10 10 10 10 10 10 10 10 10 10 10 10 10 10 10 10 10 10
left_child=-1 2 7 5 6 -3 -5 9 16 11 -11 13 29 20 17 -16 25 18 -13 30 22 24 -2 -23 -22 -9 -14 -17 -29 -12 -19
right_child=1 3 -4 4 -6 -7 -8 8 -10 10 12 14 26 -15 15 27 -18 19 -20 -21 21 23 -24 -25 -26 -27 -28 28 -30 -31 -32
leaf_value=0.00065062623973666809 -0.041204342488727445 0.021084542088670461 -0.11487609394547277 0.059220267181353092 0.027576606924251693 -0.11308645289159613 0.25453615221420256 0.0016392160627739891 0.099840689777567368 0.023924242601807463 -0.060314691101714883 -0.036250194679620797 -0.0070569999192507549 -0.085550848882406716 0.071349672495218119 0.033507049719098375 -0.081680000255688306 0.062832941498426706 -0.11358393554568343 -0.10683864404577226 0.017043082040631468 0.0032586426066335164 0.072635719764993764 0.16893720937674858 -0.059922512099904915 0.098489747735874905 -0.1262302111793322 -0.10050479258641075 0.026643405096847834 0.027499733729802731 -0.042257742139409318
leaf_weight=28745.625722413883 217.94351943721995 129.42272825026885 31.434826376382262 17.279327427968383 71.085753597086295 24.230450785253197 17.228404252091423 250.94440107094124 45.380612334236503 400.29437333531678 49.991739723598585 114.30626125726849 29.369419635739177 53.294959869235754 41.825824851635844 42.343720573931932 39.051046161912382 42.853702899999917 150.32623407337815 29.544002280570567 284.73020241595805 20.97520687431097 31.44268420804292 30.932092417962849 63.175523922778666 33.843611482996494 58.652883143164217 66.120774924522266 27.385835758410394 110.79788457835093 52.016696160659194
leaf_count=170047 1691 926 686 327 721 311 141 1595 191 1986 376 615 189 469 282 211 354 207 1662 288 1356 334 298 227 496 306 731 776 202 641 332
internal_value=0 -0.00754713 -0.0115636 0.0283804 0.069785 -7.36514e-05 0.156734 -0.0101439 0.0137743 -0.0147474 0.00307714 -0.0238633 -0.0304622 -0.00696776 -0.0448066 -0.00851398 0.00171354 -0.0613813 -0.0801801 -0.0213956 -0.000516608 0.0159099 -0.0268514 0.101988 0.00306705 0.0131487 -0.086467 -0.0331025 -0.0632661 0.000197003 0.00521254
internal_weight=0 2578.22 2318.98 259.247 105.593 153.653 34.5077 2287.54 369.22 1918.32 649.106 1269.22 248.812 702.494 566.723 177.676 323.839 389.047 264.632 124.414 649.199 399.813 249.386 51.9073 347.906 284.788 88.0223 135.85 93.5066 160.79 94.8704
internal_count=188974 18927 16501 2426 1189 1237 468 15815 2446 13369 3923 9446 1937 4871 4575 1471 2255 3104 2277 827 4402 2413 1989 561 1852 1901 920 1189 978 1017 539
is_linear=0
shrinkage=0.1


Tree=83
num_leaves=32
num_cat=0
split_feature=76 4 84 91 18 63 0 55 69 46 40 55 16 60 18 14 17 13 55 46 67 86 28 73 29 49 55 41 6 59 92
split_gain=16.2385 35.9221 26.9126 33.4982 35.8639 29.0643 27.7175 25.6856 27.7802 26.2795 40.0497 25.6334 32.0455 27.5809 28.0013 24.8635 33.0204 34.5746 36.8119 33.5776 40.814 32.7549 32.3123 32.398 32.561 36.4624 30.7405 29.9044 28.363 27.3887 27.2457
threshold=5.5000000000000009 5.5000000000000009 76.500000000000014 56.541666666666679 10.500000000000002 1.2483970909179216 10.500000000000002 24.950000000000003 9.4500000000000011 2.5000000000000004 55.750000000000007 6.9500000000000011 13.550000000000002 9.5000000000000018 4.5000000000000009 487.00000000000006 5.416666666666667 24.050000000000004 74.15000000000002 8.5000000000000018 5.5000000000000009 64.500000000000014 501.00000000000006 2.8750000000000004 8.5000000000000018 0.60399648514722204 4.7500000000000009 31.250000000000004 1250.0000000000002 5.8750000000000009 0.056594408301387254
decision_type=10 2 8 2 10 8 2 10 10 10 10 10 10 10 10 10 10 10 10 10 10 10 10 10 10 10 10 10 2 10 2
left_child=1 -1 5 4 7 15 -6 8 -4 -9 -11 -5 -13 14 -14 16 -2 21 19 -19 -21 26 30 -24 25 -25 -18 -28 -27 -23 -17
right_child=2 -3 3 11 6 -7 -8 9 -10 10 -12 12 13 -15 -16 22 17 18 -20 20 -22 29 23 24 -26 28 27 -29 -30 -31 -32
leaf_value=0.00031777529983220525 0.039075582892544078 -0.012147016363043878 -0.0026186499551682468 0.054658930973414156 -0.11096211484963379 -0.074518356399235278 -0.012083492180919898 0.091312689972219058 -0.05692193187600432 -0.065038541947155498 0.052701799655547499 0.081159519826078233 -0.0019795576133534126 0.031359614981472765 -0.12458226269914721 -0.071549920920428084 -0.069137871448989141 0.01186431974040243 -0.051748962259583899 -0.010102825244928195 0.11557494207509214 0.0010294462768979976 0.054124263757438229 0.0085632823390890279 0.058434955645026959 -0.016689573499341206 0.033330390272407834 -0.051955877567160684 -0.12687684526205459 -0.095743275807653239 -0.0071384432977686643
leaf_weight=25410.836876800982 631.09337748307735 2543.4343700706959 257.36389317223802 127.40144023112953 68.388534016907215 38.019101784564555 48.422894265502691 43.324809327721596 148.60249934345484 52.193441361188889 64.706319622229785 33.076762165874243 34.955495797563344 45.575519043020904 39.882861658465117 83.724278749898076 46.166298896074295 130.91960404720157 43.068531165830791 34.881743631325662 99.686462583951652 51.131182588636875 162.53486383054405 236.47151073720306 80.533091257326305 53.510761226527393 240.06830227002501 49.608474753797054 41.461481483653188 68.327915508300066 304.55002342537045
leaf_count=159505 2317 12149 1136 425 809 285 445 117 918 449 352 64 170 300 400 757 226 847 626 308 504 209 583 1180 299 310 868 297 356 412 1351
internal_value=0 -0.00081634 0.00654184 -0.00756849 -0.0195236 0.0122189 -0.0699731 -0.00911535 -0.0224962 0.0247881 0.000133056 0.021501 -0.00602101 -0.0299688 -0.067317 0.0136176 0.0221489 0.00816427 0.034008 0.0479198 0.0829977 -0.00934988 0.00125671 0.0163172 0.0014014 -0.0124564 0.00664679 0.0187247 -0.0647934 -0.0543224 -0.0210276
internal_weight=0 27954.3 3359.65 963.894 683.002 2395.76 116.811 566.191 405.966 160.225 116.9 280.892 153.491 120.414 74.8384 2357.74 1394.95 763.859 308.556 265.488 134.568 455.302 962.786 574.512 411.977 331.444 335.843 289.677 94.9722 119.459 388.274
internal_count=188974 171654 17320 5585 4226 11735 1254 2972 2054 918 801 1359 934 870 570 11450 6614 4297 2285 1659 812 2012 4836 2728 2145 1846 1391 1165 666 621 2108
is_linear=0
shrinkage=0.1


Tree=84
num_leaves=32
num_cat=0
split_feature=86 94 69 91 55 23 30 11 13 10 1 2 90 27 0 26 69 28 13 30 73 71 10 86 21 63 45 17 30 27 0
split_gain=15.9204 26.8234 37.3522 42.0783 20.5452 26.7828 23.6272 27.0466 18.7041 17.3882 29.1472 32.2034 41.0733 33.98 39.2498 37.145 33.2302 29.9743 26.7485 44.1457 33.0622 28.284 29.4006 46.87 31.6381 34.0621 30.9802 49.5204 43.356 42.5724 40.0591
threshold=8.5000000000000018 0.17478838789580833 11.050000000000002 53.958333333333336 22.850000000000005 1.5000000000000002 34.850000000000001 9.5000000000000018 25.250000000000004 3.5000000000000004 1.0000000180025095e-35 5.5000000000000009 6.5000000000000009 24.050000000000004 4.5000000000000009 54.500000000000007 34.050000000000004 421.00000000000006 2.7500000000000004 38.750000000000007 5.8750000000000009 4.5000000000000009 4.5000000000000009 86.500000000000014 -0.24910204408330716 -0.50905910663853271 3.7083333333333335 9.7083333333333339 39.650000000000013 24.850000000000005 2.5000000000000004
decision_type=8 2 8 2 8 10 10 10 10 2 2 2 10 10 2 10 8 8 8 8 8 10 2 10 10 10 8 8 8 10 2
left_child=1 4 -3 -4 8 6 -6 -8 -1 -2 17 -12 13 14 -13 -16 -15 -11 19 -19 -21 22 23 26 25 -25 30 28 -28 -30 -20
right_child=9 2 3 -5 5 -7 7 -9 -10 10 11 12 -14 16 15 -17 -18 18 21 20 -22 -23 -24 24 -26 -27 27 -29 29 -31 -32
leaf_value=0.0030530338157530815 0.0042273540199053404 -0.002961514077198264 0.011503148519977689 -0.11718473482559566 0.066155788139888608 0.07842455446986947 -0.12478953020861082 -0.0028736143043339942 0.080413140479847933 -0.0731602021696343 -0.0039496849163032323 0.048086819743734972 -0.043457024631899988 0.16503899439374253 0.01893633070368354 -0.15920573575344574 0.016440849913748924 0.019817256900553065 -0.061613457524128216 -0.1192870194356227 0.0095254365636758126 -0.011142200364506895 0.0052965872101405128 -0.08924843730362797 -0.095819734481093793 0.029638262452308994 -0.034557891480461275 0.013830885228901591 -0.022088349215402092 0.10904730916633765 0.024606840303558693
leaf_weight=82.4394187964499 8132.1332969535142 128.79899396747351 35.76235540304333 87.764235650189221 14.699349938891826 19.981100525241345 42.506124507868662 31.817718490841798 50.337125666439533 53.144642114406452 8578.8540688512148 41.39687366806902 442.46957688592374 24.035231621935964 20.114436316536739 27.99637436401099 40.250806798692793 1287.6573283944745 59.957159734098241 41.102509618736804 38.674696607980877 1756.5392992142588 8205.8126043250086 38.946312849409878 95.151024360675365 63.217023654840887 744.78578601113986 485.68512039410416 56.472749314736575 44.079996995395049 532.23846187465824
leaf_count=350 46137 514 188 691 116 150 688 354 336 742 57096 206 3895 78 175 293 545 4120 384 257 163 9821 48525 290 704 259 4788 3930 447 345 2387
internal_value=0 -0.0178333 -0.0406407 -0.0799281 0.00596888 -0.0262035 -0.0496871 -0.0725978 0.0323811 0.000260167 -0.0011624 -0.00551157 -0.0279835 0.0165342 -0.0233013 -0.0847271 0.0719986 0.00179271 0.00208887 0.015345 -0.0568408 0.000588657 0.00258411 -0.00791236 -0.0543275 -0.0156833 -0.00315035 -0.0116161 -0.0262366 0.0353985 0.0158774
internal_weight=0 494.106 252.326 123.527 241.781 109.004 89.0232 74.3238 132.777 30810.7 22678.6 9175.12 596.263 153.794 89.5077 48.1108 64.286 13503.5 13450.3 1367.43 79.7772 12082.9 10326.3 2120.53 197.314 102.163 1923.22 1331.02 845.339 100.553 592.196
internal_count=188974 3387 1393 879 1994 1308 1158 1042 686 185587 139450 62288 5192 1297 674 468 623 77162 76420 4540 420 71880 62059 13534 1253 549 12281 9510 5580 792 2771
is_linear=0
shrinkage=0.1


Tree=85
num_leaves=32
num_cat=0
split_feature=92 77 5 30 2 82 55 73 86 88 77 82 41 28 3 53 13 58 59 72 82 76 15 63 15 91 71 58 16 83 87
split_gain=15.4062 24.8746 15.3292 31.6536 36.8479 54.11 48.1978 39.2121 46.2126 40.7642 36.9099 46.4879 41.702 36.1587 31.9069 31.8578 31.7637 48.6372 44.5882 39.9116 37.4056 35.2612 36.5831 50.1371 44.2983 31.4203 33.9875 35.4098 32.0033 35.338 32.623
threshold=0.0085666375036453028 0.97745592712796858 1.0000000180025095e-35 37.45000000000001 3.5000000000000004 97.500000000000014 1.7500000000000002 12.583333333333334 13.500000000000002 24.500000000000004 1.10560377486646 148.50000000000003 143.45000000000002 433.00000000000006 52.250000000000007 10.500000000000002 112.65000000000002 35.850000000000001 8.7083333333333339 37.150000000000013 7.5000000000000009 3.5000000000000004 -5.4999999999999991 -0.67748199223769279 -7.4999999999999991 57.291666666666679 11.500000000000002 33.850000000000001 35.650000000000013 775.00000000000011 285.00000000000006
decision_type=2 10 2 8 2 10 10 10 10 8 8 10 10 10 2 10 10 8 10 10 8 10 10 10 10 2 10 10 8 8 10
left_child=1 -1 25 4 10 7 -7 -6 -9 -10 12 13 -4 -12 -5 -11 -16 18 -18 -19 -21 22 24 -24 -22 28 27 -27 29 -2 -30
right_child=2 -3 3 14 5 6 -8 8 9 15 11 -13 -14 -15 16 -17 17 19 -20 20 21 -23 23 -25 -26 26 -28 -29 30 -31 -32
leaf_value=-0.12873334124462363 0.0013896294779975392 0.048459523452061469 0.015532188639167686 0.016753940237026966 0.0081684203290506522 0.080348185111578985 -0.034674541707224692 -0.14516261358375623 -0.078905869741207432 0.03084688750518183 -0.090328243105782829 0.097084525395516916 0.065433373429323372 -0.0073534600353241351 -0.0023718713038820673 -0.063099773680927354 0.14670333726501766 -0.10066539028418525 -0.056963860567161954 0.14566647123616322 -0.04417440046756891 -0.083948938607097845 0.09755873844952552 -0.057672821498367756 0.14785079459836228 0.014737566303277867 0.05661811725550453 -0.080419633128135506 -0.0096586015529270697 0.06595259910536351 0.023134759522384842
leaf_weight=22.572638759156689 8595.4895264182705 12.206886767875401 2919.5756198749878 827.25409442279488 3266.5933715046849 38.924568111309782 568.45241444697604 31.010002608876675 75.041180919855833 147.27816631924361 58.646711676032282 38.853182372404262 177.6597961478401 502.69222825346515 7719.9915583203547 47.813993618823588 27.812290358822793 88.134980515576899 17.52094219927676 12.428578855469821 20.827013248577714 88.968651172704995 24.831406213343143 128.36412422917783 28.389000760857016 53.716127746272832 31.95926655549556 143.77489371271804 5162.2504484179663 85.620836270041764 322.29511847649701
leaf_count=690 44116 138 11247 5637 16306 162 3583 397 590 764 1013 232 1168 4315 44174 359 212 4898 309 142 280 1656 220 1991 174 318 118 1120 40000 743 1902
internal_value=0 -0.0665423 5.04555e-05 0.00209707 0.00672633 0.000288121 -0.0273032 0.0049853 -0.0295429 -0.0162704 0.0139963 -0.00870045 0.0183946 -0.0160224 -0.00195923 0.00782205 -0.003857 -0.0300764 0.0679875 -0.0414188 -0.0242313 -0.0314781 -0.00841496 -0.0325114 0.0665904 -0.00234619 -0.0390551 -0.0545376 -0.00175159 0.00202641 -0.00773152
internal_weight=0 34.7795 31252.2 16857.1 7872.54 4175.11 607.377 3567.74 301.143 270.133 3697.43 600.192 3097.24 561.339 8984.52 195.092 8157.27 437.277 45.3332 391.944 303.809 291.38 202.412 153.196 49.216 14395.1 229.45 197.491 14165.7 8681.11 5484.55
internal_count=188974 828 188146 99829 40136 22161 3745 18416 2110 1713 17975 5560 12415 5328 59693 1123 54056 9882 521 9361 4463 4321 2665 2211 454 88317 1556 1438 86761 44859 41902
is_linear=0
shrinkage=0.1


Tree=86
num_leaves=32
num_cat=0
split_feature=48 48 89 89 63 84 45 86 58 17 62 90 18 56 73 31 93 59 51 69 88 71 39 88 53 45 86 11 13 52 11
split_gain=15.0271 33.9981 39.6754 31.9275 29.945 31.1876 26.9114 42.2936 33.243 38.3788 36.7788 32.3931 32.063 29.1987 29.9441 40.892 36.0209 30.6461 32.3289 30.5998 29.3538 29.0659 36.8964 28.6925 36.9112 28.1057 30.2171 29.6306 31.1094 27.0664 29.9349
threshold=5.5000000000000009 4.5000000000000009 -254.99999999999997 -394.99999999999994 1.10560377486646 12.500000000000002 9.8750000000000018 13.500000000000002 38.050000000000004 10.125000000000002 4.5000000000000009 21.500000000000004 10.500000000000002 519.00000000000011 5.5833333333333348 9.7083333333333339 0.18587466606793249 2.7083333333333335 1.0000000180025095e-35 20.950000000000003 21.500000000000004 3.5000000000000004 10.500000000000002 50.500000000000007 7.5000000000000009 10.125000000000002 74.500000000000014 3.5000000000000004 11.65 1.0000000180025095e-35 8.5000000000000018
decision_type=8 10 10 8 10 8 10 8 10 10 10 8 10 10 10 10 2 10 10 10 8 10 10 10 10 10 8 10 10 10 10
left_child=1 -1 3 -3 5 -4 7 11 9 13 -10 -7 -11 14 16 21 17 18 -9 -17 -19 22 -16 29 -25 -8 -27 -28 -29 -12 -31
right_child=-2 2 4 -5 -6 6 25 8 10 12 23 -13 -14 -15 15 19 -18 20 -20 -21 -22 -23 -24 24 -26 26 27 28 -30 30 -32
leaf_value=0.00042536075020400168 0.0052661381898205075 -0.0088731381215260401 -0.11238097474721949 0.062799742616807749 0.0069315029006071158 0.10583240493379392 -0.11784538131792595 -0.052526601683898944 -0.087375710296710166 0.030729938060624643 0.050314538353866602 -0.0031265306487513311 -0.066399628636398075 -0.096418804002387518 -0.066124850298942689 -0.033274546770475526 0.010582029611107727 -0.14023783985311666 0.036267832676239724 0.081373979068938437 -0.042870644229362632 -0.1061942705245022 0.024908407300983187 -0.08907530873612976 0.017842053427945492 -0.051162665454374423 0.080109373182129781 0.036392248742655696 -0.07276769880420704 -0.061078246136611017 0.040834162855205955
leaf_weight=23295.972435189062 4579.8795773437014 120.41558304708451 34.592519983649254 128.45172606408596 589.9240018511191 51.904920511879027 41.044241522438824 74.046313954517245 38.506351355463266 194.60511034354568 221.56743454607204 57.524506995454431 41.177306982688606 63.380878949537873 180.31914383033291 62.097862083464861 325.12809616327286 38.267214667983353 91.88459952827543 37.241322389803827 162.20967823173851 107.7244763430208 59.12047922052443 53.656091359443963 81.085970090702176 263.41683448245749 39.097791790030897 48.902078610379249 56.009518873412162 56.866640437860042 58.442908208817244
leaf_count=133481 35504 736 357 967 3210 209 375 454 261 901 1045 335 426 414 1151 329 1154 343 399 217 1025 781 270 413 413 2150 199 166 598 415 276
internal_value=0 -0.000934226 -0.0103088 0.0281205 -0.0133645 -0.0180787 -0.0167766 -0.0119368 -0.0153362 -0.0231203 0.00659446 0.0485552 0.0137671 -0.0303596 -0.0266805 -0.0468675 -0.0136464 -0.0351452 -0.00335649 0.0097061 -0.0614562 -0.0630558 -0.0436477 0.0142669 -0.0247339 -0.0389723 -0.0310266 0.00580568 -0.0218854 0.0298661 -0.00942548
internal_weight=0 26674.6 3378.61 248.867 3129.74 2539.82 2505.23 2056.76 1947.33 1437.2 510.125 109.429 235.782 1201.42 1138.04 446.503 691.536 366.408 165.931 99.3392 200.477 347.164 239.44 471.619 134.742 448.47 407.426 144.009 104.912 336.877 115.31
internal_count=188974 153470 19989 1703 18286 15076 14719 11231 10687 7864 2823 544 1327 6537 6123 2748 3375 2221 853 546 1368 2202 1421 2562 826 3488 3113 963 764 1736 691
is_linear=0
shrinkage=0.1


Tree=87
num_leaves=32
num_cat=0
split_feature=35 6 6 81 42 30 57 0 57 72 27 49 32 11 82 73 53 82 51 89 45 82 90 84 55 18 90 77 41 58 48
split_gain=15.6757 34.6083 41.1036 44.4673 49.4744 41.6503 35.2737 34.1703 30.9559 32.1213 30.8267 35.6666 30.6888 49.8739 44.6946 43.1978 42.7169 45.4249 42.7625 39.6717 36.7674 36.05 35.9294 35.2757 43.3705 35.2626 34.4586 34.2284 33.3927 30.9371 35.6964
threshold=1.0689901040840339 1350.0000000000002 1650.0000000000002 105.00000000000001 471.00000000000006 33.350000000000001 24.500000000000004 11.500000000000002 -7.4999999999999991 38.250000000000007 175.35000000000005 -0.71409566302011884 7.5000000000000009 5.5000000000000009 49.500000000000007 8.5833333333333339 9.5000000000000018 21.500000000000004 1.5000000000000002 45.000000000000007 10.125000000000002 125.50000000000001 20.500000000000004 50.500000000000007 10.450000000000001 6.5000000000000009 27.500000000000004 0.73580569996395584 3.0500000000000003 37.150000000000013 4.5000000000000009
decision_type=10 2 2 8 8 8 8 2 10 8 10 8 10 10 8 8 8 10 10 10 8 10 8 10 10 10 10 10 10 10 10
left_child=1 6 3 5 -5 -3 8 -4 9 -1 -7 -12 -2 16 15 19 17 26 29 23 25 28 -17 27 -25 -18 -14 -15 -16 30 -19
right_child=12 2 7 4 -6 10 -8 -9 -10 -11 11 -13 13 14 21 22 20 18 -20 -21 -22 -23 -24 24 -26 -27 -28 -29 -30 -31 -32
leaf_value=0.065929304695799967 -0.00055784081718761823 0.048518043399716049 0.0044473929776544865 -0.052963462485837956 -0.0064074815454158137 -0.0041933223655021582 -0.040381099617580574 -0.007833727705939585 0.0095303194883732331 -0.021890767126064074 0.095728999581709523 -0.087016908428518669 -0.081192365069286329 -0.042962401892349122 0.042736330623835743 0.031228401319095933 0.030460236259281057 -0.04496032427608132 0.15305240500073505 -0.10166084632974653 -0.14128421205064745 0.0053680124234715661 -0.090898426919095415 0.015799960233344009 -0.090157144098154424 -0.069807104038927689 0.039064003133358123 0.054981197801658936 -0.10040879863459135 0.094186722534846126 0.054718628328683662
leaf_weight=189.25603320356458 3860.8400854426436 148.44293344719335 13083.248413226334 415.89378250273876 505.94210258778185 5573.2106698923744 132.62988319981378 2740.0217865929008 3137.1791362204822 53.400928735500202 12.331827915972097 79.725771234254353 56.371162199415267 45.05914934258908 17.887604178977199 30.593137323856354 78.769879296422005 67.397162587381899 34.806676173582673 35.957491183653474 27.105693901423365 52.513483197661117 113.31696731725242 94.93268796056509 65.136943294666708 63.230090783676133 41.273860064335167 171.43188339099288 183.22819451743271 58.874718495644629 76.94063382036984
leaf_count=798 18707 539 73128 3340 3676 34297 5075 17384 17476 374 142 2403 757 333 296 218 312 529 127 347 593 483 1550 403 603 718 231 879 2510 305 441
internal_value=0 0.000973439 -0.000464223 -0.00700672 -0.0274116 -0.00377127 0.0102068 0.00232074 0.012192 0.046603 -0.00514137 -0.0625367 -0.0050515 -0.0182466 -0.0336208 -0.0177622 0.00642589 0.027074 0.050636 -0.00130519 -0.0345593 -0.0684124 -0.0649361 0.00827769 -0.027317 -0.014187 -0.0303608 0.0345958 -0.0876772 0.0330939 0.00817449
internal_weight=0 26071.3 22558.8 6735.55 921.836 5813.71 3512.47 15823.3 3379.84 242.657 5665.27 92.0576 5175.67 1314.83 810.058 556.428 504.77 335.664 238.019 412.518 169.106 253.629 143.91 376.561 160.07 142 97.645 216.491 201.116 203.213 144.338
internal_count=188974 158632 134909 44397 7016 37381 23723 90512 18648 1172 36842 2545 30342 11635 7622 4333 4013 2390 1402 2565 1623 3289 1768 2218 1006 1030 988 1212 2806 1275 970
is_linear=0
shrinkage=0.1


Tree=88
num_leaves=32
num_cat=0
split_feature=39 6 20 31 49 15 21 71 18 28 27 41 10 73 90 45 81 25 75 35 88 48 84 0 59 14 72 77 31 69 91
split_gain=15.0423 31.9879 38.6647 29.8461 26.9929 26.1426 40.0398 33.69 33.4967 53.8174 38.5379 31.0457 30.8314 28.2777 27.8777 27.6932 26.9596 24.9342 41.7665 35.1615 40.6014 30.5409 39.2171 31.0517 48.1335 29.1475 26.3274 27.7972 26.9383 37.0787 23.9986
threshold=12.500000000000002 2450.0000000000005 4.5000000000000009 15.125000000000002 0.54907597897358285 -3.4999999999999996 -0.76535480211551565 7.5000000000000009 9.5000000000000018 447.00000000000006 83.550000000000011 3.1500000000000008 2.5000000000000004 3.7083333333333335 28.500000000000004 5.5833333333333348 -394.99999999999994 7.5000000000000009 1350.0000000000002 0.61864195346019246 14.500000000000002 5.5000000000000009 56.500000000000007 13.500000000000002 9.5833333333333339 469.00000000000006 41.050000000000004 -0.53102730910798812 10.29166666666667 11.250000000000002 54.275000000000006
decision_type=8 2 10 10 8 10 8 10 10 10 10 8 2 10 10 10 8 10 10 10 10 8 10 2 8 10 10 10 10 10 2
left_child=-1 3 -3 5 -5 6 -2 14 10 11 -7 -10 -12 -9 16 -14 -8 18 -11 20 -20 26 23 24 -23 -22 27 -19 29 -29 -30
right_child=1 2 -4 4 -6 8 7 13 9 17 12 -13 15 -15 -16 -17 -18 21 19 -21 25 22 -24 -25 -26 -27 -28 28 30 -31 -32
leaf_value=-0.0010586095406887063 0.044602975567353619 0.014038322426568481 0.096865467297368224 -0.0075018274719104499 -0.11806883990637554 0.008874628246751854 0.067632224381572778 0.079836743849588929 0.11439066946801334 -0.10329802182301409 0.11382343849440163 -0.079858427747133642 0.076514495871048097 -0.0084578120300780931 -0.049294770796302081 0.0035814474539303041 -0.015562580919514252 -0.087336530128141604 0.066850622170574692 0.076025958405947988 0.019080869346691232 0.11910163115099125 -0.056780197959901649 0.23873290803252198 -0.078112199209669594 -0.12387164133081743 0.10934912028048099 0.029716621688489233 0.11931104055888067 -0.069292149647748075 -0.0042550391471520487
leaf_weight=25564.840342255309 128.56537295947783 195.34583086986095 79.214049578178674 52.549879115307704 38.080145639949478 3007.5663510730956 41.140740442089736 65.032696508802474 8.7821979783475381 52.709784549893811 56.357237039133906 130.33765221352223 83.42201314214617 82.018896635621786 254.46434815693647 138.49489071476273 731.90734064846765 38.544286856194958 28.256882356479764 43.246901439502835 21.253096097148955 48.705540556460619 21.044103841297328 12.907589612063019 16.591628582915291 43.367954245768487 20.249503855127841 78.574618799146265 32.678574224002659 72.934709857450798 30.283091014716774
leaf_count=145358 783 1004 308 538 1058 15289 291 203 23 1617 314 6008 927 442 1574 1253 6364 983 151 205 156 177 284 318 990 463 153 366 233 832 309
internal_value=0 0.00464101 0.037935 0.00294192 -0.0539589 0.00391687 -0.00837905 -0.0141784 0.00793642 -0.0119174 0.0121688 -0.0675961 0.0477722 0.0305899 -0.0205853 0.0309981 -0.011135 0.0018815 -0.0277199 0.00154524 -0.0331353 0.016887 0.0643985 0.0970065 0.0689908 -0.0768563 -0.000368985 -0.00915002 0.00490149 -0.017945 0.0598786
internal_weight=0 5654.63 274.56 5380.07 90.63 5289.44 1303.13 1174.56 3986.31 700.468 3285.84 139.12 278.274 147.052 1027.51 221.917 773.048 561.348 188.835 136.125 92.8779 372.514 99.2489 78.2048 65.2972 64.6211 273.265 253.015 214.471 151.509 62.9617
internal_count=188974 43616 1312 42304 1596 40708 9657 8874 31051 13268 17783 6031 2494 645 8229 2180 6655 7237 2592 975 770 4645 1769 1485 1167 619 2876 2723 1740 1198 542
is_linear=0
shrinkage=0.1


Tree=89
num_leaves=32
num_cat=0
split_feature=49 58 84 4 87 31 58 29 73 46 70 45 27 85 16 10 9 83 13 14 17 81 21 6 81 13 26 45 82 27 39
split_gain=14.8604 27.1696 26.4066 31.041 30.6824 27.5738 32.1324 36.5286 34.8943 30.5745 28.4474 23.62 24.169 23.2576 22.866 21.9509 20.8821 20.8768 19.5879 19.1495 23.2861 19.2015 54.8924 40.1342 44.7337 42.5351 44.3209 34.3692 36.6386 33.084 44.5502
threshold=-1.9919127733267912 13.450000000000001 62.500000000000007 4.5000000000000009 590.00000000000011 3.8750000000000004 36.550000000000004 9.5000000000000018 7.291666666666667 3.5000000000000004 455.00000000000006 5.416666666666667 13.050000000000002 -194.99999999999997 13.550000000000002 4.5000000000000009 1.0000000180025095e-35 1105.0000000000002 12.15 395.00000000000006 7.1250000000000009 -144.99999999999997 0.16463243575810824 1650.0000000000002 155.00000000000003 176.25000000000003 57.750000000000007 1.1250000000000002 160.50000000000003 58.650000000000013 3.5000000000000004
decision_type=8 8 8 2 10 10 10 10 8 10 8 10 10 10 8 2 2 10 10 8 10 8 10 2 8 10 10 8 10 8 8
left_child=1 13 5 15 -5 10 7 9 -8 -7 -3 -11 -13 -1 -2 -4 18 19 -15 20 -16 22 -21 24 25 -23 -27 -26 -29 -24 -31
right_child=14 2 3 4 -6 6 8 -9 -10 11 -12 12 -14 16 17 -17 -18 -19 -20 21 -22 23 29 -25 27 26 -28 28 -30 30 -32
leaf_value=0.07758746354577728 0.035087985279405001 0.010798053937740434 -0.020949038643477504 -0.1239905255166141 0.02042668597271232 -0.007230682062909416 0.05901461814979593 0.046602919926195994 -0.048528769883475667 -0.17613121591215014 -0.092006699600859623 -0.0056041924990097121 -0.11208527091995651 0.0044137404999515994 -0.0069433794599533727 0.039988909780860588 0.030605914771997606 -0.070288672040539873 -0.08476413422498523 -0.0018969452963483379 -0.1378738521390345 -0.0017472074372965841 0.012615409015518664 0.0028920196558156297 -0.071172836497717273 -0.076104000497321314 0.19198623104878298 -0.013808401862190867 -0.11236598493394499 -0.048207450555312031 0.060325491587086215
leaf_weight=49.920327350497246 188.71231133351102 34.473961710929871 93.661880576517433 34.488241989631206 25.654465695843101 66.103732090443373 83.516716175712645 37.965969178825617 47.234496320597827 26.156426538713276 122.77921355143189 36.454234234988689 51.333019234240055 62.153140366077423 35.193736648419872 160.24951642705128 118.79183422960341 41.994837242760696 40.798407993745059 3879.5136165852891 22.122009298414923 8999.1247346886666 1949.0802049110644 12753.99623433128 121.5840376925189 113.86442859657109 6.5197080592624834 1624.766011080239 38.615364219527692 43.363183642039075 295.88466571457684
leaf_count=153 622 137 531 352 124 280 368 147 371 232 757 147 512 222 376 754 424 310 281 22453 696 54339 8559 75318 806 4320 88 11549 415 548 2783
internal_value=0 -0.0114886 -0.0205683 0.00220948 -0.0623879 -0.034705 -0.0190303 -0.0425368 0.0201641 -0.0613333 -0.0694692 -0.0927207 -0.0678683 0.0159205 0.000387962 0.0175103 0.00203758 0.000169142 -0.0309263 0.000268155 -0.0574783 0.000379123 0.00534842 -0.000916388 -0.00537074 -0.00253711 -0.0615849 -0.019848 -0.0160964 0.0176318 0.0464526
internal_weight=0 1091.74 820.072 314.054 60.1427 506.018 348.765 218.013 130.751 180.047 157.253 113.944 87.7873 271.664 30114.3 253.911 221.743 29925.6 102.952 29883.6 57.3157 29826.3 6167.84 23658.5 10904.5 9119.51 120.384 1784.97 1663.38 2288.33 339.248
internal_count=188974 5792 4712 1761 476 2951 2057 1318 739 1171 894 891 659 1080 183182 1285 927 182560 503 182250 1072 181178 34343 146835 71517 58747 4408 12770 11964 11890 3331
is_linear=0
shrinkage=0.1


Tree=90
num_leaves=32
num_cat=0
split_feature=16 66 13 74 35 0 59 44 58 18 84 34 25 69 29 39 77 18 59 88 82 49 69 88 43 10 42 83 77 32 84
split_gain=15.8279 31.0946 42.4279 33.8182 40.5528 36.8774 35.3283 32.7085 33.9235 33.0807 57.61 45.5398 38.6004 35.1706 44.3025 63.3412 33.4586 30.882 44.6439 66.9646 33.9468 31.0037 29.888 29.622 28.5697 24.9387 38.4379 58.6925 37.2732 37.0848 39.3868
threshold=38.45000000000001 1.5000000000000002 72.950000000000017 8.5000000000000018 -0.52370457495150313 3.5000000000000004 2.8750000000000004 40.550000000000004 36.350000000000001 9.5000000000000018 34.500000000000007 3.5000000000000004 13.500000000000002 42.350000000000001 1.5000000000000002 7.5000000000000009 -0.44315449923016553 1.5000000000000002 2.416666666666667 64.500000000000014 392.50000000000006 -1.5598714580941624 6.2500000000000009 14.500000000000002 1.0000000180025095e-35 6.5000000000000009 487.00000000000006 -1.0000000180025095e-35 0.16463243575810824 13.500000000000002 84.500000000000014
decision_type=10 8 10 10 10 2 10 10 8 10 10 8 8 8 10 10 10 10 10 8 8 10 8 8 8 2 10 10 8 10 10
left_child=-1 17 3 5 -5 24 -6 8 -7 11 12 23 13 -11 15 -15 -12 18 -2 -20 21 22 -19 -10 -3 29 27 -27 -29 30 -23
right_child=1 2 -4 4 6 7 -8 -9 9 10 16 -13 -14 14 -16 -17 -18 20 19 -21 -22 25 -24 -25 -26 26 -28 28 -30 -31 -32
leaf_value=0.001051870187951905 0.02560905445580948 -0.093998187064111408 -0.083194589253429416 0.021840130822260481 -0.00283327419658577 -0.078795744288424618 -0.13223421844927111 -0.096933906191618541 0.076757160565842156 0.074714089471145731 -0.13752506377202475 0.041958060471140014 -0.075417398485095988 -0.034426063145702908 0.35341533017717097 0.31711410347104541 0.03022070523299011 0.025245097061740857 -0.17956198916208616 -0.024462378569132796 -0.10210983705838156 0.013419989129535707 -0.098861827888220566 -0.0422843452301968 -0.0053190143416126084 -0.089356485628315913 0.010225703898371472 -0.035674031522789126 0.011261336594666039 -0.04104363100328165 -0.023109733160592994
leaf_weight=25370.496014187171 66.381863482296467 73.9000649896916 98.652193377434742 43.947464163415134 30.162942236755043 38.900107469409704 70.205790117848665 29.407399541232735 23.56394686922431 51.219314727699384 17.71447820472531 160.8688638061285 10.61082895984873 11.915630426490681 12.728792191017417 8.9944718840997648 36.167941963300109 28.942688329145312 41.592802859842777 84.170330259948969 32.224299620836973 2668.9836219464196 58.882301442325115 185.13952030125074 71.459711428964511 115.74795462470502 585.96473748283461 339.73184115998447 337.07184417918324 153.30751172848977 331.86067051487043
leaf_count=142772 276 821 5990 316 176 248 675 514 64 185 471 827 669 627 168 166 202 118 327 426 2974 14457 609 1745 838 1048 2907 2111 2147 1820 2280
internal_value=0 -0.00473021 -0.0210186 -0.0140238 -0.0582696 -0.00530766 -0.0933465 0.00585497 0.0112738 0.0180257 0.0577431 0.0019751 0.104402 0.126887 0.206327 0.116789 -0.0249277 -0.00145039 -0.0407375 -0.0757574 0.000172072 0.000885407 -0.0579624 -0.0288438 -0.050403 0.00202564 -0.00919442 -0.0235525 -0.0122986 0.00692935 0.0093802
internal_weight=0 5820.42 975.559 876.907 144.316 732.591 100.369 587.231 557.824 518.924 149.351 369.572 95.469 84.8582 33.6389 20.9101 53.8824 4844.86 192.145 125.763 4652.72 4620.49 87.825 208.703 145.36 4532.67 1378.52 792.552 676.804 3154.15 3000.84
internal_count=188974 46202 14702 8712 1167 7545 851 5886 5372 5124 2488 2636 1815 1146 961 793 673 31500 1029 753 30471 27497 727 1809 1659 26770 8213 5306 4258 18557 16737
is_linear=0
shrinkage=0.1


Tree=91
num_leaves=32
num_cat=0
split_feature=88 84 0 55 35 90 58 9 44 15 94 18 30 73 11 84 54 90 76 18 55 82 74 25 88 88 55 25 55 48 4
split_gain=14.62 31.9632 35.374 25.115 32.731 21.825 20.6708 16.4778 15.9943 15.403 29.2005 26.773 25.6749 30.2408 27.1836 25.6673 36.9957 32.0009 44.9463 33.9099 43.205 27.0439 25.0167 23.7715 22.749 20.9229 25.7267 25.298 19.4797 19.2219 70.5379
threshold=7.5000000000000009 70.500000000000014 3.5000000000000004 13.950000000000001 -0.71409566302011884 18.500000000000004 37.850000000000001 1.0000000180025095e-35 44.45000000000001 15.500000000000002 0.10896709511534981 8.5000000000000018 38.550000000000004 5.416666666666667 10.500000000000002 175.50000000000003 53.500000000000007 183.50000000000003 5.5000000000000009 3.5000000000000004 17.350000000000005 26.500000000000004 5.5000000000000009 8.5000000000000018 33.500000000000007 25.500000000000004 4.0500000000000007 3.5000000000000004 1.8500000000000003 3.5000000000000004 3.5000000000000004
decision_type=8 10 2 10 10 10 10 2 10 10 2 10 10 10 10 10 8 8 8 10 10 10 10 10 10 10 10 8 10 8 2
left_child=1 2 -1 -4 -5 -6 -7 -3 9 15 -11 22 13 -13 -15 29 -17 19 -19 -18 21 -21 25 -23 -22 27 -27 -12 -20 30 -2
right_child=8 7 3 4 5 6 -8 -9 -10 10 11 12 -14 14 -16 16 17 18 28 20 24 23 -24 -25 -26 26 -28 -29 -30 -31 -32
leaf_value=-0.08765260922612722 0.0017646261987053231 -0.16607159178356631 0.039420386699651998 0.071678692957031193 0.007030813452455275 -0.1416568636399107 -0.01635808510899318 -0.041083640205638837 0.057150909557704001 0.093632693436240561 0.078547017854734238 -0.10603662764330764 0.037226305726929407 -0.063998995209570073 0.063870217384930483 -0.10958720703777738 0.011105073052902403 0.030924138057347273 -0.010595762591076979 -0.15619733729490037 -0.072490239113946239 -0.02262092812933672 0.047881001492900262 -0.13278597315947091 0.033499051744476309 0.021815229885170432 -0.073830557796991172 -0.00071581110442115413 -0.15398946575735695 0.0027168671280658348 -0.014005618162933085
leaf_weight=47.597013363498263 10757.559567301534 20.671009700512514 118.1585654783994 26.618262032046914 35.363631271757185 34.218938977457583 21.400519578251988 21.537994174286723 49.221854773699306 43.835061591002159 57.233830181416124 53.287938124733046 47.171197833842598 36.074841747526079 30.837157713714987 43.170115009881556 110.72310603410006 214.58375072665513 17.781883988413028 44.848678132519126 30.936313293874264 56.8816232457757 204.46766137750819 29.874034514650702 58.627603939734399 50.672412697225809 63.194108149502426 135.8300494174473 20.276705468306318 14836.484136951971 3851.7895277327043
leaf_count=381 71707 252 426 139 238 372 160 170 376 335 161 701 475 338 188 405 368 842 269 394 381 321 748 247 437 157 337 659 236 89564 17190
internal_value=0 -0.02111 -0.00901678 0.00685882 -0.025857 -0.0543923 -0.0934461 -0.102294 0.000192685 0.000101648 0.0145293 0.00942083 -0.0252949 -0.0498307 -0.00506901 -0.000245019 -0.0202543 -0.0136567 0.0131609 -0.0340709 -0.0566873 -0.093149 0.0207827 -0.0605559 -0.00311076 0.00273056 -0.0312667 0.0227817 -0.0869925 0.000181524 -0.00239324
internal_weight=0 325.566 283.357 235.76 117.601 90.9831 55.6195 42.209 30845.4 30796.1 722.604 678.769 167.371 120.2 66.912 30073.5 627.704 584.534 252.642 331.891 221.168 131.604 511.398 86.7557 89.5639 306.93 113.867 193.064 38.0586 29445.8 14609.3
internal_count=188974 2138 1716 1335 909 770 532 422 186836 186460 4099 3764 1702 1227 526 182361 3900 3495 1347 2148 1780 962 2062 568 818 1314 494 820 505 178461 88897
is_linear=0
shrinkage=0.1


Tree=92
num_leaves=32
num_cat=0
split_feature=82 85 31 17 83 67 17 30 6 77 63 17 14 57 17 14 84 46 60 71 66 44 74 89 45 84 23 45 44 30 18
split_gain=14.3942 29.5864 25.6099 32.4768 29.8917 29.5063 33.0298 28.2078 26.6184 26.8805 46.7355 30.2976 26.2419 30.2566 24.6334 24.6163 28.7311 26.186 79.5091 49.3633 34.8942 33.0817 27.6676 28.9933 26.673 44.0895 40.538 36.358 34.6865 29.3785 29.121
threshold=15.500000000000002 670.00000000000011 13.875000000000002 9.8750000000000018 525.00000000000011 15.500000000000002 12.875000000000002 39.750000000000007 1950.0000000000002 -0.29669981610046098 0.60033511806897943 1.7083333333333337 495.00000000000006 1.5000000000000002 7.416666666666667 499.00000000000006 188.50000000000003 6.5000000000000009 6.5000000000000009 -11.499999999999998 1.0000000180025095e-35 35.150000000000013 2.5000000000000004 395.00000000000006 3.7083333333333335 20.500000000000004 1.5000000000000002 7.8750000000000009 36.550000000000004 38.350000000000001 5.5000000000000009
decision_type=8 8 10 8 10 8 10 10 2 10 10 10 10 10 10 10 10 10 10 8 10 10 8 10 10 10 10 10 8 10 10
left_child=1 2 4 -4 7 6 -5 15 9 11 -11 -9 13 -8 -6 16 17 -1 20 -20 21 -19 -21 24 25 -24 27 -26 -28 -29 -27
right_child=-2 -3 3 5 14 -7 12 8 -10 10 -12 -13 -14 -15 -16 -17 -18 18 19 22 -22 -23 23 -25 26 30 28 29 -30 -31 -32
leaf_value=0.0014967589767927445 0.00091433925484693556 -0.076519794133123209 0.055794842696739282 -0.12168504626288784 -0.12672230874246954 0.097195928321267014 -0.11985604432685851 0.020198323293465204 0.028474709040621049 0.01417040495167728 -0.12070885933778307 -0.090035537247302802 0.088993916525947833 0.052850220341899748 -0.0023059077365163703 0.013091211244234308 -0.079580391326413327 -0.12328321124601078 0.12359549899078821 -0.086219180842881077 -0.10156943428901355 -0.021356498226738154 -0.04478828492060688 0.088550634010645335 -0.063728667460051333 0.017012051813113629 0.11669345877095899 0.00763980631331675 -0.026166503273520755 -0.077604061237767918 0.11501238759202959
leaf_weight=2165.899305527797 26136.962750192964 57.069760000798851 154.6483832715312 31.227277953177691 36.998905296204612 19.6678253862774 23.144232909195125 30.464401389472187 63.981239158660173 128.52292371448129 32.107276139780879 137.32678841904271 23.097847986035049 18.058954379055649 27.924115190748125 816.71225827303715 52.578252987004817 36.834299104753882 31.389788371045142 39.159175678156316 111.65073258941993 234.98090776498429 55.161572888027877 35.240975837223232 164.7793030012399 64.642982117831707 39.981814428698272 261.0707158887526 29.562205106019974 47.838304959703237 57.109272634843364
leaf_count=9165 159290 1528 819 376 335 315 312 136 472 719 314 1452 119 131 249 3631 443 341 151 303 871 1707 381 225 1444 241 194 2132 265 566 347
internal_value=0 -0.00492781 -0.00410602 0.0258532 -0.00582538 -0.0143429 -0.0373071 -0.00488193 -0.0305338 -0.0420295 -0.0127897 -0.0700213 0.00367041 -0.0441606 -0.0732094 -0.00251048 -0.00622768 -0.00508504 -0.0168723 0.000598546 -0.0545022 -0.0351688 -0.00426064 -1.19193e-05 -0.0043458 0.0293781 -0.0153286 -0.0257956 0.0559657 -0.00556124 0.0629802
internal_weight=0 5028.83 4971.76 269.845 4701.92 115.196 95.5283 4636.99 392.403 328.421 160.63 167.791 64.301 41.2032 64.923 4244.59 3427.88 3375.3 1209.4 825.936 383.466 271.815 794.546 755.387 720.146 176.914 543.232 473.688 69.544 308.909 121.752
internal_count=188974 29684 28156 2072 26084 1253 938 25500 3093 2621 1033 1588 562 443 584 22407 18776 18333 9168 6249 2919 2048 6098 5795 5570 969 4601 4142 459 2698 588
is_linear=0
shrinkage=0.1


Tree=93
num_leaves=32
num_cat=0
split_feature=40 16 13 86 56 31 54 16 17 59 27 43 71 35 11 77 42 41 85 13 62 51 3 59 86 28 86 70 82 60 35
split_gain=14.6608 36.2331 38.4956 53.6297 45.9253 35.8377 46.0084 34.145 34.0661 33.6958 31.3847 31.0552 33.3965 29.0033 33.635 38.5625 28.5314 28.4457 40.9942 36.4446 45.8021 38.899 38.049 36.4668 34.5943 34.3952 30.7256 30.4566 41.3753 37.373 31.9139
threshold=54.500000000000007 37.350000000000001 99.65000000000002 15.500000000000002 437.00000000000006 2.416666666666667 53.500000000000007 39.45000000000001 6.1250000000000009 1.7083333333333337 223.25000000000003 -7.4999999999999991 -7.4999999999999991 -0.43583176507368043 11.500000000000002 0.61131921930370714 453.00000000000006 26.150000000000002 145.00000000000003 14.550000000000002 5.5000000000000009 1.5000000000000002 52.250000000000007 9.2916666666666696 27.500000000000004 491.00000000000006 99.500000000000014 461.00000000000006 18.500000000000004 7.5000000000000009 -0.43583176507368043
decision_type=10 8 10 8 8 10 8 10 10 10 10 10 10 10 10 10 8 8 10 10 10 10 2 10 10 10 10 10 10 10 10
left_child=1 16 10 4 -4 6 9 -5 -9 -2 -3 12 -7 -14 -15 -16 -1 -18 19 23 21 22 25 -19 -20 -21 27 28 -24 30 -30
right_child=5 2 3 7 -6 11 -8 8 -10 -11 -12 -13 13 14 15 -17 17 18 24 20 -22 -23 26 -25 -26 -27 -28 -29 29 -31 -32
leaf_value=-0.00075464766439904457 0.014704613442229401 -0.0012975024911915049 0.18697382747823213 -0.0808673602254949 -0.0064809703538918212 0.04373125273664133 0.009231182301343439 0.046025820873084274 -0.066158717651099888 -0.11364406787539727 -0.10036451918602501 -0.0056187099748548752 0.02324400502252523 -0.02909401297850376 -0.030218277198987339 0.075932916992513033 0.0061313100292386992 0.016540153695142928 0.024197891377669659 -0.079449808530275917 0.093499893871533901 0.09338323978485874 -0.077631700350062879 -0.064817016314068304 -0.057856563739539763 0.083034194624486524 -0.096061912901886398 0.050074087714989973 -0.02397768132271921 -0.068497262390313923 0.084348515686698211
leaf_weight=3486.3561961214291 33.102672286331654 4709.2713878494687 17.365355271031149 180.36391389451455 41.833129547245335 252.04193440522067 3258.9000980057754 54.367825844907202 53.906280189636163 53.534472984727472 32.197274942649528 12779.433956665336 383.03137883543968 366.86468070279807 61.625093427486718 76.963484114967287 3734.8237931812182 363.24188754917122 96.676397077739239 59.682398043805733 134.13181785866618 87.480823137098923 48.492911821813323 64.944534718990326 109.66403337521479 16.665934537653811 18.579520574305207 416.84925601398572 38.909119985532016 32.314202568726614 90.346118757035583
leaf_count=21490 141 30746 238 5485 776 1409 14325 992 2907 386 507 74592 1747 2250 376 331 15752 1847 608 1292 786 510 2731 325 843 130 192 2667 883 399 1311
internal_value=0 0.00239024 -0.00432586 -0.0364362 0.0502673 -0.00197411 0.00731912 -0.0542188 -0.00982734 -0.0646041 -0.00197022 -0.00420765 0.011603 0.00248904 -0.013239 0.0287315 0.00627473 0.0108875 0.0221447 0.0283962 0.0393775 0.0304076 0.0227755 0.00420043 -0.0194117 -0.0439815 0.0306715 0.0344274 0.00337799 0.027692 0.0517396
internal_weight=0 13888.5 5089.31 347.837 59.1985 17265.5 3345.54 288.638 108.274 86.6371 4741.47 13920 1140.53 888.485 505.453 138.589 8799.16 5312.8 1577.98 1371.64 943.452 809.32 721.839 428.186 206.34 76.3483 645.491 626.912 210.062 161.569 129.255
internal_count=188974 93417 41651 10398 1014 95557 14852 9384 3899 527 31253 80705 6113 4704 2957 707 51766 30276 14524 13073 10901 10115 9605 2172 1451 1422 8183 7991 5324 2593 2194
is_linear=0
shrinkage=0.1


Tree=94
num_leaves=32
num_cat=0
split_feature=92 18 71 42 5 82 71 53 39 88 48 82 88 13 31 55 81 14 21 68 87 71 71 94 23 89 15 79 81 92 90
split_gain=14.2914 15.4744 15.9701 19.0122 15.0483 31.9687 31.9054 31.1295 41.8356 47.8163 40.5357 36.8102 33.4344 32.9691 44.5401 38.3509 32.8884 34.4717 39.089 31.496 33.7508 31.1264 48.9782 37.1322 50.9519 29.0974 27.833 27.5547 36.8132 50.0426 26.7723
threshold=0.25529377203290254 6.5000000000000009 6.5000000000000009 463.00000000000006 1.0000000180025095e-35 35.500000000000007 15.500000000000002 6.5000000000000009 11.500000000000002 94.500000000000014 3.5000000000000004 13.500000000000002 43.500000000000007 14.550000000000002 6.291666666666667 20.650000000000002 245.00000000000003 465.00000000000006 0.28179618226187181 56.250000000000007 -54.999999999999993 -2.4999999999999996 1.5000000000000002 0.22197690217391303 1.0000000180025095e-35 -294.99999999999994 3.5000000000000004 1.0000000180025095e-35 95.000000000000014 0.069905956222667168 56.500000000000007
decision_type=2 10 8 8 2 8 10 8 10 8 8 10 10 10 10 8 10 10 10 8 10 8 8 2 10 8 10 10 10 2 8
left_child=4 2 3 -2 5 6 7 8 9 19 16 -10 13 14 -12 -16 25 18 -18 -1 -21 23 -23 24 -15 -9 -14 28 -11 -30 -28
right_child=1 -3 -4 -5 -6 -7 -8 10 11 27 12 -13 26 21 15 -17 17 -19 -20 20 -22 22 -24 -25 -26 -27 30 -29 29 -31 -32
leaf_value=-0.029965164248904996 -0.016764939509738636 0.052660328944191065 -0.038933658118632836 0.025974957540357543 0.0016960626863606592 0.0018702791073216117 0.035942573977840897 0.058406895048002339 0.077861536880737034 -0.0087284348066966385 0.021447009485227479 -0.00084879830640421515 -0.029461657949756442 0.082259470170140417 -0.012979251896719111 -0.11302764689561172 0.030885911711147802 -0.12652806915659653 -0.11906751083800865 -0.0051704535285720743 -0.11232410575538981 0.079631198174936149 0.01544580253062908 -0.090620746037561789 -0.078731743017581193 -0.012149613671562018 0.031138553909247579 0.0083150577438095511 -0.016485881063217758 -0.12997071384365919 -0.047908834291947242
leaf_weight=1057.6994941877201 143.85242913104594 91.239148157183081 63.581019784789532 376.43728144885972 16500.215964988049 7204.3152127615176 163.431387135759 60.597923311404884 71.692825391422957 532.13793982402422 417.18125336896628 346.97668495541438 360.03733929106966 56.511824614368379 201.22925222665071 47.324311202857643 50.943706454243511 50.468396307434887 26.388258244842291 41.887209056643769 98.561170925619081 223.06266677100211 254.55776910588611 39.60716490354389 30.145420809276402 1648.4628490476171 196.51600762736052 569.42487277230248 93.987495607696474 66.242771001299843 54.792277983855456
leaf_count=5860 576 299 327 1176 99391 50246 665 205 309 2537 1433 1752 2089 363 789 333 365 532 407 318 940 1100 2769 302 309 8713 884 2489 732 444 320
internal_value=0 0.0143614 0.00837655 0.014158 -0.000348549 -0.00276448 -0.00770397 -0.00878534 -0.0165924 -0.0215658 -0.00274059 0.0126295 0.00757803 0.0168295 0.00148187 -0.0320284 -0.013307 -0.0622393 -0.0202832 -0.0358733 -0.0803667 0.0337491 0.0454223 -0.0104067 0.0262555 -0.0096479 -0.0116352 -0.00797993 -0.0213814 -0.063403 0.013904
internal_weight=0 675.11 583.871 520.29 30464.4 13964.2 6759.87 6596.44 2878.61 2459.94 3717.83 418.67 1880.97 1269.62 665.735 248.554 1836.86 127.8 77.332 1198.15 140.448 603.885 477.62 126.264 86.6572 1709.06 611.346 1261.79 692.368 160.23 251.308
internal_count=188974 2378 2079 1752 186596 87205 36959 36294 15381 13320 20913 2061 10691 7398 2555 1122 10222 1304 772 7118 1258 4843 3869 974 672 8918 3293 6202 3713 1176 1204
is_linear=0
shrinkage=0.1


Tree=95
num_leaves=32
num_cat=0
split_feature=4 34 4 11 30 48 86 70 38 21 90 70 88 13 38 93 73 26 0 45 90 73 35 3 29 35 72 90 86 17 45
split_gain=14.2634 26.9954 30.5669 23.6995 23.2496 23.2077 39.9985 25.3899 30.3744 26.177 22.5666 21.8991 21.5342 21.1211 26.1259 19.2819 29.6753 24.2272 21.433 34.4846 40.584 33.8387 38.3788 36.5936 31.7642 42.7476 29.5506 30.8496 33.4766 28.6713 33.612
threshold=6.5000000000000009 6.5000000000000009 4.5000000000000009 5.5000000000000009 36.050000000000004 2.0000000000000004 42.500000000000007 447.00000000000006 1.0000000180025095e-35 0.20490747361877684 1.0000000180025095e-35 461.00000000000006 83.500000000000014 12.15 1.0000000180025095e-35 0.074883526293764754 1.2916666666666667 52.250000000000007 3.5000000000000004 3.8750000000000004 39.500000000000007 7.8750000000000009 1.1715083822748271 54.250000000000007 5.5000000000000009 0.32939395427902596 37.250000000000007 21.500000000000004 63.500000000000007 2.7083333333333335 5.1250000000000009
decision_type=2 10 2 10 10 8 10 8 10 10 10 8 8 10 10 2 8 10 2 10 8 10 10 2 10 10 10 10 8 10 10
left_child=1 -1 3 4 -3 6 11 8 9 -7 -5 -2 -11 -4 -15 16 -9 -17 24 -20 -21 22 23 -22 26 -26 27 28 -19 -25 -31
right_child=5 2 13 10 -6 7 -8 15 -10 12 -12 -13 -14 14 -16 17 -18 18 19 20 21 -23 -24 29 25 -27 -28 -29 -30 30 -32
leaf_value=0.00016017815763682162 0.043636787499102665 -0.070743129832165338 0.020449044965706754 -0.016652316256202167 0.011249306059359802 -0.10851702170937155 -0.12968357228418467 0.063831893443545215 0.019335661805443521 -0.089247244456869587 0.045783032767707767 -0.050374301127305177 -0.0016311199622228954 0.032570200910041813 0.11912513755414325 -0.06709134032901018 -0.07822100483372002 -0.063055876455255455 0.013266543761907036 -0.049043683989693401 0.018321222393654173 0.019609826599488997 0.057321276090437079 0.020602934513824948 -0.098575631383584883 0.040412331548567298 -0.040119995167154518 0.062969008053601019 0.036608351951210434 -0.012010359550772452 -0.089259457412838181
leaf_weight=27535.876986406802 41.335860721766949 74.081802271306515 193.91359331831336 99.904328061733395 64.863324244972318 62.17558654025197 40.793249303475022 18.730586330406368 76.531173659022897 41.169483121484518 137.65624506026506 61.858029445633292 88.03982943482697 77.918032315559685 63.125145131722093 52.358204477000982 68.44297563447617 48.911167870275676 730.03820719057694 262.92491144314408 106.27224710118026 350.07316116476431 54.354909871704876 48.385928452014923 48.450828610453755 40.732333704363555 52.476715790573508 232.32121269777417 108.38823063112795 84.646440767683089 168.34991320595145
leaf_count=171490 168 390 577 470 268 457 285 85 362 311 433 328 415 312 140 469 860 279 3016 1707 485 1759 213 182 336 158 309 771 418 394 1127
internal_value=0 0.000657094 0.0198893 0.000338828 -0.0324669 -0.00672139 -0.0458548 -0.00466775 -0.0339106 -0.0552028 0.0195263 -0.0127167 -0.0295479 0.0418649 0.0713086 -0.00150334 -0.0476987 0.000182528 0.00169017 -0.00350611 -0.0148964 -0.00384069 -0.0216096 -0.0321339 0.0193447 -0.0350961 0.0303269 0.0398152 0.00561844 -0.0499252 -0.0634138
internal_weight=0 28247.3 711.462 376.506 138.945 2887.76 143.987 2743.77 267.916 191.385 237.561 103.194 129.209 334.957 141.043 2475.86 87.1736 2388.68 2336.33 1805.05 1075.01 812.083 462.009 407.655 531.28 89.1832 442.097 389.621 157.299 301.382 252.996
internal_count=188974 174080 2590 1561 658 14894 781 14113 1545 1183 903 496 726 1029 452 12568 945 11623 11154 8883 5867 4160 2401 2188 2271 494 1777 1468 697 1703 1521
is_linear=0
shrinkage=0.1


Tree=96
num_leaves=32
num_cat=0
split_feature=3 60 16 74 93 46 82 31 45 11 22 63 53 86 73 67 58 92 21 13 30 70 30 56 41 84 82 90 2 86 55
split_gain=13.5672 29.7257 37.6822 37.4266 36.1834 38.4418 38.5649 81.4382 40.5483 37.8839 38.2987 37.5265 35.5903 40.2611 35.9979 44.596 33.4069 31.8477 37.8243 31.7024 31.3299 32.0265 31.077 30.7616 30.3816 47.1781 29.3091 28.645 28.5275 28.3566 40.8523
threshold=53.500000000000007 4.5000000000000009 40.350000000000001 10.500000000000002 0.066245237784397712 8.5000000000000018 13.500000000000002 7.1250000000000009 4.5833333333333348 11.500000000000002 1.0000000180025095e-35 -0.96306862434061713 5.5000000000000009 71.500000000000014 5.1250000000000009 4.5000000000000009 35.850000000000001 0.036530617831430807 0.69919202918152978 22.850000000000005 37.250000000000007 475.00000000000006 40.550000000000004 493.00000000000006 82.15000000000002 20.500000000000004 62.500000000000007 19.500000000000004 2.5000000000000004 20.500000000000004 9.4500000000000011
decision_type=2 8 10 10 2 8 8 10 8 10 10 8 8 10 8 10 10 2 10 10 10 10 10 10 10 10 10 10 2 10 10
left_child=1 17 4 -4 5 9 -7 8 -8 10 -3 -6 13 24 15 16 -14 18 -1 -17 -12 -22 -19 -16 28 -26 -5 -15 -13 -30 -31
right_child=-2 2 3 26 11 6 7 -9 -10 -11 20 12 14 27 23 19 -18 22 -20 -21 21 -23 -24 -25 25 -27 -28 -29 29 30 -32
leaf_value=-0.062514854588823651 -0.00085596219287414075 -0.12202890635328667 -0.099690708112671514 -0.067108926626222878 -0.088530148815554793 0.17471404309542762 -0.011738622762599371 -0.053699573650802662 0.14915730448357389 0.070023973364548117 0.075195377288638746 -0.051346047970900338 0.0098207220939598473 0.0089065889039056292 -0.021735577841754308 -0.0015478934348241993 -0.1159755161302837 0.016957790684381236 0.01962048372291933 0.053216729933229026 -0.14083832189550369 0.034136747136766087 0.088759434720731445 -0.10433493198202093 -0.042477701704805436 0.10395837921174358 0.10640860248374057 -0.1016129979806443 0.049062501920108838 0.04828377483955195 -0.035774205960670595
leaf_weight=109.49462751112878 26862.170359986485 34.798575284541585 74.700557692383882 19.1234818585217 51.510223201476038 27.352230560500175 21.234589964151382 51.727178162836935 59.699421731173061 49.593446316896006 34.445934860734269 59.337935603922233 38.515291392803192 47.511545526562259 641.32115333661204 270.62655365420505 46.716131733730435 1545.3049197490327 114.90572565095499 173.45345801813528 20.976027802331373 20.86668037599884 62.726424773223698 48.496920570731163 28.800540887867101 93.190360693959519 19.827443225774914 46.309677778743207 211.69972147699445 98.201523350551724 140.59348615678027
leaf_count=814 159958 488 1832 268 459 248 214 1405 751 325 170 554 178 280 7427 1050 357 5924 556 1033 296 106 184 473 442 562 136 382 939 315 848
internal_value=0 0.00521658 -0.00203378 -0.0582526 0.000723845 0.0319027 0.0665971 0.0443054 0.106943 -0.0026477 -0.035091 -0.00428489 -0.00205353 0.015481 -0.0124904 0.00712632 -0.0591294 0.0148338 -0.0204569 0.0198427 0.00456512 -0.0535794 0.0197586 -0.0275426 0.0245578 0.0693866 0.0212178 -0.0456453 0.0138313 0.0224163 -0.00120639
internal_weight=0 4263.06 2430.63 113.651 2316.98 320.694 160.013 132.661 80.934 160.681 111.087 1996.28 1944.77 725.645 1219.13 529.311 85.2314 1832.43 224.4 444.08 76.2886 41.8427 1608.03 689.818 631.824 121.991 38.9509 93.8212 509.833 450.495 238.795
internal_count=188974 29016 21538 2236 19302 4003 2618 2370 965 1385 1060 15299 14840 4322 10518 2618 535 7478 1370 2083 572 402 6108 7900 3660 1004 404 662 2656 2102 1163
is_linear=0
shrinkage=0.1


Tree=97
num_leaves=32
num_cat=0
split_feature=82 67 84 29 32 45 59 26 19 35 69 48 14 71 66 63 45 92 84 57 90 92 19 86 29 55 25 29 86 7 92
split_gain=13.1996 42.6901 31.2411 30.1475 33.189 33.4528 26.617 28.6818 25.528 24.1672 23.3226 22.6942 23.4418 22.536 21.3654 25.2334 26.1036 20.8471 17.3007 16.3906 27.6387 28.4049 25.6019 25.583 22.469 18.2806 15.6451 25.7945 24.9582 24.3878 27.6921
threshold=175.50000000000003 5.5000000000000009 27.500000000000004 4.5000000000000009 6.5000000000000009 4.7083333333333348 11.875000000000002 52.250000000000007 1850.0000000000002 0.59667375099073661 21.850000000000005 6.5000000000000009 515.00000000000011 -2.4999999999999996 1.0000000180025095e-35 -0.3113452844134314 6.7083333333333348 0.11236284162244646 56.500000000000007 -12.499999999999998 61.500000000000007 0.089454781155514071 1950.0000000000002 69.500000000000014 -2.4999999999999996 38.150000000000013 3.5000000000000004 -14.499999999999998 211.50000000000003 2.5000000000000004 0.04894119856635306
decision_type=10 10 8 8 10 10 10 10 10 10 8 10 10 10 10 10 10 2 8 8 10 2 10 8 10 10 8 10 10 2 2
left_child=19 2 9 4 17 -6 7 -3 -5 10 -2 12 13 -9 15 16 -15 -4 -16 20 22 25 23 24 -1 -22 27 -21 29 30 -29
right_child=1 6 3 8 5 -7 -8 11 -10 -11 -12 -13 -14 14 18 -17 -18 -19 -20 26 21 -23 -24 -25 -26 -27 -28 28 -30 -31 -32
leaf_value=0.095438833388876543 0.024149853605007581 0.054335731463760528 -0.015788413609067062 -0.11097049537726751 0.0033846694871249288 0.12562631687026835 -0.11845989244949365 -0.12863283102383363 0.035828234770637186 -0.10840263703145898 -0.078918221633389199 0.01884072547240519 0.020078632644351758 -0.14041069543320669 -0.13848500506827041 -8.9739157412310077e-05 -0.0090851716342867286 0.057944581513451977 -0.030878705567923277 0.066621779307714055 -0.16217744079833404 0.00013691895714208809 -0.075333240313020716 -0.045020968240399056 0.0060365333562615725 -0.051547894238356387 0.0017614687148678069 -0.016391271697438481 -0.065609178341836535 0.058248039495830455 -0.00066618027764909615
leaf_weight=45.319239612203091 72.30905326642096 39.864513179287314 99.2468042075634 26.513515279511921 33.28063434176147 68.392345054191537 33.925643890164793 37.612478436902165 21.413220032351092 30.491611964767799 31.527145573578309 65.699104023166001 46.46738298702985 32.714863664470613 37.543295867973939 115.45301288040355 28.167447955347598 62.490692622959614 24.818453352898359 51.569063789909706 31.335429053753614 39.103006608784199 38.736172488192096 50.338780376594514 74.036588269285858 28.540935996454209 23504.688209959597 1465.3200050984742 65.901399836875498 62.819537112023681 4750.3145445499686
leaf_count=169 308 180 525 344 322 387 385 339 98 319 369 290 210 253 351 604 167 158 145 236 282 149 287 433 378 276 143089 13584 440 269 23628
internal_value=0 -0.0119052 0.0101789 0.0275699 0.0408434 0.0856129 -0.0331962 -0.0264431 -0.0453822 -0.0301292 -0.00714407 -0.0347324 -0.0456369 -0.0566883 -0.0453517 -0.0275599 -0.0796524 0.0126999 -0.0956603 0.000332054 -0.0226409 -0.0661529 -0.00197803 0.0147668 0.0399825 -0.109444 0.000568241 -0.00381681 -0.00438936 -0.00374677 -0.00437333
internal_weight=0 907.931 445.665 311.337 263.41 101.673 462.266 428.341 47.9267 134.328 103.836 388.476 322.777 276.31 238.697 176.335 60.8823 161.737 62.3617 30208 307.41 98.9794 208.431 169.695 119.356 59.8764 29900.6 6395.92 6344.36 6278.45 6215.63
internal_count=188974 5754 2830 1834 1392 709 2924 2539 442 996 677 2359 2069 1859 1520 1024 420 683 496 183220 1974 707 1267 980 547 558 181246 38157 37921 37481 37212
is_linear=0
shrinkage=0.1


Tree=98
num_leaves=32
num_cat=0
split_feature=35 45 14 10 32 11 73 82 29 89 18 25 84 15 67 10 56 72 30 67 83 18 48 9 30 55 72 16 6 57 91
split_gain=13.1044 27.5387 28.0053 37.0098 25.3813 43.356 43.3567 46.7299 37.431 35.3261 30.822 29.2865 35.8048 30.6279 29.2071 27.9908 27.4629 29.6104 38.5319 31.877 27.0945 24.9396 48.3921 24.4783 34.5318 33.3478 30.8413 32.3547 31.4116 31.3582 29.6255
threshold=1.0689901040840339 14.125000000000002 453.00000000000006 3.5000000000000004 7.5000000000000009 4.5000000000000009 8.5833333333333339 49.500000000000007 3.5000000000000004 1.0000000180025095e-35 15.500000000000002 8.5000000000000018 49.500000000000007 1.5000000000000002 10.500000000000002 6.5000000000000009 457.00000000000006 35.050000000000004 35.95000000000001 11.500000000000002 95.000000000000014 7.5000000000000009 3.5000000000000004 1.0000000180025095e-35 36.750000000000007 12.450000000000001 36.250000000000007 37.150000000000013 1075.0000000000002 -1.0000000180025095e-35 52.366666666666674
decision_type=10 10 10 2 10 10 10 8 10 8 10 10 10 10 10 2 8 8 10 10 10 10 10 2 10 10 10 10 2 10 2
left_child=-1 4 -3 -4 10 -6 7 9 -8 11 23 12 13 -7 -10 -13 -9 -18 21 -20 -14 -19 -23 24 25 -2 27 -26 -28 -30 -25
right_child=1 2 3 -5 5 6 8 16 14 -11 -12 15 20 -15 -16 -17 17 18 19 -21 -22 22 -24 30 26 -27 28 -29 29 -31 -32
leaf_value=0.00088991887280857245 -0.011706893808188601 -0.12669498517925606 0.04350024352914502 -0.069218647688423507 0.012074283918298491 0.053181277988007175 -0.10675166243373742 -0.11448828289713436 -0.082688618167659489 -0.080364730400617368 -0.084451722424034564 0.055935883719768903 -0.11892589205177684 -0.058888697899624955 0.054728612501416356 -0.025276937962128827 -0.14558370180655719 0.11016711011918008 -0.11379378025646647 0.025834000383544338 0.0056566561953405019 0.12639962374919042 -0.14489817346135545 0.059111733180903583 -0.046940131514319638 0.016806012239819465 0.025834345514648895 0.051245178606108249 -0.11631941416265996 -0.039335075866316516 0.007182576183526951
leaf_weight=25957.858611977717 879.24358738551382 33.771667128079571 48.856622208841145 72.138947806321084 381.15482352208346 75.720563488081098 113.94795269705355 58.351164540392347 29.3318503764458 47.79700399201829 42.025459544733167 164.86650602100417 46.728844787925482 35.970127712003887 32.721318349707872 57.150475707836449 20.311691948678344 29.33538243919611 46.078298426582478 25.343597946222872 27.867661564610898 11.895797873148696 14.69878141232766 118.71026113582775 56.702446362935007 768.90203264448792 53.705536567140371 82.237640129867941 69.012988387607038 226.77647749800235 1473.7239927891642
leaf_count=158632 4135 492 289 684 2929 402 1465 827 344 856 362 772 392 273 209 375 206 84 786 188 172 244 215 453 322 3746 185 308 487 1192 6948
internal_value=0 -0.00463441 -0.0461776 -0.0237041 -0.003346 -0.0158882 -0.0286048 -0.0168784 -0.0727197 0.000976147 0.000709204 0.0104981 -0.0187396 0.017089 -0.010227 0.0350305 -0.056407 -0.0334555 -0.0155719 -0.0642478 -0.0723845 0.0465867 -0.0235462 0.00166896 -0.00532568 0.00159511 -0.0286788 0.011175 -0.0445224 -0.0572969 0.0110537
internal_weight=0 5145.08 154.767 120.996 4990.31 1219.27 838.117 662.116 176.001 456.101 3771.04 408.304 186.287 111.691 62.0532 222.017 206.015 147.664 127.352 71.4219 74.5965 55.93 26.5946 3729.01 2136.58 1648.15 488.435 138.94 349.495 295.789 1592.43
internal_count=188974 30342 1465 973 28877 10739 7810 5792 2018 3242 18138 2386 1239 675 553 1147 2550 1723 1517 974 564 543 459 17776 10375 7881 2494 630 1864 1679 7401
is_linear=0
shrinkage=0.1


Tree=99
num_leaves=32
num_cat=0
split_feature=73 53 60 72 84 49 77 58 56 90 74 39 92 28 90 82 28 40 92 41 88 77 57 44 86 44 90 55 41 88 85
split_gain=12.9304 48.965 47.4871 33.4611 41.5299 32.3003 35.3807 31.3896 30.7534 30.675 35.5387 29.2047 29.3933 31.9966 29.5887 28.7314 27.9334 27.558 31.4259 30.6599 37.6534 29.7234 45.9568 29.2874 27.1551 26.9714 27.1517 26.9841 26.1693 40.4032 26.0183
threshold=10.41666666666667 9.5000000000000018 14.500000000000002 34.650000000000013 87.500000000000014 -1.8491194572753293 -0.8568889790715809 34.550000000000004 435.00000000000006 21.500000000000004 9.5000000000000018 8.5000000000000018 0.10821127657856246 493.00000000000006 98.500000000000014 48.500000000000007 461.00000000000006 56.750000000000007 0.043285005769545061 19.450000000000003 55.500000000000007 0.66990109255558894 3.5000000000000004 37.95000000000001 14.500000000000002 36.650000000000013 56.500000000000007 26.150000000000002 102.15000000000002 20.500000000000004 145.00000000000003
decision_type=10 10 10 10 10 10 10 10 10 10 10 10 2 10 10 10 10 10 2 10 8 10 10 10 10 10 8 10 10 10 10
left_child=-1 2 17 4 7 -5 -7 9 -8 10 -3 12 13 14 24 16 -4 18 21 -19 28 30 -23 -22 -10 -26 27 -27 -21 -30 -2
right_child=1 3 15 5 -6 6 8 -9 11 -11 -12 -13 -14 -15 -16 -17 -18 19 -20 20 23 22 -24 -25 25 26 -28 -29 29 -31 -32
leaf_value=-0.00094794863889170397 0.026982574369248676 -0.0054761107510934446 -0.06904310603945657 -0.11999576849153515 -0.082478462216375559 0.041729800629252599 -0.066081474560033687 0.058308141480654975 -0.13821761290562268 -0.063677865272550011 0.097964220527072376 -0.0019462886311072927 0.015278454045177692 -0.1099121605518201 0.052012203820632985 0.10477331236804077 0.05627753086306006 0.0092707209945541939 0.0071300849077012302 -0.11333121028421367 -0.030802692489850705 0.083744471458528105 -0.034759772433762964 0.081053782656281312 0.0051073905583599449 -0.1116801938212108 -0.15566124696718309 0.01838543504120415 0.11171943322304237 -0.11257907587832555 -0.046384750320478826
leaf_weight=25797.556179657404 331.10209463816136 123.65427860757336 23.979646801482886 29.117055909242481 38.977318777702749 106.88930031331256 121.24318111711182 168.81060133874416 28.136639165692031 54.980626530013978 45.411775699816644 785.54523858148605 90.732948401942849 68.276431742589921 35.417996908072382 83.415189842227846 68.861478383652866 292.07745100138709 2100.8873324221931 77.53987786732614 86.740615458693355 180.4996818008367 39.972304727649316 32.059043405810371 93.355988651514053 27.537845801562071 26.913720337674022 37.908810843713582 15.290045022498814 16.915491387713701 56.598940854892135
leaf_count=156363 2543 646 340 258 280 554 1269 708 302 373 212 5409 318 622 188 403 462 1329 10635 866 778 1269 368 202 541 210 295 298 136 273 524
internal_value=0 0.00447981 0.011634 -0.00846113 0.0159755 -0.0157334 -0.0135984 0.0257436 -0.0180955 0.0012075 0.0223083 -0.0132221 -0.0349173 -0.0492597 -0.0326468 0.0621788 0.0239089 0.00887554 0.012925 -0.0121958 -0.0396296 0.0329431 0.0622593 -0.000617323 -0.0466678 -0.0327978 -0.0711115 -0.036342 -0.0818606 -0.00609011 0.016272
internal_weight=0 5288.85 3405.94 1882.91 431.835 1451.08 1421.96 392.857 1315.07 224.047 169.066 1193.83 408.28 317.547 249.271 176.256 92.8411 3229.68 2709.06 520.623 228.545 608.173 220.472 118.8 213.853 185.716 92.3604 65.4467 109.745 32.2055 387.701
internal_count=188974 32611 20128 12483 2219 10264 10006 1939 9452 1231 858 8183 2774 2456 1834 1205 802 18923 15339 3584 2255 4704 1637 980 1646 1344 803 508 1275 409 3067
is_linear=0
shrinkage=0.1


end of trees

feature_importances:
日付差=214
着順1=164
勝率=144
オッズ1=141
上がり1=106
オッズ5=76
オッズ2=75
オッズ4=69
日付差4=62
齢=61
クラス=60
着順2=60
日付差1=60
日付差3=59
通過順1=58
通過順5=56
オッズ3=52
距離差=49
走破時間1=48
体重5=47
通過順2=46
日付差2=44
走破時間3=43
馬番=42
複勝率=41
斤量=40
上がり2=40
通過順3=40
走破時間5=39
場id=38
上がり4=38
上がり5=37
距離=36
上がり3=36
走破時間2=35
体重1=34
通過順4=33
着順3=31
体重変化5=30
芝・ダート=29
クラス3=29
体重4=29
馬番1=27
クラス5=27
走破時間4=25
平均斤量=25
連対率=25
クラス1=24
体重変化2=22
馬番5=21
馬番2=20
体重2=20
馬番4=20
着順4=20
体重変化1=19
馬番3=19
着順5=19
距離差4=19
体重3=18
クラス4=18
距離差1=18
斤量2=16
斤量5=16
体重変化3=15
距離差2=12
クラス2=11
距離1=10
斤量3=10
体重変化4=10
斤量4=9
馬場4=9
距離差3=9
天気=8
回り=7
芝・ダート1=7
天気1=6
天気2=6
馬場2=6
距離4=6
芝・ダート4=6
天気5=6
馬場3=5
斤量1=4
距離2=4
天気3=4
馬場5=4
性=3
天気4=3
距離5=3
馬場=2
馬場1=2
芝・ダート5=2
距離3=1
芝・ダート3=1

parameters:
[boosting: gbdt]
[objective: binary]
[metric: binary_logloss]
[tree_learner: serial]
[device_type: cpu]
[data_sample_strategy: bagging]
[data: ]
[valid: ]
[num_iterations: 100]
[learning_rate: 0.1]
[num_leaves: 32]
[num_threads: 8]
[seed: 42]
[deterministic: 0]
[force_col_wise: 0]
[force_row_wise: 0]
[histogram_pool_size: -1]
[max_depth: -1]
[min_data_in_leaf: 190]
[min_sum_hessian_in_leaf: 0.001]
[bagging_fraction: 1]
[pos_bagging_fraction: 1]
[neg_bagging_fraction: 1]
[bagging_freq: 0]
[bagging_seed: 400]
[feature_fraction: 1]
[feature_fraction_bynode: 1]
[feature_fraction_seed: 30056]
[extra_trees: 0]
[extra_seed: 12879]
[early_stopping_round: 0]
[first_metric_only: 0]
[max_delta_step: 0]
[lambda_l1: 0]
[lambda_l2: 0]
[linear_lambda: 0]
[min_gain_to_split: 0]
[drop_rate: 0.1]
[max_drop: 50]
[skip_drop: 0.5]
[xgboost_dart_mode: 0]
[uniform_drop: 0]
[drop_seed: 17869]
[top_rate: 0.2]
[other_rate: 0.1]
[min_data_per_group: 100]
[max_cat_threshold: 32]
[cat_l2: 10]
[cat_smooth: 10]
[max_cat_to_onehot: 4]
[top_k: 20]
[monotone_constraints: ]
[monotone_constraints_method: basic]
[monotone_penalty: 0]
[feature_contri: ]
[forcedsplits_filename: ]
[refit_decay_rate: 0.9]
[cegb_tradeoff: 1]
[cegb_penalty_split: 0]
[cegb_penalty_feature_lazy: ]
[cegb_penalty_feature_coupled: ]
[path_smooth: 0]
[interaction_constraints: ]
[verbosity: 1]
[saved_feature_importance_type: 0]
[use_quantized_grad: 0]
[num_grad_quant_bins: 4]
[quant_train_renew_leaf: 0]
[stochastic_rounding: 1]
[linear_tree: 0]
[max_bin: 255]
[max_bin_by_feature: ]
[min_data_in_bin: 3]
[bin_construct_sample_cnt: 200000]
[data_random_seed: 175]
[is_enable_sparse: 1]
[enable_bundle: 1]
[use_missing: 1]
[zero_as_missing: 0]
[feature_pre_filter: 1]
[pre_partition: 0]
[two_round: 0]
[header: 0]
[label_column: ]
[weight_column: ]
[group_column: ]
[ignore_column: ]
[categorical_feature: ]
[forcedbins_filename: ]
[precise_float_parser: 0]
[parser_config_file: ]
[objective_seed: 16083]
[num_class: 1]
[is_unbalance: 0]
[scale_pos_weight: 1]
[sigmoid: 1]
[boost_from_average: 1]
[reg_sqrt: 0]
[alpha: 0.9]
[fair_c: 1]
[poisson_max_delta_step: 0.7]
[tweedie_variance_power: 1.5]
[lambdarank_truncation_level: 30]
[lambdarank_norm: 1]
[label_gain: ]
[lambdarank_position_bias_regularization: 0]
[eval_at: ]
[multi_error_top_k: 1]
[auc_mu_weights: ]
[num_machines: 1]
[local_listen_port: 12400]
[time_out: 120]
[machine_list_filename: ]
[machines: ]
[gpu_platform_id: -1]
[gpu_device_id: -1]
[gpu_use_dp: 0]
[num_gpu: 1]

end of parameters

pandas_categorical:[]
